path,label
dataset/images/lab/Auto_cropped/chionanthus_virginicus/pi2214-03-1.jpg,chionanthus_virginicus
dataset/images/field/acer_palmatum/13001152965577.jpg,acer_palmatum
dataset/images/lab/Auto_cropped/acer_rubrum/pi2608-02-3.jpg,acer_rubrum
dataset/images/field/cryptomeria_japonica/13001326972313.jpg,cryptomeria_japonica
dataset/images/field/prunus_virginiana/13002166691101.jpg,prunus_virginiana
dataset/images/lab/Auto_cropped/chionanthus_virginicus/pi2217-01-1.jpg,chionanthus_virginicus
dataset/images/lab/Auto_cropped/maclura_pomifera/pi2235-05-3.jpg,maclura_pomifera
dataset/images/field/staphylea_trifolia/13291710343554.jpg,staphylea_trifolia
dataset/images/lab/Auto_cropped/ptelea_trifoliata/pi0003-06-1.jpg,ptelea_trifoliata
dataset/images/lab/Auto_cropped/carya_cordiformis/pi2337-09-4.jpg,carya_cordiformis
dataset/images/lab/Auto_cropped/prunus_virginiana/wb1319-01-3.jpg,prunus_virginiana
dataset/images/field/ostrya_virginiana/13001985585580.jpg,ostrya_virginiana
dataset/images/field/acer_rubrum/13001155902345.jpg,acer_rubrum
dataset/images/lab/Auto_cropped/acer_rubrum/pi2773-08-2.jpg,acer_rubrum
dataset/images/field/quercus_montana/13292231171829.jpg,quercus_montana
dataset/images/field/ulmus_americana/1249315489_0002.jpg,ulmus_americana
dataset/images/lab/Auto_cropped/diospyros_virginiana/pi2201-10-2.jpg,diospyros_virginiana
dataset/images/lab/Auto_cropped/ilex_opaca/pi1021-02-3.jpg,ilex_opaca
dataset/images/lab/Auto_cropped/staphylea_trifolia/pi2196-02-4.jpg,staphylea_trifolia
dataset/images/lab/Auto_cropped/quercus_montana/pi0040-09-3.jpg,quercus_montana
dataset/images/field/styrax_japonica/13002208602856.jpg,styrax_japonica
dataset/images/field/abies_concolor/12995309743932.jpg,abies_concolor
dataset/images/lab/Auto_cropped/broussonettia_papyrifera/wb1389-05-2.jpg,broussonettia_papyrifera
dataset/images/field/aesculus_pavi/13033299106306.jpg,aesculus_pavi
dataset/images/lab/Auto_cropped/ulmus_rubra/pi2613-05-3.jpg,ulmus_rubra
dataset/images/lab/Auto_cropped/ptelea_trifoliata/pi0004-11-3.jpg,ptelea_trifoliata
dataset/images/lab/Auto_cropped/acer_palmatum/wb1128-01-3.jpg,acer_palmatum
dataset/images/lab/Auto_cropped/ptelea_trifoliata/pi0006-02-4.jpg,ptelea_trifoliata
dataset/images/lab/Auto_cropped/carya_cordiformis/pi0055-02-3.jpg,carya_cordiformis
dataset/images/lab/Auto_cropped/ulmus_pumila/ny1049-09-1.jpg,ulmus_pumila
dataset/images/lab/Auto_cropped/liriodendron_tulipifera/pi2247-05-3.jpg,liriodendron_tulipifera
dataset/images/field/styrax_japonica/13002208607054.jpg,styrax_japonica
dataset/images/lab/Auto_cropped/ulmus_americana/pi2486-11-2.jpg,ulmus_americana
dataset/images/field/catalpa_bignonioides/13001269150194.jpg,catalpa_bignonioides
dataset/images/field/styrax_japonica/13002208607616.jpg,styrax_japonica
dataset/images/field/styrax_japonica/13002208606420.jpg,styrax_japonica
dataset/images/lab/Auto_cropped/ilex_opaca/pi2630-08-1.jpg,ilex_opaca
dataset/images/field/ulmus_pumila/13291724508224.jpg,ulmus_pumila
dataset/images/lab/Auto_cropped/abies_concolor/ny1179-09-3.jpg,abies_concolor
dataset/images/lab/Auto_cropped/aesculus_pavi/ny1019-09-3.jpg,aesculus_pavi
dataset/images/lab/Auto_cropped/broussonettia_papyrifera/ny1123-08-4.jpg,broussonettia_papyrifera
dataset/images/lab/Auto_cropped/ostrya_virginiana/pi2194-07-2.jpg,ostrya_virginiana
dataset/images/lab/Auto_cropped/acer_negundo/pi2027-02-3.jpg,acer_negundo
dataset/images/lab/Auto_cropped/staphylea_trifolia/pi2464-05-2.jpg,staphylea_trifolia
dataset/images/field/styrax_japonica/13002208601015.jpg,styrax_japonica
dataset/images/lab/Auto_cropped/broussonettia_papyrifera/ny1122-09-1.jpg,broussonettia_papyrifera
dataset/images/lab/Auto_cropped/gleditsia_triacanthos/pi2769-04-3.jpg,gleditsia_triacanthos
dataset/images/lab/Auto_cropped/juglans_cinerea/wb1487-08-2.jpg,juglans_cinerea
dataset/images/field/styrax_japonica/13002208601611.jpg,styrax_japonica
dataset/images/lab/Auto_cropped/diospyros_virginiana/pi2201-01-2.jpg,diospyros_virginiana
dataset/images/lab/Auto_cropped/diospyros_virginiana/pi2200-03-2.jpg,diospyros_virginiana
dataset/images/lab/Auto_cropped/asimina_triloba/pi2179-03-1.jpg,asimina_triloba
dataset/images/lab/Auto_cropped/broussonettia_papyrifera/ny1122-03-3.jpg,broussonettia_papyrifera
dataset/images/lab/Auto_cropped/liriodendron_tulipifera/pi2247-05-4.jpg,liriodendron_tulipifera
dataset/images/field/ostrya_virginiana/13001985587681.jpg,ostrya_virginiana
dataset/images/lab/Auto_cropped/catalpa_bignonioides/pi2718-03-4.jpg,catalpa_bignonioides
dataset/images/lab/Auto_cropped/acer_rubrum/pi2609-04-4.jpg,acer_rubrum
dataset/images/lab/Auto_cropped/diospyros_virginiana/pi0196-09-4.jpg,diospyros_virginiana
dataset/images/lab/Auto_cropped/broussonettia_papyrifera/wb1390-03-1.jpg,broussonettia_papyrifera
dataset/images/lab/Auto_cropped/ulmus_rubra/pi2613-03-3.jpg,ulmus_rubra
dataset/images/lab/Auto_cropped/acer_palmatum/wb1129-05-3.jpg,acer_palmatum
dataset/images/lab/Auto_cropped/ostrya_virginiana/pi2194-03-4.jpg,ostrya_virginiana
dataset/images/field/ulmus_pumila/13291724509190.jpg,ulmus_pumila
dataset/images/field/prunus_virginiana/13002169492013.jpg,prunus_virginiana
dataset/images/lab/Auto_cropped/broussonettia_papyrifera/wb1390-05-1.jpg,broussonettia_papyrifera
dataset/images/lab/Auto_cropped/ilex_opaca/pi2490-06-1.jpg,ilex_opaca
dataset/images/lab/Auto_cropped/prunus_sargentii/ny1095-04-2.jpg,prunus_sargentii
dataset/images/lab/Auto_cropped/cercis_canadensis/pi0015-05-2.jpg,cercis_canadensis
dataset/images/lab/Auto_cropped/quercus_montana/pi0036-01-3.jpg,quercus_montana
dataset/images/field/chionanthus_virginicus/13001305195292.jpg,chionanthus_virginicus
dataset/images/lab/Auto_cropped/maclura_pomifera/pi2775-10-4.jpg,maclura_pomifera
dataset/images/lab/Auto_cropped/acer_negundo/pi2025-04-2.jpg,acer_negundo
dataset/images/lab/Auto_cropped/abies_concolor/ny1179-06-1.jpg,abies_concolor
dataset/images/lab/Auto_cropped/broussonettia_papyrifera/wb1390-01-4.jpg,broussonettia_papyrifera
dataset/images/lab/Auto_cropped/acer_negundo/pi2028-03-3.jpg,acer_negundo
dataset/images/field/carya_cordiformis/13001257145718.jpg,carya_cordiformis
dataset/images/field/liriodendron_tulipifera/12992002746804.jpg,liriodendron_tulipifera
dataset/images/lab/Auto_cropped/prunus_virginiana/wb1319-10-3.jpg,prunus_virginiana
dataset/images/lab/Auto_cropped/fraxinus_nigra/ny1053-10-1.jpg,fraxinus_nigra
dataset/images/lab/Auto_cropped/quercus_muehlenbergii/wb1531-04-1.jpg,quercus_muehlenbergii
dataset/images/lab/Auto_cropped/ilex_opaca/pi0056-07-4.jpg,ilex_opaca
dataset/images/lab/Auto_cropped/chionanthus_virginicus/pi0034-06-3.jpg,chionanthus_virginicus
dataset/images/lab/Auto_cropped/diospyros_virginiana/pi2200-04-4.jpg,diospyros_virginiana
dataset/images/lab/Auto_cropped/abies_concolor/ny1157-24-2.jpg,abies_concolor
dataset/images/lab/Auto_cropped/quercus_montana/pi0039-01-4.jpg,quercus_montana
dataset/images/lab/Auto_cropped/acer_rubrum/pi2609-03-3.jpg,acer_rubrum
dataset/images/lab/Auto_cropped/gleditsia_triacanthos/pi2768-03-2.jpg,gleditsia_triacanthos
dataset/images/field/abies_concolor/12995309749937.jpg,abies_concolor
dataset/images/field/prunus_virginiana/13002169497528.jpg,prunus_virginiana
dataset/images/field/quercus_montana/13292231177222.jpg,quercus_montana
dataset/images/field/acer_palmatum/13001152963635.jpg,acer_palmatum
dataset/images/lab/Auto_cropped/cercis_canadensis/pi0014-06-1.jpg,cercis_canadensis
dataset/images/field/acer_rubrum/13001155900043.jpg,acer_rubrum
dataset/images/lab/Auto_cropped/carya_cordiformis/pi0054-05-3.jpg,carya_cordiformis
dataset/images/lab/Auto_cropped/ulmus_pumila/ny1050-09-1.jpg,ulmus_pumila
dataset/images/field/cryptomeria_japonica/13001326978622.jpg,cryptomeria_japonica
dataset/images/field/acer_palmatum/13001152963580.jpg,acer_palmatum
dataset/images/lab/Auto_cropped/cercis_canadensis/pi0001-03-1.jpg,cercis_canadensis
dataset/images/lab/Auto_cropped/acer_negundo/pi2027-06-2.jpg,acer_negundo
dataset/images/lab/Auto_cropped/ulmus_rubra/pi2614-08-3.jpg,ulmus_rubra
dataset/images/field/ulmus_americana/1249315489_0001.jpg,ulmus_americana
dataset/images/lab/Auto_cropped/acer_rubrum/pi2773-10-1.jpg,acer_rubrum
dataset/images/field/abies_concolor/12995309744941.jpg,abies_concolor
dataset/images/lab/Auto_cropped/ulmus_rubra/wb1219-06-4.jpg,ulmus_rubra
dataset/images/field/ostrya_virginiana/13001985588878.jpg,ostrya_virginiana
dataset/images/lab/Auto_cropped/ptelea_trifoliata/pi0007-04-1.jpg,ptelea_trifoliata
dataset/images/lab/Auto_cropped/broussonettia_papyrifera/wb1390-04-2.jpg,broussonettia_papyrifera
dataset/images/lab/Auto_cropped/ptelea_trifoliata/pi0004-02-4.jpg,ptelea_trifoliata
dataset/images/lab/Auto_cropped/carya_cordiformis/pi0054-07-1.jpg,carya_cordiformis
dataset/images/field/ostrya_virginiana/13001985584203.jpg,ostrya_virginiana
dataset/images/field/prunus_virginiana/13002166695903.jpg,prunus_virginiana
dataset/images/lab/Auto_cropped/acer_palmatum/wb1128-01-1.jpg,acer_palmatum
dataset/images/field/gleditsia_triacanthos/12992001142858.jpg,gleditsia_triacanthos
dataset/images/field/liriodendron_tulipifera/12992002529231.jpg,liriodendron_tulipifera
dataset/images/lab/Auto_cropped/fraxinus_nigra/ny1053-07-2.jpg,fraxinus_nigra
dataset/images/field/prunus_virginiana/13010820790199.jpg,prunus_virginiana
dataset/images/field/prunus_virginiana/13002166692284.jpg,prunus_virginiana
dataset/images/lab/Auto_cropped/cercis_canadensis/pi0001-11-2.jpg,cercis_canadensis
dataset/images/field/chionanthus_virginicus/13001305197782.jpg,chionanthus_virginicus
dataset/images/lab/Auto_cropped/gleditsia_triacanthos/pi2769-11-2.jpg,gleditsia_triacanthos
dataset/images/lab/Auto_cropped/broussonettia_papyrifera/ny1124-01-3.jpg,broussonettia_papyrifera
dataset/images/lab/Auto_cropped/asimina_triloba/pi2180-08-3.jpg,asimina_triloba
dataset/images/lab/Auto_cropped/styrax_japonica/ny1001-08-2.jpg,styrax_japonica
dataset/images/lab/Auto_cropped/asimina_triloba/pi2181-05-1.jpg,asimina_triloba
dataset/images/lab/Auto_cropped/fraxinus_nigra/ny1053-01-4.jpg,fraxinus_nigra
dataset/images/lab/Auto_cropped/fraxinus_nigra/ny1053-30-1.jpg,fraxinus_nigra
dataset/images/lab/Auto_cropped/carya_cordiformis/pi2337-02-3.jpg,carya_cordiformis
dataset/images/lab/Auto_cropped/diospyros_virginiana/pi2200-04-3.jpg,diospyros_virginiana
dataset/images/field/ulmus_rubra/13002228289962.jpg,ulmus_rubra
dataset/images/field/acer_negundo/13001151163249.jpg,acer_negundo
dataset/images/lab/Auto_cropped/carya_cordiformis/pi1068-01-1.jpg,carya_cordiformis
dataset/images/lab/Auto_cropped/staphylea_trifolia/pi2464-07-2.jpg,staphylea_trifolia
dataset/images/lab/Auto_cropped/ulmus_americana/pi2488-01-1.jpg,ulmus_americana
dataset/images/lab/Auto_cropped/juglans_cinerea/wb1489-06-4.jpg,juglans_cinerea
dataset/images/lab/Auto_cropped/asimina_triloba/pi2180-04-1.jpg,asimina_triloba
dataset/images/lab/Auto_cropped/prunus_sargentii/ny1095-01-4.jpg,prunus_sargentii
dataset/images/field/ulmus_americana/1259110850_0053.jpg,ulmus_americana
dataset/images/lab/Auto_cropped/quercus_muehlenbergii/wb1530-04-1.jpg,quercus_muehlenbergii
dataset/images/lab/Auto_cropped/quercus_muehlenbergii/wb1531-08-3.jpg,quercus_muehlenbergii
dataset/images/lab/Auto_cropped/diospyros_virginiana/pi0196-08-2.jpg,diospyros_virginiana
dataset/images/lab/Auto_cropped/abies_concolor/ny1157-01-3.jpg,abies_concolor
dataset/images/lab/Auto_cropped/quercus_muehlenbergii/wb1531-04-3.jpg,quercus_muehlenbergii
dataset/images/lab/Auto_cropped/cercis_canadensis/pi0001-08-4.jpg,cercis_canadensis
dataset/images/lab/Auto_cropped/acer_rubrum/pi2611-07-1.jpg,acer_rubrum
dataset/images/lab/Auto_cropped/ulmus_rubra/wb1217-01-1.jpg,ulmus_rubra
dataset/images/lab/Auto_cropped/prunus_sargentii/ny1094-13-4.jpg,prunus_sargentii
dataset/images/lab/Auto_cropped/ulmus_rubra/wb1217-06-2.jpg,ulmus_rubra
dataset/images/lab/Auto_cropped/acer_negundo/pi2025-11-3.jpg,acer_negundo
dataset/images/lab/Auto_cropped/ulmus_rubra/pi2614-05-4.jpg,ulmus_rubra
dataset/images/lab/Auto_cropped/maclura_pomifera/pi2719-03-2.jpg,maclura_pomifera
dataset/images/field/styrax_japonica/13002208603476.jpg,styrax_japonica
dataset/images/lab/Auto_cropped/acer_negundo/pi2026-04-4.jpg,acer_negundo
dataset/images/lab/Auto_cropped/ostrya_virginiana/pi1052-03-1.jpg,ostrya_virginiana
dataset/images/lab/Auto_cropped/quercus_montana/pi0037-02-2.jpg,quercus_montana
dataset/images/field/juglans_cinerea/13292191169867.jpg,juglans_cinerea
dataset/images/lab/Auto_cropped/liriodendron_tulipifera/pi0069-05-1.jpg,liriodendron_tulipifera
dataset/images/lab/Auto_cropped/abies_concolor/ny1157-07-1.jpg,abies_concolor
dataset/images/lab/Auto_cropped/ostrya_virginiana/pi1052-02-4.jpg,ostrya_virginiana
dataset/images/lab/Auto_cropped/styrax_japonica/ny1002-10-4.jpg,styrax_japonica
dataset/images/field/acer_palmatum/13001152965893.jpg,acer_palmatum
dataset/images/lab/Auto_cropped/ptelea_trifoliata/pi0003-01-2.jpg,ptelea_trifoliata
dataset/images/lab/Auto_cropped/ptelea_trifoliata/pi1014-02-1.jpg,ptelea_trifoliata
dataset/images/field/fraxinus_nigra/13291804058761.jpg,fraxinus_nigra
dataset/images/lab/Auto_cropped/diospyros_virginiana/pi2201-02-4.jpg,diospyros_virginiana
dataset/images/lab/Auto_cropped/carya_cordiformis/pi0055-08-2.jpg,carya_cordiformis
dataset/images/lab/Auto_cropped/juglans_cinerea/wb1487-08-3.jpg,juglans_cinerea
dataset/images/lab/Auto_cropped/acer_rubrum/pi2773-10-2.jpg,acer_rubrum
dataset/images/lab/Auto_cropped/fraxinus_nigra/ny1053-21-1.jpg,fraxinus_nigra
dataset/images/lab/Auto_cropped/ptelea_trifoliata/pi0006-06-3.jpg,ptelea_trifoliata
dataset/images/lab/Auto_cropped/ulmus_rubra/pi2614-04-2.jpg,ulmus_rubra
dataset/images/lab/Auto_cropped/styrax_japonica/ny1001-09-4.jpg,styrax_japonica
dataset/images/field/ulmus_pumila/13291724505882.jpg,ulmus_pumila
dataset/images/lab/Auto_cropped/liriodendron_tulipifera/pi2248-01-4.jpg,liriodendron_tulipifera
dataset/images/lab/Auto_cropped/ptelea_trifoliata/pi0007-04-3.jpg,ptelea_trifoliata
dataset/images/lab/Auto_cropped/ilex_opaca/pi2630-11-3.jpg,ilex_opaca
dataset/images/lab/Auto_cropped/ostrya_virginiana/pi2462-04-4.jpg,ostrya_virginiana
dataset/images/lab/Auto_cropped/ptelea_trifoliata/pi0003-07-1.jpg,ptelea_trifoliata
dataset/images/lab/Auto_cropped/ilex_opaca/pi2490-04-3.jpg,ilex_opaca
dataset/images/lab/Auto_cropped/ulmus_rubra/pi2615-08-2.jpg,ulmus_rubra
dataset/images/lab/Auto_cropped/ilex_opaca/pi1021-04-1.jpg,ilex_opaca
dataset/images/field/broussonettia_papyrifera/13001252070202.jpg,broussonettia_papyrifera
dataset/images/lab/Auto_cropped/ptelea_trifoliata/pi0006-07-1.jpg,ptelea_trifoliata
dataset/images/lab/Auto_cropped/ulmus_pumila/ny1050-05-1.jpg,ulmus_pumila
dataset/images/lab/Auto_cropped/ilex_opaca/pi2630-01-2.jpg,ilex_opaca
dataset/images/lab/Auto_cropped/quercus_montana/pi0037-01-1.jpg,quercus_montana
dataset/images/lab/Auto_cropped/acer_rubrum/pi2611-07-2.jpg,acer_rubrum
dataset/images/field/acer_palmatum/13001152961924.jpg,acer_palmatum
dataset/images/lab/Auto_cropped/ostrya_virginiana/pi2195-02-4.jpg,ostrya_virginiana
dataset/images/lab/Auto_cropped/ulmus_americana/pi2487-01-3.jpg,ulmus_americana
dataset/images/lab/Auto_cropped/abies_concolor/ny1179-07-1.jpg,abies_concolor
dataset/images/lab/Auto_cropped/maclura_pomifera/pi2774-06-2.jpg,maclura_pomifera
dataset/images/lab/Auto_cropped/diospyros_virginiana/pi2200-06-1.jpg,diospyros_virginiana
dataset/images/field/liriodendron_tulipifera/12992002694573.jpg,liriodendron_tulipifera
dataset/images/lab/Auto_cropped/acer_negundo/pi2025-06-3.jpg,acer_negundo
dataset/images/field/acer_palmatum/13001152969555.jpg,acer_palmatum
dataset/images/field/prunus_virginiana/13002169498686.jpg,prunus_virginiana
dataset/images/lab/Auto_cropped/catalpa_bignonioides/pi2784-04-1.jpg,catalpa_bignonioides
dataset/images/lab/Auto_cropped/quercus_muehlenbergii/wb1530-04-4.jpg,quercus_muehlenbergii
dataset/images/lab/Auto_cropped/prunus_virginiana/wb1321-09-1.jpg,prunus_virginiana
dataset/images/field/ulmus_pumila/13291724509093.jpg,ulmus_pumila
dataset/images/field/cryptomeria_japonica/13001326972942.jpg,cryptomeria_japonica
dataset/images/field/styrax_japonica/13002208601646.jpg,styrax_japonica
dataset/images/lab/Auto_cropped/acer_rubrum/pi2611-06-2.jpg,acer_rubrum
dataset/images/lab/Auto_cropped/quercus_montana/pi0039-06-4.jpg,quercus_montana
dataset/images/lab/Auto_cropped/chionanthus_virginicus/pi2216-05-3.jpg,chionanthus_virginicus
dataset/images/lab/Auto_cropped/acer_negundo/pi2027-04-2.jpg,acer_negundo
dataset/images/lab/Auto_cropped/abies_concolor/ny1178-02-2.jpg,abies_concolor
dataset/images/lab/Auto_cropped/ulmus_americana/pi2489-09-2.jpg,ulmus_americana
dataset/images/field/acer_palmatum/1259110850_0072.jpg,acer_palmatum
dataset/images/lab/Auto_cropped/ostrya_virginiana/pi2194-05-1.jpg,ostrya_virginiana
dataset/images/lab/Auto_cropped/ulmus_rubra/pi2613-01-4.jpg,ulmus_rubra
dataset/images/field/acer_palmatum/13001152964581.jpg,acer_palmatum
dataset/images/field/ulmus_rubra/13002228282365.jpg,ulmus_rubra
dataset/images/lab/Auto_cropped/staphylea_trifolia/pi0238-02-3.jpg,staphylea_trifolia
dataset/images/lab/Auto_cropped/ptelea_trifoliata/pi0019-02-4.jpg,ptelea_trifoliata
dataset/images/lab/Auto_cropped/staphylea_trifolia/pi2463-04-4.jpg,staphylea_trifolia
dataset/images/lab/Auto_cropped/ulmus_americana/pi2488-08-4.jpg,ulmus_americana
dataset/images/lab/Auto_cropped/staphylea_trifolia/pi2197-06-2.jpg,staphylea_trifolia
dataset/images/lab/Auto_cropped/gleditsia_triacanthos/pi2767-04-4.jpg,gleditsia_triacanthos
dataset/images/lab/Auto_cropped/quercus_montana/pi1025-02-4.jpg,quercus_montana
dataset/images/lab/Auto_cropped/ulmus_americana/pi2486-09-1.jpg,ulmus_americana
dataset/images/lab/Auto_cropped/acer_negundo/pi2025-07-3.jpg,acer_negundo
dataset/images/lab/Auto_cropped/chionanthus_virginicus/pi2217-01-4.jpg,chionanthus_virginicus
dataset/images/field/carya_cordiformis/13001257141738.jpg,carya_cordiformis
dataset/images/lab/Auto_cropped/cryptomeria_japonica/ny1055-09-4.jpg,cryptomeria_japonica
dataset/images/lab/Auto_cropped/catalpa_bignonioides/pi2783-01-1.jpg,catalpa_bignonioides
dataset/images/lab/Auto_cropped/ulmus_pumila/ny1050-08-1.jpg,ulmus_pumila
dataset/images/field/ulmus_rubra/13002228288982.jpg,ulmus_rubra
dataset/images/lab/Auto_cropped/diospyros_virginiana/pi0196-09-2.jpg,diospyros_virginiana
dataset/images/lab/Auto_cropped/aesculus_pavi/ny1019-01-3.jpg,aesculus_pavi
dataset/images/field/abies_concolor/12995309745536.jpg,abies_concolor
dataset/images/field/ptelea_trifoliata/13292213863352.jpg,ptelea_trifoliata
dataset/images/lab/Auto_cropped/ostrya_virginiana/pi2462-09-1.jpg,ostrya_virginiana
dataset/images/lab/Auto_cropped/catalpa_bignonioides/pi2783-08-1.jpg,catalpa_bignonioides
dataset/images/field/liriodendron_tulipifera/12992002767203.jpg,liriodendron_tulipifera
dataset/images/field/acer_rubrum/13001155905416.jpg,acer_rubrum
dataset/images/lab/Auto_cropped/acer_palmatum/wb1129-04-1.jpg,acer_palmatum
dataset/images/field/chionanthus_virginicus/13001305192288.jpg,chionanthus_virginicus
dataset/images/lab/Auto_cropped/ostrya_virginiana/pi2462-10-2.jpg,ostrya_virginiana
dataset/images/lab/Auto_cropped/quercus_muehlenbergii/wb1530-10-4.jpg,quercus_muehlenbergii
dataset/images/lab/Auto_cropped/fraxinus_nigra/ny1053-15-1.jpg,fraxinus_nigra
dataset/images/field/acer_rubrum/13001155908171.jpg,acer_rubrum
dataset/images/lab/Auto_cropped/broussonettia_papyrifera/wb1390-01-2.jpg,broussonettia_papyrifera
dataset/images/lab/Auto_cropped/liriodendron_tulipifera/pi2247-07-3.jpg,liriodendron_tulipifera
dataset/images/lab/Auto_cropped/gleditsia_triacanthos/pi2767-06-2.jpg,gleditsia_triacanthos
dataset/images/lab/Auto_cropped/quercus_montana/pi1025-07-1.jpg,quercus_montana
dataset/images/lab/Auto_cropped/diospyros_virginiana/pi2199-06-3.jpg,diospyros_virginiana
dataset/images/lab/Auto_cropped/ostrya_virginiana/pi2195-05-3.jpg,ostrya_virginiana
dataset/images/lab/Auto_cropped/aesculus_pavi/ny1019-03-1.jpg,aesculus_pavi
dataset/images/field/ulmus_pumila/13291724505361.jpg,ulmus_pumila
dataset/images/lab/Auto_cropped/diospyros_virginiana/pi2200-07-2.jpg,diospyros_virginiana
dataset/images/field/carya_cordiformis/13001257143242.jpg,carya_cordiformis
dataset/images/lab/Auto_cropped/broussonettia_papyrifera/wb1390-08-2.jpg,broussonettia_papyrifera
dataset/images/lab/Auto_cropped/ulmus_americana/pi2488-04-2.jpg,ulmus_americana
dataset/images/lab/Auto_cropped/ilex_opaca/pi2490-08-1.jpg,ilex_opaca
dataset/images/lab/Auto_cropped/ulmus_pumila/ny1049-05-3.jpg,ulmus_pumila
dataset/images/lab/Auto_cropped/fraxinus_nigra/ny1053-21-4.jpg,fraxinus_nigra
dataset/images/lab/Auto_cropped/acer_negundo/pi2026-09-1.jpg,acer_negundo
dataset/images/field/chionanthus_virginicus/13001305192298.jpg,chionanthus_virginicus
dataset/images/lab/Auto_cropped/ulmus_rubra/pi2534-05-2.jpg,ulmus_rubra
dataset/images/lab/Auto_cropped/staphylea_trifolia/pi2196-10-1.jpg,staphylea_trifolia
dataset/images/lab/Auto_cropped/liriodendron_tulipifera/pi2247-02-4.jpg,liriodendron_tulipifera
dataset/images/lab/Auto_cropped/abies_concolor/ny1179-03-4.jpg,abies_concolor
dataset/images/lab/Auto_cropped/styrax_japonica/ny1002-05-3.jpg,styrax_japonica
dataset/images/field/juglans_cinerea/13292191162294.jpg,juglans_cinerea
dataset/images/lab/Auto_cropped/ptelea_trifoliata/pi0004-09-2.jpg,ptelea_trifoliata
dataset/images/lab/Auto_cropped/maclura_pomifera/pi2235-07-1.jpg,maclura_pomifera
dataset/images/lab/Auto_cropped/abies_concolor/ny1157-02-1.jpg,abies_concolor
dataset/images/lab/Auto_cropped/acer_rubrum/pi2611-07-4.jpg,acer_rubrum
dataset/images/lab/Auto_cropped/quercus_montana/pi0038-03-1.jpg,quercus_montana
dataset/images/lab/Auto_cropped/abies_concolor/ny1178-09-4.jpg,abies_concolor
dataset/images/field/aesculus_pavi/13291655556692.jpg,aesculus_pavi
dataset/images/lab/Auto_cropped/gleditsia_triacanthos/pi2769-09-2.jpg,gleditsia_triacanthos
dataset/images/lab/Auto_cropped/ilex_opaca/pi0056-03-1.jpg,ilex_opaca
dataset/images/lab/Auto_cropped/gleditsia_triacanthos/pi2769-06-1.jpg,gleditsia_triacanthos
dataset/images/lab/Auto_cropped/abies_concolor/ny1157-02-3.jpg,abies_concolor
dataset/images/field/maclura_pomifera/1259040122_0007.jpg,maclura_pomifera
dataset/images/lab/Auto_cropped/acer_rubrum/pi2773-09-4.jpg,acer_rubrum
dataset/images/lab/Auto_cropped/ulmus_rubra/wb1219-04-3.jpg,ulmus_rubra
dataset/images/lab/Auto_cropped/diospyros_virginiana/pi2198-09-3.jpg,diospyros_virginiana
dataset/images/field/ulmus_rubra/13002228280467.jpg,ulmus_rubra
dataset/images/lab/Auto_cropped/ulmus_americana/pi2489-10-1.jpg,ulmus_americana
dataset/images/lab/Auto_cropped/ptelea_trifoliata/pi0019-09-3.jpg,ptelea_trifoliata
dataset/images/field/carya_cordiformis/13001257142910.jpg,carya_cordiformis
dataset/images/lab/Auto_cropped/liriodendron_tulipifera/pi2249-02-4.jpg,liriodendron_tulipifera
dataset/images/lab/Auto_cropped/ulmus_americana/pi0020-01-1.jpg,ulmus_americana
dataset/images/lab/Auto_cropped/catalpa_bignonioides/pi2784-02-3.jpg,catalpa_bignonioides
dataset/images/lab/Auto_cropped/diospyros_virginiana/pi2201-05-1.jpg,diospyros_virginiana
dataset/images/lab/Auto_cropped/acer_rubrum/pi2611-06-1.jpg,acer_rubrum
dataset/images/lab/Auto_cropped/ilex_opaca/pi0056-07-1.jpg,ilex_opaca
dataset/images/field/ulmus_pumila/13291724502537.jpg,ulmus_pumila
dataset/images/lab/Auto_cropped/liriodendron_tulipifera/pi0068-02-3.jpg,liriodendron_tulipifera
dataset/images/lab/Auto_cropped/abies_concolor/ny1157-22-4.jpg,abies_concolor
dataset/images/lab/Auto_cropped/acer_palmatum/wb1127-09-2.jpg,acer_palmatum
dataset/images/field/cercis_canadensis/12991999217749.jpg,cercis_canadensis
dataset/images/lab/Auto_cropped/ptelea_trifoliata/pi0006-05-2.jpg,ptelea_trifoliata
dataset/images/lab/Auto_cropped/liriodendron_tulipifera/pi2249-07-3.jpg,liriodendron_tulipifera
dataset/images/lab/Auto_cropped/ulmus_rubra/wb1217-06-3.jpg,ulmus_rubra
dataset/images/lab/Auto_cropped/ulmus_pumila/ny1050-02-3.jpg,ulmus_pumila
dataset/images/lab/Auto_cropped/ptelea_trifoliata/pi1014-01-2.jpg,ptelea_trifoliata
dataset/images/lab/Auto_cropped/ostrya_virginiana/pi2195-01-1.jpg,ostrya_virginiana
dataset/images/lab/Auto_cropped/cercis_canadensis/pi0001-07-2.jpg,cercis_canadensis
dataset/images/lab/Auto_cropped/staphylea_trifolia/pi2464-05-4.jpg,staphylea_trifolia
dataset/images/lab/Auto_cropped/diospyros_virginiana/pi2198-07-3.jpg,diospyros_virginiana
dataset/images/lab/Auto_cropped/liriodendron_tulipifera/pi0068-04-1.jpg,liriodendron_tulipifera
dataset/images/lab/Auto_cropped/liriodendron_tulipifera/pi0068-06-4.jpg,liriodendron_tulipifera
dataset/images/field/broussonettia_papyrifera/13001252079643.jpg,broussonettia_papyrifera
dataset/images/lab/Auto_cropped/acer_palmatum/wb1127-06-1.jpg,acer_palmatum
dataset/images/lab/Auto_cropped/juglans_cinerea/wb1489-06-3.jpg,juglans_cinerea
dataset/images/lab/Auto_cropped/acer_negundo/pi2029-03-4.jpg,acer_negundo
dataset/images/lab/Auto_cropped/gleditsia_triacanthos/pi1072-02-2.jpg,gleditsia_triacanthos
dataset/images/lab/Auto_cropped/acer_palmatum/wb1127-10-1.jpg,acer_palmatum
dataset/images/field/cercis_canadensis/12991999096384.jpg,cercis_canadensis
dataset/images/field/abies_concolor/12995309746836.jpg,abies_concolor
dataset/images/lab/Auto_cropped/maclura_pomifera/pi2775-09-3.jpg,maclura_pomifera
dataset/images/lab/Auto_cropped/prunus_sargentii/ny1094-08-2.jpg,prunus_sargentii
dataset/images/lab/Auto_cropped/maclura_pomifera/pi2774-09-2.jpg,maclura_pomifera
dataset/images/lab/Auto_cropped/ptelea_trifoliata/pi0003-08-3.jpg,ptelea_trifoliata
dataset/images/lab/Auto_cropped/quercus_montana/pi0037-10-1.jpg,quercus_montana
dataset/images/lab/Auto_cropped/ostrya_virginiana/pi2462-08-1.jpg,ostrya_virginiana
dataset/images/lab/Auto_cropped/chionanthus_virginicus/pi0034-08-1.jpg,chionanthus_virginicus
dataset/images/lab/Auto_cropped/broussonettia_papyrifera/ny1124-10-4.jpg,broussonettia_papyrifera
dataset/images/lab/Auto_cropped/ulmus_rubra/pi2614-01-1.jpg,ulmus_rubra
dataset/images/lab/Auto_cropped/cercis_canadensis/pi2492-01-4.jpg,cercis_canadensis
dataset/images/lab/Auto_cropped/fraxinus_nigra/ny1053-03-3.jpg,fraxinus_nigra
dataset/images/lab/Auto_cropped/quercus_muehlenbergii/wb1530-10-2.jpg,quercus_muehlenbergii
dataset/images/lab/Auto_cropped/cercis_canadensis/pi0001-05-4.jpg,cercis_canadensis
dataset/images/lab/Auto_cropped/ilex_opaca/pi2630-09-4.jpg,ilex_opaca
dataset/images/field/cryptomeria_japonica/13001326971295.jpg,cryptomeria_japonica
dataset/images/lab/Auto_cropped/acer_rubrum/pi2610-08-1.jpg,acer_rubrum
dataset/images/field/cryptomeria_japonica/13001326977297.jpg,cryptomeria_japonica
dataset/images/lab/Auto_cropped/ostrya_virginiana/pi2194-08-4.jpg,ostrya_virginiana
dataset/images/lab/Auto_cropped/liriodendron_tulipifera/pi2248-07-4.jpg,liriodendron_tulipifera
dataset/images/lab/Auto_cropped/ostrya_virginiana/pi2461-03-4.jpg,ostrya_virginiana
dataset/images/lab/Auto_cropped/acer_palmatum/wb1129-09-1.jpg,acer_palmatum
dataset/images/field/ulmus_pumila/13291724505712.jpg,ulmus_pumila
dataset/images/field/styrax_japonica/13002208602063.jpg,styrax_japonica
dataset/images/lab/Auto_cropped/asimina_triloba/pi2181-09-3.jpg,asimina_triloba
dataset/images/lab/Auto_cropped/catalpa_bignonioides/pi2788-10-1.jpg,catalpa_bignonioides
dataset/images/lab/Auto_cropped/styrax_japonica/ny1002-04-1.jpg,styrax_japonica
dataset/images/lab/Auto_cropped/ostrya_virginiana/pi2195-03-1.jpg,ostrya_virginiana
dataset/images/lab/Auto_cropped/ulmus_americana/pi2488-01-3.jpg,ulmus_americana
dataset/images/lab/Auto_cropped/catalpa_bignonioides/pi2783-06-3.jpg,catalpa_bignonioides
dataset/images/lab/Auto_cropped/prunus_sargentii/ny1095-14-2.jpg,prunus_sargentii
dataset/images/field/prunus_virginiana/13002169493123.jpg,prunus_virginiana
dataset/images/lab/Auto_cropped/cryptomeria_japonica/ny1055-01-2.jpg,cryptomeria_japonica
dataset/images/lab/Auto_cropped/gleditsia_triacanthos/pi2767-01-2.jpg,gleditsia_triacanthos
dataset/images/lab/Auto_cropped/broussonettia_papyrifera/wb1389-04-1.jpg,broussonettia_papyrifera
dataset/images/lab/Auto_cropped/ostrya_virginiana/pi2194-08-1.jpg,ostrya_virginiana
dataset/images/lab/Auto_cropped/broussonettia_papyrifera/wb1390-06-1.jpg,broussonettia_papyrifera
dataset/images/lab/Auto_cropped/ptelea_trifoliata/pi1014-02-4.jpg,ptelea_trifoliata
dataset/images/lab/Auto_cropped/abies_concolor/ny1157-16-2.jpg,abies_concolor
dataset/images/lab/Auto_cropped/quercus_montana/pi0037-10-4.jpg,quercus_montana
dataset/images/field/broussonettia_papyrifera/13001252077969.jpg,broussonettia_papyrifera
dataset/images/field/chionanthus_virginicus/13001305192446.jpg,chionanthus_virginicus
dataset/images/lab/Auto_cropped/staphylea_trifolia/pi0238-04-1.jpg,staphylea_trifolia
dataset/images/field/broussonettia_papyrifera/13001252072857.jpg,broussonettia_papyrifera
dataset/images/lab/Auto_cropped/broussonettia_papyrifera/ny1122-08-3.jpg,broussonettia_papyrifera
dataset/images/field/prunus_sargentii/13292214154245.jpg,prunus_sargentii
dataset/images/lab/Auto_cropped/maclura_pomifera/pi2719-06-3.jpg,maclura_pomifera
dataset/images/lab/Auto_cropped/asimina_triloba/pi2178-08-2.jpg,asimina_triloba
dataset/images/lab/Auto_cropped/diospyros_virginiana/pi2199-02-2.jpg,diospyros_virginiana
dataset/images/lab/Auto_cropped/acer_rubrum/pi2609-03-2.jpg,acer_rubrum
dataset/images/lab/Auto_cropped/asimina_triloba/pi2179-10-3.jpg,asimina_triloba
dataset/images/lab/Auto_cropped/styrax_japonica/ny1001-04-2.jpg,styrax_japonica
dataset/images/lab/Auto_cropped/ostrya_virginiana/pi2195-05-1.jpg,ostrya_virginiana
dataset/images/field/staphylea_trifolia/13291710349276.jpg,staphylea_trifolia
dataset/images/lab/Auto_cropped/ulmus_rubra/pi2615-02-1.jpg,ulmus_rubra
dataset/images/field/staphylea_trifolia/13291710341311.jpg,staphylea_trifolia
dataset/images/lab/Auto_cropped/prunus_sargentii/ny1095-04-4.jpg,prunus_sargentii
dataset/images/lab/Auto_cropped/acer_negundo/pi2029-04-4.jpg,acer_negundo
dataset/images/lab/Auto_cropped/ulmus_americana/pi2488-07-3.jpg,ulmus_americana
dataset/images/field/juglans_cinerea/13292191161209.jpg,juglans_cinerea
dataset/images/lab/Auto_cropped/cryptomeria_japonica/ny1055-09-2.jpg,cryptomeria_japonica
dataset/images/lab/Auto_cropped/ptelea_trifoliata/pi0019-09-4.jpg,ptelea_trifoliata
dataset/images/lab/Auto_cropped/broussonettia_papyrifera/wb1388-08-3.jpg,broussonettia_papyrifera
dataset/images/lab/Auto_cropped/fraxinus_nigra/ny1053-26-1.jpg,fraxinus_nigra
dataset/images/lab/Auto_cropped/acer_rubrum/pi2611-11-2.jpg,acer_rubrum
dataset/images/lab/Auto_cropped/broussonettia_papyrifera/ny1123-09-1.jpg,broussonettia_papyrifera
dataset/images/lab/Auto_cropped/styrax_japonica/ny1001-05-3.jpg,styrax_japonica
dataset/images/lab/Auto_cropped/broussonettia_papyrifera/ny1123-07-2.jpg,broussonettia_papyrifera
dataset/images/lab/Auto_cropped/quercus_montana/pi0038-02-4.jpg,quercus_montana
dataset/images/lab/Auto_cropped/ptelea_trifoliata/pi0019-01-4.jpg,ptelea_trifoliata
dataset/images/lab/Auto_cropped/asimina_triloba/pi2181-02-4.jpg,asimina_triloba
dataset/images/lab/Auto_cropped/carya_cordiformis/pi2337-03-2.jpg,carya_cordiformis
dataset/images/lab/Auto_cropped/acer_rubrum/pi2610-07-2.jpg,acer_rubrum
dataset/images/lab/Auto_cropped/acer_rubrum/pi2608-10-3.jpg,acer_rubrum
dataset/images/lab/Auto_cropped/quercus_muehlenbergii/wb1531-06-2.jpg,quercus_muehlenbergii
dataset/images/lab/Auto_cropped/acer_rubrum/pi2611-11-3.jpg,acer_rubrum
dataset/images/lab/Auto_cropped/quercus_montana/pi0038-02-3.jpg,quercus_montana
dataset/images/lab/Auto_cropped/ptelea_trifoliata/pi0019-06-1.jpg,ptelea_trifoliata
dataset/images/lab/Auto_cropped/quercus_montana/pi0039-02-2.jpg,quercus_montana
dataset/images/field/styrax_japonica/13002208606927.jpg,styrax_japonica
dataset/images/lab/Auto_cropped/acer_negundo/pi2026-03-1.jpg,acer_negundo
dataset/images/field/carya_cordiformis/13001257140155.jpg,carya_cordiformis
dataset/images/lab/Auto_cropped/liriodendron_tulipifera/pi2247-03-2.jpg,liriodendron_tulipifera
dataset/images/lab/Auto_cropped/ilex_opaca/pi0056-10-3.jpg,ilex_opaca
dataset/images/field/cryptomeria_japonica/13001326970917.jpg,cryptomeria_japonica
dataset/images/lab/Auto_cropped/asimina_triloba/pi2181-06-4.jpg,asimina_triloba
dataset/images/lab/Auto_cropped/maclura_pomifera/pi2775-02-1.jpg,maclura_pomifera
dataset/images/lab/Auto_cropped/ilex_opaca/pi0056-07-3.jpg,ilex_opaca
dataset/images/lab/Auto_cropped/prunus_sargentii/ny1094-06-2.jpg,prunus_sargentii
dataset/images/lab/Auto_cropped/chionanthus_virginicus/pi2217-06-4.jpg,chionanthus_virginicus
dataset/images/lab/Auto_cropped/ulmus_americana/pi2488-04-1.jpg,ulmus_americana
dataset/images/lab/Auto_cropped/gleditsia_triacanthos/pi2769-04-2.jpg,gleditsia_triacanthos
dataset/images/lab/Auto_cropped/broussonettia_papyrifera/wb1389-04-3.jpg,broussonettia_papyrifera
dataset/images/lab/Auto_cropped/prunus_sargentii/ny1095-02-4.jpg,prunus_sargentii
dataset/images/lab/Auto_cropped/ptelea_trifoliata/pi0006-07-2.jpg,ptelea_trifoliata
dataset/images/lab/Auto_cropped/acer_palmatum/wb1127-02-3.jpg,acer_palmatum
dataset/images/lab/Auto_cropped/gleditsia_triacanthos/pi2769-02-4.jpg,gleditsia_triacanthos
dataset/images/lab/Auto_cropped/ulmus_rubra/wb1219-08-2.jpg,ulmus_rubra
dataset/images/lab/Auto_cropped/juglans_cinerea/wb1489-02-3.jpg,juglans_cinerea
dataset/images/lab/Auto_cropped/ptelea_trifoliata/pi0003-01-3.jpg,ptelea_trifoliata
dataset/images/lab/Auto_cropped/aesculus_pavi/ny1019-07-2.jpg,aesculus_pavi
dataset/images/field/acer_negundo/13001151162113.jpg,acer_negundo
dataset/images/lab/Auto_cropped/ilex_opaca/pi2490-03-4.jpg,ilex_opaca
dataset/images/lab/Auto_cropped/broussonettia_papyrifera/ny1123-07-3.jpg,broussonettia_papyrifera
dataset/images/lab/Auto_cropped/staphylea_trifolia/pi2197-08-4.jpg,staphylea_trifolia
dataset/images/field/cryptomeria_japonica/13001326975512.jpg,cryptomeria_japonica
dataset/images/field/ptelea_trifoliata/13292213865924.jpg,ptelea_trifoliata
dataset/images/lab/Auto_cropped/quercus_muehlenbergii/wb1530-04-2.jpg,quercus_muehlenbergii
dataset/images/field/juglans_cinerea/13292191160962.jpg,juglans_cinerea
dataset/images/field/prunus_virginiana/13002166692414.jpg,prunus_virginiana
dataset/images/lab/Auto_cropped/aesculus_pavi/ny1020-05-4.jpg,aesculus_pavi
dataset/images/lab/Auto_cropped/abies_concolor/ny1179-10-3.jpg,abies_concolor
dataset/images/lab/Auto_cropped/catalpa_bignonioides/pi2783-05-2.jpg,catalpa_bignonioides
dataset/images/lab/Auto_cropped/cryptomeria_japonica/ny1055-09-1.jpg,cryptomeria_japonica
dataset/images/lab/Auto_cropped/diospyros_virginiana/pi2199-04-4.jpg,diospyros_virginiana
dataset/images/lab/Auto_cropped/broussonettia_papyrifera/ny1124-02-4.jpg,broussonettia_papyrifera
dataset/images/lab/Auto_cropped/maclura_pomifera/pi2719-02-4.jpg,maclura_pomifera
dataset/images/lab/Auto_cropped/liriodendron_tulipifera/pi0068-01-3.jpg,liriodendron_tulipifera
dataset/images/field/ilex_opaca/1259045059_0027.jpg,ilex_opaca
dataset/images/lab/Auto_cropped/prunus_virginiana/wb1320-08-4.jpg,prunus_virginiana
dataset/images/lab/Auto_cropped/ptelea_trifoliata/pi0003-03-1.jpg,ptelea_trifoliata
dataset/images/lab/Auto_cropped/quercus_montana/pi0038-01-4.jpg,quercus_montana
dataset/images/lab/Auto_cropped/ulmus_pumila/ny1050-10-2.jpg,ulmus_pumila
dataset/images/lab/Auto_cropped/quercus_montana/pi0038-03-4.jpg,quercus_montana
dataset/images/lab/Auto_cropped/abies_concolor/ny1157-19-3.jpg,abies_concolor
dataset/images/field/aesculus_pavi/13033299104175.jpg,aesculus_pavi
dataset/images/lab/Auto_cropped/staphylea_trifolia/pi0238-01-1.jpg,staphylea_trifolia
dataset/images/lab/Auto_cropped/juglans_cinerea/wb1489-08-4.jpg,juglans_cinerea
dataset/images/lab/Auto_cropped/juglans_cinerea/wb1487-02-4.jpg,juglans_cinerea
dataset/images/lab/Auto_cropped/catalpa_bignonioides/pi1080-02-1.jpg,catalpa_bignonioides
dataset/images/field/prunus_virginiana/13002166695064.jpg,prunus_virginiana
dataset/images/field/prunus_virginiana/13002169497407.jpg,prunus_virginiana
dataset/images/lab/Auto_cropped/ptelea_trifoliata/pi0004-08-1.jpg,ptelea_trifoliata
dataset/images/lab/Auto_cropped/prunus_virginiana/wb1319-08-1.jpg,prunus_virginiana
dataset/images/lab/Auto_cropped/ulmus_rubra/pi2615-10-2.jpg,ulmus_rubra
dataset/images/lab/Auto_cropped/gleditsia_triacanthos/pi1072-02-1.jpg,gleditsia_triacanthos
dataset/images/lab/Auto_cropped/ulmus_rubra/wb1217-08-3.jpg,ulmus_rubra
dataset/images/field/ilex_opaca/1259044643_0006.jpg,ilex_opaca
dataset/images/lab/Auto_cropped/maclura_pomifera/pi2776-05-4.jpg,maclura_pomifera
dataset/images/lab/Auto_cropped/styrax_japonica/ny1003-07-1.jpg,styrax_japonica
dataset/images/lab/Auto_cropped/ulmus_americana/pi2489-06-4.jpg,ulmus_americana
dataset/images/lab/Auto_cropped/styrax_japonica/ny1002-09-1.jpg,styrax_japonica
dataset/images/field/broussonettia_papyrifera/13001252070853.jpg,broussonettia_papyrifera
dataset/images/lab/Auto_cropped/prunus_virginiana/wb1320-09-1.jpg,prunus_virginiana
dataset/images/lab/Auto_cropped/ilex_opaca/pi0056-05-2.jpg,ilex_opaca
dataset/images/field/prunus_virginiana/13002169495133.jpg,prunus_virginiana
dataset/images/field/styrax_japonica/13002208604920.jpg,styrax_japonica
dataset/images/field/styrax_japonica/13002208604305.jpg,styrax_japonica
dataset/images/lab/Auto_cropped/quercus_muehlenbergii/wb1529-01-2.jpg,quercus_muehlenbergii
dataset/images/lab/Auto_cropped/abies_concolor/ny1179-07-2.jpg,abies_concolor
dataset/images/lab/Auto_cropped/prunus_virginiana/wb1321-07-1.jpg,prunus_virginiana
dataset/images/lab/Auto_cropped/maclura_pomifera/pi2776-07-1.jpg,maclura_pomifera
dataset/images/lab/Auto_cropped/gleditsia_triacanthos/pi2768-01-3.jpg,gleditsia_triacanthos
dataset/images/lab/Auto_cropped/broussonettia_papyrifera/wb1390-04-3.jpg,broussonettia_papyrifera
dataset/images/field/acer_rubrum/13001155900602.jpg,acer_rubrum
dataset/images/lab/Auto_cropped/acer_rubrum/pi2611-06-3.jpg,acer_rubrum
dataset/images/lab/Auto_cropped/ptelea_trifoliata/pi0004-01-3.jpg,ptelea_trifoliata
dataset/images/field/prunus_virginiana/13002169494385.jpg,prunus_virginiana
dataset/images/lab/Auto_cropped/asimina_triloba/pi2177-03-1.jpg,asimina_triloba
dataset/images/lab/Auto_cropped/ulmus_rubra/wb1219-03-2.jpg,ulmus_rubra
dataset/images/lab/Auto_cropped/acer_rubrum/pi2609-07-4.jpg,acer_rubrum
dataset/images/lab/Auto_cropped/acer_palmatum/wb1129-03-3.jpg,acer_palmatum
dataset/images/lab/Auto_cropped/carya_cordiformis/pi2337-08-1.jpg,carya_cordiformis
dataset/images/lab/Auto_cropped/fraxinus_nigra/ny1053-19-2.jpg,fraxinus_nigra
dataset/images/field/abies_concolor/12995309743421.jpg,abies_concolor
dataset/images/lab/Auto_cropped/gleditsia_triacanthos/pi2767-09-3.jpg,gleditsia_triacanthos
dataset/images/field/staphylea_trifolia/13291710341366.jpg,staphylea_trifolia
dataset/images/lab/Auto_cropped/ulmus_pumila/ny1050-02-4.jpg,ulmus_pumila
dataset/images/field/prunus_virginiana/13010820799590.jpg,prunus_virginiana
dataset/images/lab/Auto_cropped/ulmus_rubra/pi2615-08-3.jpg,ulmus_rubra
dataset/images/lab/Auto_cropped/ilex_opaca/pi2490-07-1.jpg,ilex_opaca
dataset/images/lab/Auto_cropped/maclura_pomifera/pi2775-02-3.jpg,maclura_pomifera
dataset/images/lab/Auto_cropped/ostrya_virginiana/pi1052-02-1.jpg,ostrya_virginiana
dataset/images/lab/Auto_cropped/ulmus_americana/pi2489-10-4.jpg,ulmus_americana
dataset/images/field/styrax_japonica/13002208600029.jpg,styrax_japonica
dataset/images/lab/Auto_cropped/ulmus_rubra/wb1218-08-3.jpg,ulmus_rubra
dataset/images/lab/Auto_cropped/quercus_muehlenbergii/wb1530-10-3.jpg,quercus_muehlenbergii
dataset/images/lab/Auto_cropped/diospyros_virginiana/pi2201-04-3.jpg,diospyros_virginiana
dataset/images/lab/Auto_cropped/ulmus_americana/pi2488-01-2.jpg,ulmus_americana
dataset/images/lab/Auto_cropped/asimina_triloba/pi2180-06-3.jpg,asimina_triloba
dataset/images/lab/Auto_cropped/acer_palmatum/wb1129-10-3.jpg,acer_palmatum
dataset/images/field/chionanthus_virginicus/13001305199905.jpg,chionanthus_virginicus
dataset/images/lab/Auto_cropped/diospyros_virginiana/pi2201-05-2.jpg,diospyros_virginiana
dataset/images/lab/Auto_cropped/acer_rubrum/pi2610-11-3.jpg,acer_rubrum
dataset/images/field/prunus_sargentii/13292214155990.jpg,prunus_sargentii
dataset/images/lab/Auto_cropped/quercus_montana/pi0037-10-3.jpg,quercus_montana
dataset/images/lab/Auto_cropped/ulmus_rubra/wb1219-05-1.jpg,ulmus_rubra
dataset/images/lab/Auto_cropped/ulmus_pumila/ny1048-10-2.jpg,ulmus_pumila
dataset/images/lab/Auto_cropped/maclura_pomifera/pi2719-02-2.jpg,maclura_pomifera
dataset/images/field/cercis_canadensis/12991999202447.jpg,cercis_canadensis
dataset/images/lab/Auto_cropped/fraxinus_nigra/ny1053-01-2.jpg,fraxinus_nigra
dataset/images/lab/Auto_cropped/abies_concolor/ny1157-27-3.jpg,abies_concolor
dataset/images/field/liriodendron_tulipifera/12992002466481.jpg,liriodendron_tulipifera
dataset/images/field/ulmus_rubra/13002228282655.jpg,ulmus_rubra
dataset/images/lab/Auto_cropped/carya_cordiformis/pi0055-06-2.jpg,carya_cordiformis
dataset/images/lab/Auto_cropped/cryptomeria_japonica/ny1055-09-3.jpg,cryptomeria_japonica
dataset/images/field/liriodendron_tulipifera/12992002612030.jpg,liriodendron_tulipifera
dataset/images/lab/Auto_cropped/ilex_opaca/pi2490-05-1.jpg,ilex_opaca
dataset/images/lab/Auto_cropped/chionanthus_virginicus/pi2214-07-1.jpg,chionanthus_virginicus
dataset/images/lab/Auto_cropped/juglans_cinerea/wb1488-09-3.jpg,juglans_cinerea
dataset/images/lab/Auto_cropped/acer_palmatum/wb1129-09-4.jpg,acer_palmatum
dataset/images/lab/Auto_cropped/acer_palmatum/wb1127-02-2.jpg,acer_palmatum
dataset/images/field/asimina_triloba/13001240195812.jpg,asimina_triloba
dataset/images/lab/Auto_cropped/prunus_sargentii/ny1095-04-1.jpg,prunus_sargentii
dataset/images/lab/Auto_cropped/maclura_pomifera/pi2235-12-3.jpg,maclura_pomifera
dataset/images/lab/Auto_cropped/ptelea_trifoliata/pi0007-01-4.jpg,ptelea_trifoliata
dataset/images/field/prunus_virginiana/13010820793089.jpg,prunus_virginiana
dataset/images/lab/Auto_cropped/quercus_muehlenbergii/wb1530-03-1.jpg,quercus_muehlenbergii
dataset/images/lab/Auto_cropped/acer_negundo/pi2026-03-4.jpg,acer_negundo
dataset/images/lab/Auto_cropped/acer_rubrum/pi2608-03-4.jpg,acer_rubrum
dataset/images/lab/Auto_cropped/ostrya_virginiana/pi2195-02-2.jpg,ostrya_virginiana
dataset/images/lab/Auto_cropped/ulmus_rubra/pi2613-01-2.jpg,ulmus_rubra
dataset/images/field/cryptomeria_japonica/13001326978200.jpg,cryptomeria_japonica
dataset/images/lab/Auto_cropped/prunus_virginiana/wb1319-05-4.jpg,prunus_virginiana
dataset/images/lab/Auto_cropped/ulmus_americana/pi2487-04-1.jpg,ulmus_americana
dataset/images/lab/Auto_cropped/ulmus_rubra/wb1218-02-4.jpg,ulmus_rubra
dataset/images/lab/Auto_cropped/catalpa_bignonioides/pi2788-08-1.jpg,catalpa_bignonioides
dataset/images/lab/Auto_cropped/abies_concolor/ny1157-29-4.jpg,abies_concolor
dataset/images/lab/Auto_cropped/chionanthus_virginicus/pi2217-03-4.jpg,chionanthus_virginicus
dataset/images/lab/Auto_cropped/ulmus_pumila/ny1050-04-2.jpg,ulmus_pumila
dataset/images/lab/Auto_cropped/aesculus_pavi/ny1019-06-3.jpg,aesculus_pavi
dataset/images/lab/Auto_cropped/ostrya_virginiana/pi2194-07-3.jpg,ostrya_virginiana
dataset/images/lab/Auto_cropped/quercus_montana/pi0036-04-3.jpg,quercus_montana
dataset/images/lab/Auto_cropped/acer_palmatum/wb1128-08-4.jpg,acer_palmatum
dataset/images/lab/Auto_cropped/acer_negundo/pi2026-02-4.jpg,acer_negundo
dataset/images/lab/Auto_cropped/ulmus_americana/pi2487-04-4.jpg,ulmus_americana
dataset/images/field/acer_palmatum/13001152969274.jpg,acer_palmatum
dataset/images/lab/Auto_cropped/cryptomeria_japonica/ny1055-07-4.jpg,cryptomeria_japonica
dataset/images/lab/Auto_cropped/maclura_pomifera/pi2235-02-2.jpg,maclura_pomifera
dataset/images/lab/Auto_cropped/ilex_opaca/pi2630-02-2.jpg,ilex_opaca
dataset/images/lab/Auto_cropped/quercus_muehlenbergii/wb1529-09-3.jpg,quercus_muehlenbergii
dataset/images/lab/Auto_cropped/ulmus_rubra/pi2534-04-3.jpg,ulmus_rubra
dataset/images/field/diospyros_virginiana/12992000053502.jpg,diospyros_virginiana
dataset/images/lab/Auto_cropped/abies_concolor/ny1157-03-1.jpg,abies_concolor
dataset/images/lab/Auto_cropped/abies_concolor/ny1157-13-1.jpg,abies_concolor
dataset/images/field/prunus_sargentii/13292214156460.jpg,prunus_sargentii
dataset/images/lab/Auto_cropped/staphylea_trifolia/pi2463-01-2.jpg,staphylea_trifolia
dataset/images/lab/Auto_cropped/juglans_cinerea/wb1488-09-1.jpg,juglans_cinerea
dataset/images/lab/Auto_cropped/quercus_muehlenbergii/wb1529-09-2.jpg,quercus_muehlenbergii
dataset/images/lab/Auto_cropped/juglans_cinerea/wb1488-03-4.jpg,juglans_cinerea
dataset/images/field/cryptomeria_japonica/13001326970622.jpg,cryptomeria_japonica
dataset/images/field/asimina_triloba/13001240192496.jpg,asimina_triloba
dataset/images/field/cryptomeria_japonica/13001326975823.jpg,cryptomeria_japonica
dataset/images/lab/Auto_cropped/acer_negundo/pi2025-09-4.jpg,acer_negundo
dataset/images/field/styrax_japonica/13002208606819.jpg,styrax_japonica
dataset/images/lab/Auto_cropped/staphylea_trifolia/pi2463-04-1.jpg,staphylea_trifolia
dataset/images/lab/Auto_cropped/acer_rubrum/pi2388-02-4.jpg,acer_rubrum
dataset/images/lab/Auto_cropped/ulmus_rubra/pi2613-01-3.jpg,ulmus_rubra
dataset/images/lab/Auto_cropped/acer_rubrum/pi2388-06-2.jpg,acer_rubrum
dataset/images/lab/Auto_cropped/ulmus_rubra/pi2534-04-2.jpg,ulmus_rubra
dataset/images/lab/Auto_cropped/gleditsia_triacanthos/pi2766-03-3.jpg,gleditsia_triacanthos
dataset/images/lab/Auto_cropped/ptelea_trifoliata/pi1014-03-3.jpg,ptelea_trifoliata
dataset/images/field/acer_rubrum/13001155909012.jpg,acer_rubrum
dataset/images/lab/Auto_cropped/cryptomeria_japonica/ny1054-06-4.jpg,cryptomeria_japonica
dataset/images/lab/Auto_cropped/acer_palmatum/wb1129-02-2.jpg,acer_palmatum
dataset/images/lab/Auto_cropped/liriodendron_tulipifera/pi0069-03-3.jpg,liriodendron_tulipifera
dataset/images/lab/Auto_cropped/prunus_virginiana/wb1319-10-4.jpg,prunus_virginiana
dataset/images/field/gleditsia_triacanthos/12992001104894.jpg,gleditsia_triacanthos
dataset/images/lab/Auto_cropped/acer_palmatum/wb1127-09-3.jpg,acer_palmatum
dataset/images/lab/Auto_cropped/acer_palmatum/wb1129-05-2.jpg,acer_palmatum
dataset/images/lab/Auto_cropped/catalpa_bignonioides/pi2784-10-1.jpg,catalpa_bignonioides
dataset/images/field/gleditsia_triacanthos/12992001205233.jpg,gleditsia_triacanthos
dataset/images/lab/Auto_cropped/diospyros_virginiana/pi2200-10-3.jpg,diospyros_virginiana
dataset/images/field/liriodendron_tulipifera/12992002628515.jpg,liriodendron_tulipifera
dataset/images/lab/Auto_cropped/acer_negundo/pi2028-03-1.jpg,acer_negundo
dataset/images/lab/Auto_cropped/acer_rubrum/pi2608-08-3.jpg,acer_rubrum
dataset/images/field/carya_cordiformis/13001257147201.jpg,carya_cordiformis
dataset/images/lab/Auto_cropped/liriodendron_tulipifera/pi0068-01-1.jpg,liriodendron_tulipifera
dataset/images/field/broussonettia_papyrifera/13001252079654.jpg,broussonettia_papyrifera
dataset/images/lab/Auto_cropped/cercis_canadensis/pi0015-04-2.jpg,cercis_canadensis
dataset/images/lab/Auto_cropped/carya_cordiformis/pi0053-04-3.jpg,carya_cordiformis
dataset/images/lab/Auto_cropped/liriodendron_tulipifera/pi0069-10-3.jpg,liriodendron_tulipifera
dataset/images/lab/Auto_cropped/quercus_muehlenbergii/wb1529-01-4.jpg,quercus_muehlenbergii
dataset/images/field/prunus_virginiana/13002166694962.jpg,prunus_virginiana
dataset/images/field/asimina_triloba/13001240193464.jpg,asimina_triloba
dataset/images/lab/Auto_cropped/broussonettia_papyrifera/ny1122-09-3.jpg,broussonettia_papyrifera
dataset/images/lab/Auto_cropped/quercus_montana/pi0040-04-2.jpg,quercus_montana
dataset/images/lab/Auto_cropped/broussonettia_papyrifera/ny1124-02-1.jpg,broussonettia_papyrifera
dataset/images/field/acer_rubrum/13001155908392.jpg,acer_rubrum
dataset/images/field/gleditsia_triacanthos/12992001050319.jpg,gleditsia_triacanthos
dataset/images/lab/Auto_cropped/abies_concolor/ny1157-30-4.jpg,abies_concolor
dataset/images/lab/Auto_cropped/fraxinus_nigra/ny1053-17-1.jpg,fraxinus_nigra
dataset/images/lab/Auto_cropped/fraxinus_nigra/ny1053-04-1.jpg,fraxinus_nigra
dataset/images/field/aesculus_pavi/13291655556917.jpg,aesculus_pavi
dataset/images/lab/Auto_cropped/fraxinus_nigra/ny1053-01-3.jpg,fraxinus_nigra
dataset/images/lab/Auto_cropped/diospyros_virginiana/pi2201-06-3.jpg,diospyros_virginiana
dataset/images/lab/Auto_cropped/broussonettia_papyrifera/wb1388-02-1.jpg,broussonettia_papyrifera
dataset/images/lab/Auto_cropped/gleditsia_triacanthos/pi2768-09-3.jpg,gleditsia_triacanthos
dataset/images/field/prunus_sargentii/13292214152029.jpg,prunus_sargentii
dataset/images/lab/Auto_cropped/acer_negundo/pi2025-01-4.jpg,acer_negundo
dataset/images/lab/Auto_cropped/styrax_japonica/ny1003-07-2.jpg,styrax_japonica
dataset/images/lab/Auto_cropped/broussonettia_papyrifera/wb1389-08-3.jpg,broussonettia_papyrifera
dataset/images/field/ptelea_trifoliata/13292213866311.jpg,ptelea_trifoliata
dataset/images/lab/Auto_cropped/acer_negundo/pi2027-06-1.jpg,acer_negundo
dataset/images/lab/Auto_cropped/ulmus_americana/pi2486-01-4.jpg,ulmus_americana
dataset/images/field/cercis_canadensis/12991999009708.jpg,cercis_canadensis
dataset/images/field/catalpa_bignonioides/13001269158260.jpg,catalpa_bignonioides
dataset/images/field/acer_palmatum/13001152964589.jpg,acer_palmatum
dataset/images/lab/Auto_cropped/chionanthus_virginicus/pi2216-07-3.jpg,chionanthus_virginicus
dataset/images/lab/Auto_cropped/prunus_sargentii/ny1095-14-3.jpg,prunus_sargentii
dataset/images/lab/Auto_cropped/quercus_muehlenbergii/wb1531-01-2.jpg,quercus_muehlenbergii
dataset/images/lab/Auto_cropped/ulmus_americana/pi2486-02-1.jpg,ulmus_americana
dataset/images/lab/Auto_cropped/chionanthus_virginicus/pi2214-06-3.jpg,chionanthus_virginicus
dataset/images/lab/Auto_cropped/ulmus_rubra/pi2534-07-3.jpg,ulmus_rubra
dataset/images/field/catalpa_bignonioides/13001269154861.jpg,catalpa_bignonioides
dataset/images/lab/Auto_cropped/catalpa_bignonioides/pi2783-08-2.jpg,catalpa_bignonioides
dataset/images/lab/Auto_cropped/diospyros_virginiana/pi2200-05-2.jpg,diospyros_virginiana
dataset/images/lab/Auto_cropped/ulmus_americana/pi0020-05-2.jpg,ulmus_americana
dataset/images/lab/Auto_cropped/styrax_japonica/ny1002-05-2.jpg,styrax_japonica
dataset/images/field/gleditsia_triacanthos/12992000962590.jpg,gleditsia_triacanthos
dataset/images/lab/Auto_cropped/asimina_triloba/pi2181-04-1.jpg,asimina_triloba
dataset/images/field/cercis_canadensis/12991999213051.jpg,cercis_canadensis
dataset/images/lab/Auto_cropped/quercus_montana/pi1025-06-4.jpg,quercus_montana
dataset/images/field/fraxinus_nigra/13291804052953.jpg,fraxinus_nigra
dataset/images/lab/Auto_cropped/ptelea_trifoliata/pi0005-03-2.jpg,ptelea_trifoliata
dataset/images/field/broussonettia_papyrifera/13001252076462.jpg,broussonettia_papyrifera
dataset/images/lab/Auto_cropped/ulmus_americana/pi0020-06-2.jpg,ulmus_americana
dataset/images/lab/Auto_cropped/cryptomeria_japonica/ny1055-06-1.jpg,cryptomeria_japonica
dataset/images/field/styrax_japonica/13002208606522.jpg,styrax_japonica
dataset/images/field/ptelea_trifoliata/13292213861857.jpg,ptelea_trifoliata
dataset/images/lab/Auto_cropped/ilex_opaca/pi1021-05-3.jpg,ilex_opaca
dataset/images/lab/Auto_cropped/liriodendron_tulipifera/pi2247-07-2.jpg,liriodendron_tulipifera
dataset/images/lab/Auto_cropped/staphylea_trifolia/pi2463-05-3.jpg,staphylea_trifolia
dataset/images/lab/Auto_cropped/staphylea_trifolia/pi2464-07-1.jpg,staphylea_trifolia
dataset/images/lab/Auto_cropped/asimina_triloba/pi2181-07-4.jpg,asimina_triloba
dataset/images/field/quercus_montana/13292231179416.jpg,quercus_montana
dataset/images/lab/Auto_cropped/catalpa_bignonioides/pi2783-09-4.jpg,catalpa_bignonioides
dataset/images/lab/Auto_cropped/quercus_montana/pi1025-08-4.jpg,quercus_montana
dataset/images/lab/Auto_cropped/broussonettia_papyrifera/wb1390-01-3.jpg,broussonettia_papyrifera
dataset/images/lab/Auto_cropped/prunus_virginiana/wb1321-05-4.jpg,prunus_virginiana
dataset/images/lab/Auto_cropped/broussonettia_papyrifera/ny1124-07-3.jpg,broussonettia_papyrifera
dataset/images/field/juglans_cinerea/13292191163175.jpg,juglans_cinerea
dataset/images/field/ulmus_pumila/13291724504635.jpg,ulmus_pumila
dataset/images/lab/Auto_cropped/cryptomeria_japonica/ny1055-04-1.jpg,cryptomeria_japonica
dataset/images/lab/Auto_cropped/quercus_montana/pi0039-01-1.jpg,quercus_montana
dataset/images/field/styrax_japonica/13002208604772.jpg,styrax_japonica
dataset/images/field/staphylea_trifolia/13291710341924.jpg,staphylea_trifolia
dataset/images/lab/Auto_cropped/staphylea_trifolia/pi2196-09-1.jpg,staphylea_trifolia
dataset/images/lab/Auto_cropped/ulmus_rubra/wb1219-02-2.jpg,ulmus_rubra
dataset/images/lab/Auto_cropped/asimina_triloba/pi2180-08-4.jpg,asimina_triloba
dataset/images/lab/Auto_cropped/abies_concolor/ny1178-06-3.jpg,abies_concolor
dataset/images/lab/Auto_cropped/acer_rubrum/pi2608-07-2.jpg,acer_rubrum
dataset/images/lab/Auto_cropped/ulmus_pumila/ny1050-08-3.jpg,ulmus_pumila
dataset/images/lab/Auto_cropped/broussonettia_papyrifera/wb1388-06-1.jpg,broussonettia_papyrifera
dataset/images/lab/Auto_cropped/quercus_montana/pi0040-09-1.jpg,quercus_montana
dataset/images/lab/Auto_cropped/acer_rubrum/pi2611-11-4.jpg,acer_rubrum
dataset/images/lab/Auto_cropped/chionanthus_virginicus/pi2217-01-2.jpg,chionanthus_virginicus
dataset/images/lab/Auto_cropped/quercus_muehlenbergii/wb1530-03-4.jpg,quercus_muehlenbergii
dataset/images/lab/Auto_cropped/acer_negundo/pi2029-10-2.jpg,acer_negundo
dataset/images/lab/Auto_cropped/asimina_triloba/pi2179-08-4.jpg,asimina_triloba
dataset/images/field/cryptomeria_japonica/13001326972835.jpg,cryptomeria_japonica
dataset/images/lab/Auto_cropped/diospyros_virginiana/pi2199-06-4.jpg,diospyros_virginiana
dataset/images/lab/Auto_cropped/broussonettia_papyrifera/wb1388-08-2.jpg,broussonettia_papyrifera
dataset/images/lab/Auto_cropped/acer_negundo/pi2029-03-2.jpg,acer_negundo
dataset/images/lab/Auto_cropped/abies_concolor/ny1157-14-1.jpg,abies_concolor
dataset/images/lab/Auto_cropped/broussonettia_papyrifera/wb1388-09-1.jpg,broussonettia_papyrifera
dataset/images/lab/Auto_cropped/aesculus_pavi/ny1019-02-1.jpg,aesculus_pavi
dataset/images/lab/Auto_cropped/diospyros_virginiana/pi2199-04-2.jpg,diospyros_virginiana
dataset/images/field/abies_concolor/12995309748158.jpg,abies_concolor
dataset/images/field/chionanthus_virginicus/13001305192722.jpg,chionanthus_virginicus
dataset/images/lab/Auto_cropped/asimina_triloba/pi2181-10-3.jpg,asimina_triloba
dataset/images/field/prunus_virginiana/13002169496814.jpg,prunus_virginiana
dataset/images/field/cryptomeria_japonica/13001326973764.jpg,cryptomeria_japonica
dataset/images/field/broussonettia_papyrifera/13001252073966.jpg,broussonettia_papyrifera
dataset/images/field/ptelea_trifoliata/13292213863486.jpg,ptelea_trifoliata
dataset/images/field/aesculus_pavi/13291655553875.jpg,aesculus_pavi
dataset/images/lab/Auto_cropped/ulmus_americana/pi2486-07-1.jpg,ulmus_americana
dataset/images/field/cryptomeria_japonica/13001326974310.jpg,cryptomeria_japonica
dataset/images/field/ulmus_pumila/13291724502441.jpg,ulmus_pumila
dataset/images/lab/Auto_cropped/chionanthus_virginicus/pi2214-03-3.jpg,chionanthus_virginicus
dataset/images/field/cryptomeria_japonica/13001326973038.jpg,cryptomeria_japonica
dataset/images/lab/Auto_cropped/diospyros_virginiana/pi2198-03-4.jpg,diospyros_virginiana
dataset/images/lab/Auto_cropped/abies_concolor/ny1178-02-4.jpg,abies_concolor
dataset/images/lab/Auto_cropped/ulmus_americana/pi2486-03-4.jpg,ulmus_americana
dataset/images/lab/Auto_cropped/ostrya_virginiana/pi2462-09-2.jpg,ostrya_virginiana
dataset/images/lab/Auto_cropped/ptelea_trifoliata/pi0007-07-1.jpg,ptelea_trifoliata
dataset/images/lab/Auto_cropped/acer_rubrum/pi2609-02-3.jpg,acer_rubrum
dataset/images/field/ostrya_virginiana/13001985588140.jpg,ostrya_virginiana
dataset/images/lab/Auto_cropped/prunus_sargentii/ny1094-05-2.jpg,prunus_sargentii
dataset/images/lab/Auto_cropped/ulmus_americana/pi0020-07-1.jpg,ulmus_americana
dataset/images/lab/Auto_cropped/ulmus_rubra/pi1077-02-3.jpg,ulmus_rubra
dataset/images/lab/Auto_cropped/maclura_pomifera/pi2776-04-3.jpg,maclura_pomifera
dataset/images/lab/Auto_cropped/quercus_muehlenbergii/wb1531-07-1.jpg,quercus_muehlenbergii
dataset/images/lab/Auto_cropped/prunus_sargentii/ny1094-13-3.jpg,prunus_sargentii
dataset/images/lab/Auto_cropped/abies_concolor/ny1179-09-1.jpg,abies_concolor
dataset/images/field/broussonettia_papyrifera/13001252070702.jpg,broussonettia_papyrifera
dataset/images/lab/Auto_cropped/ulmus_pumila/ny1050-01-1.jpg,ulmus_pumila
dataset/images/field/acer_palmatum/13001152961059.jpg,acer_palmatum
dataset/images/field/diospyros_virginiana/12992000037614.jpg,diospyros_virginiana
dataset/images/lab/Auto_cropped/ulmus_americana/pi2486-01-1.jpg,ulmus_americana
dataset/images/field/diospyros_virginiana/12991999853014.jpg,diospyros_virginiana
dataset/images/lab/Auto_cropped/catalpa_bignonioides/pi2718-05-2.jpg,catalpa_bignonioides
dataset/images/field/ilex_opaca/1259045059_0017.jpg,ilex_opaca
dataset/images/lab/Auto_cropped/ilex_opaca/pi0219-01-2.jpg,ilex_opaca
dataset/images/lab/Auto_cropped/maclura_pomifera/pi2774-04-1.jpg,maclura_pomifera
dataset/images/lab/Auto_cropped/ilex_opaca/pi0219-01-3.jpg,ilex_opaca
dataset/images/lab/Auto_cropped/ostrya_virginiana/pi1052-03-4.jpg,ostrya_virginiana
dataset/images/lab/Auto_cropped/chionanthus_virginicus/pi2214-03-2.jpg,chionanthus_virginicus
dataset/images/lab/Auto_cropped/quercus_montana/pi0039-04-1.jpg,quercus_montana
dataset/images/lab/Auto_cropped/maclura_pomifera/pi2719-06-4.jpg,maclura_pomifera
dataset/images/field/cryptomeria_japonica/13001326977343.jpg,cryptomeria_japonica
dataset/images/lab/Auto_cropped/liriodendron_tulipifera/pi2249-08-2.jpg,liriodendron_tulipifera
dataset/images/field/maclura_pomifera/1259040122_0018.jpg,maclura_pomifera
dataset/images/lab/Auto_cropped/gleditsia_triacanthos/pi2769-01-3.jpg,gleditsia_triacanthos
dataset/images/lab/Auto_cropped/quercus_montana/pi0039-01-3.jpg,quercus_montana
dataset/images/lab/Auto_cropped/carya_cordiformis/pi2337-06-1.jpg,carya_cordiformis
dataset/images/lab/Auto_cropped/catalpa_bignonioides/pi1080-01-4.jpg,catalpa_bignonioides
dataset/images/lab/Auto_cropped/prunus_virginiana/wb1320-05-3.jpg,prunus_virginiana
dataset/images/lab/Auto_cropped/cryptomeria_japonica/ny1055-06-3.jpg,cryptomeria_japonica
dataset/images/lab/Auto_cropped/maclura_pomifera/pi2776-01-2.jpg,maclura_pomifera
dataset/images/lab/Auto_cropped/ulmus_rubra/wb1219-02-3.jpg,ulmus_rubra
dataset/images/lab/Auto_cropped/abies_concolor/ny1179-01-2.jpg,abies_concolor
dataset/images/field/prunus_sargentii/13292214152566.jpg,prunus_sargentii
dataset/images/lab/Auto_cropped/ulmus_rubra/wb1217-09-1.jpg,ulmus_rubra
dataset/images/lab/Auto_cropped/diospyros_virginiana/pi2199-05-2.jpg,diospyros_virginiana
dataset/images/field/acer_negundo/13001151168681.jpg,acer_negundo
dataset/images/field/styrax_japonica/13002208607739.jpg,styrax_japonica
dataset/images/lab/Auto_cropped/asimina_triloba/pi2179-04-4.jpg,asimina_triloba
dataset/images/field/ulmus_pumila/13291724506852.jpg,ulmus_pumila
dataset/images/lab/Auto_cropped/gleditsia_triacanthos/pi2767-01-1.jpg,gleditsia_triacanthos
dataset/images/lab/Auto_cropped/catalpa_bignonioides/pi2784-06-3.jpg,catalpa_bignonioides
dataset/images/lab/Auto_cropped/ulmus_rubra/wb1219-08-4.jpg,ulmus_rubra
dataset/images/lab/Auto_cropped/ilex_opaca/pi2490-08-4.jpg,ilex_opaca
dataset/images/lab/Auto_cropped/juglans_cinerea/wb1488-07-1.jpg,juglans_cinerea
dataset/images/lab/Auto_cropped/quercus_montana/pi0039-02-4.jpg,quercus_montana
dataset/images/lab/Auto_cropped/acer_palmatum/wb1127-09-4.jpg,acer_palmatum
dataset/images/lab/Auto_cropped/prunus_sargentii/ny1095-02-3.jpg,prunus_sargentii
dataset/images/lab/Auto_cropped/broussonettia_papyrifera/ny1124-10-3.jpg,broussonettia_papyrifera
dataset/images/lab/Auto_cropped/asimina_triloba/pi2177-09-3.jpg,asimina_triloba
dataset/images/lab/Auto_cropped/asimina_triloba/pi2177-06-1.jpg,asimina_triloba
dataset/images/lab/Auto_cropped/ostrya_virginiana/pi2461-10-4.jpg,ostrya_virginiana
dataset/images/lab/Auto_cropped/quercus_montana/pi0036-02-4.jpg,quercus_montana
dataset/images/lab/Auto_cropped/acer_rubrum/pi2608-05-4.jpg,acer_rubrum
dataset/images/lab/Auto_cropped/acer_rubrum/pi2609-04-1.jpg,acer_rubrum
dataset/images/lab/Auto_cropped/chionanthus_virginicus/pi0034-06-4.jpg,chionanthus_virginicus
dataset/images/field/ostrya_virginiana/13001985588247.jpg,ostrya_virginiana
dataset/images/lab/Auto_cropped/quercus_muehlenbergii/wb1530-08-4.jpg,quercus_muehlenbergii
dataset/images/field/acer_rubrum/13001155909283.jpg,acer_rubrum
dataset/images/lab/Auto_cropped/prunus_virginiana/wb1320-03-1.jpg,prunus_virginiana
dataset/images/lab/Auto_cropped/ulmus_americana/pi2486-08-4.jpg,ulmus_americana
dataset/images/lab/Auto_cropped/acer_negundo/pi2025-01-3.jpg,acer_negundo
dataset/images/lab/Auto_cropped/juglans_cinerea/wb1488-03-2.jpg,juglans_cinerea
dataset/images/lab/Auto_cropped/quercus_montana/pi1025-07-4.jpg,quercus_montana
dataset/images/lab/Auto_cropped/maclura_pomifera/pi2775-09-1.jpg,maclura_pomifera
dataset/images/lab/Auto_cropped/quercus_muehlenbergii/wb1531-02-3.jpg,quercus_muehlenbergii
dataset/images/lab/Auto_cropped/chionanthus_virginicus/pi2216-03-4.jpg,chionanthus_virginicus
dataset/images/lab/Auto_cropped/prunus_sargentii/ny1095-12-4.jpg,prunus_sargentii
dataset/images/field/carya_cordiformis/13001257141387.jpg,carya_cordiformis
dataset/images/lab/Auto_cropped/liriodendron_tulipifera/pi2249-07-4.jpg,liriodendron_tulipifera
dataset/images/field/carya_cordiformis/13001257142096.jpg,carya_cordiformis
dataset/images/lab/Auto_cropped/broussonettia_papyrifera/ny1123-07-1.jpg,broussonettia_papyrifera
dataset/images/field/broussonettia_papyrifera/13001252079669.jpg,broussonettia_papyrifera
dataset/images/field/acer_negundo/13001151163880.jpg,acer_negundo
dataset/images/lab/Auto_cropped/liriodendron_tulipifera/pi2247-03-3.jpg,liriodendron_tulipifera
dataset/images/lab/Auto_cropped/broussonettia_papyrifera/wb1388-02-4.jpg,broussonettia_papyrifera
dataset/images/lab/Auto_cropped/prunus_sargentii/ny1094-01-3.jpg,prunus_sargentii
dataset/images/lab/Auto_cropped/aesculus_pavi/ny1021-08-4.jpg,aesculus_pavi
dataset/images/lab/Auto_cropped/chionanthus_virginicus/pi2214-03-4.jpg,chionanthus_virginicus
dataset/images/lab/Auto_cropped/asimina_triloba/pi2181-04-4.jpg,asimina_triloba
dataset/images/lab/Auto_cropped/aesculus_pavi/ny1020-03-3.jpg,aesculus_pavi
dataset/images/lab/Auto_cropped/diospyros_virginiana/pi2201-07-1.jpg,diospyros_virginiana
dataset/images/field/styrax_japonica/13002208604419.jpg,styrax_japonica
dataset/images/lab/Auto_cropped/prunus_sargentii/ny1095-13-4.jpg,prunus_sargentii
dataset/images/lab/Auto_cropped/broussonettia_papyrifera/ny1122-02-3.jpg,broussonettia_papyrifera
dataset/images/field/styrax_japonica/13002208600751.jpg,styrax_japonica
dataset/images/lab/Auto_cropped/ulmus_americana/pi2489-04-2.jpg,ulmus_americana
dataset/images/lab/Auto_cropped/prunus_virginiana/wb1321-06-1.jpg,prunus_virginiana
dataset/images/lab/Auto_cropped/asimina_triloba/pi2177-05-2.jpg,asimina_triloba
dataset/images/lab/Auto_cropped/acer_negundo/pi2025-11-2.jpg,acer_negundo
dataset/images/lab/Auto_cropped/acer_rubrum/pi2773-05-4.jpg,acer_rubrum
dataset/images/lab/Auto_cropped/fraxinus_nigra/ny1053-26-2.jpg,fraxinus_nigra
dataset/images/lab/Auto_cropped/ilex_opaca/pi0219-05-1.jpg,ilex_opaca
dataset/images/lab/Auto_cropped/ulmus_pumila/ny1049-07-2.jpg,ulmus_pumila
dataset/images/lab/Auto_cropped/ulmus_rubra/wb1219-01-3.jpg,ulmus_rubra
dataset/images/field/staphylea_trifolia/13291710342307.jpg,staphylea_trifolia
dataset/images/field/liriodendron_tulipifera/12992002496760.jpg,liriodendron_tulipifera
dataset/images/lab/Auto_cropped/quercus_muehlenbergii/wb1530-08-1.jpg,quercus_muehlenbergii
dataset/images/field/quercus_montana/13292231176837.jpg,quercus_montana
dataset/images/lab/Auto_cropped/acer_palmatum/wb1127-10-3.jpg,acer_palmatum
dataset/images/lab/Auto_cropped/maclura_pomifera/pi2235-06-1.jpg,maclura_pomifera
dataset/images/lab/Auto_cropped/quercus_montana/pi0037-01-4.jpg,quercus_montana
dataset/images/lab/Auto_cropped/abies_concolor/ny1157-27-1.jpg,abies_concolor
dataset/images/lab/Auto_cropped/ptelea_trifoliata/pi0019-10-3.jpg,ptelea_trifoliata
dataset/images/lab/Auto_cropped/maclura_pomifera/pi2776-09-2.jpg,maclura_pomifera
dataset/images/lab/Auto_cropped/juglans_cinerea/wb1489-08-1.jpg,juglans_cinerea
dataset/images/lab/Auto_cropped/ulmus_americana/pi0020-06-3.jpg,ulmus_americana
dataset/images/lab/Auto_cropped/acer_rubrum/pi2608-01-3.jpg,acer_rubrum
dataset/images/lab/Auto_cropped/ostrya_virginiana/pi2195-05-2.jpg,ostrya_virginiana
dataset/images/lab/Auto_cropped/cercis_canadensis/pi0001-07-4.jpg,cercis_canadensis
dataset/images/field/aesculus_pavi/13291655553733.jpg,aesculus_pavi
dataset/images/lab/Auto_cropped/juglans_cinerea/wb1489-08-3.jpg,juglans_cinerea
dataset/images/field/aesculus_pavi/13033299104788.jpg,aesculus_pavi
dataset/images/lab/Auto_cropped/cryptomeria_japonica/ny1055-01-1.jpg,cryptomeria_japonica
dataset/images/lab/Auto_cropped/chionanthus_virginicus/pi2216-09-4.jpg,chionanthus_virginicus
dataset/images/lab/Auto_cropped/acer_palmatum/wb1128-10-4.jpg,acer_palmatum
dataset/images/lab/Auto_cropped/maclura_pomifera/pi2776-02-3.jpg,maclura_pomifera
dataset/images/lab/Auto_cropped/ilex_opaca/pi1021-04-4.jpg,ilex_opaca
dataset/images/field/diospyros_virginiana/12992000103882.jpg,diospyros_virginiana
dataset/images/lab/Auto_cropped/acer_rubrum/pi2388-10-1.jpg,acer_rubrum
dataset/images/field/prunus_virginiana/13010820794784.jpg,prunus_virginiana
dataset/images/lab/Auto_cropped/acer_rubrum/pi2611-07-3.jpg,acer_rubrum
dataset/images/lab/Auto_cropped/ulmus_americana/pi2486-02-4.jpg,ulmus_americana
dataset/images/lab/Auto_cropped/ulmus_pumila/ny1049-01-1.jpg,ulmus_pumila
dataset/images/lab/Auto_cropped/cercis_canadensis/pi2492-08-4.jpg,cercis_canadensis
dataset/images/field/juglans_cinerea/13292191166423.jpg,juglans_cinerea
dataset/images/lab/Auto_cropped/liriodendron_tulipifera/pi2247-04-4.jpg,liriodendron_tulipifera
dataset/images/lab/Auto_cropped/quercus_montana/pi0036-01-4.jpg,quercus_montana
dataset/images/lab/Auto_cropped/abies_concolor/ny1157-28-2.jpg,abies_concolor
dataset/images/field/staphylea_trifolia/13291710342461.jpg,staphylea_trifolia
dataset/images/lab/Auto_cropped/fraxinus_nigra/ny1053-28-1.jpg,fraxinus_nigra
dataset/images/lab/Auto_cropped/liriodendron_tulipifera/pi2247-06-4.jpg,liriodendron_tulipifera
dataset/images/field/ulmus_pumila/13291724508719.jpg,ulmus_pumila
dataset/images/field/catalpa_bignonioides/13001269157766.jpg,catalpa_bignonioides
dataset/images/lab/Auto_cropped/quercus_montana/pi0040-03-4.jpg,quercus_montana
dataset/images/field/ulmus_rubra/13002228282613.jpg,ulmus_rubra
dataset/images/lab/Auto_cropped/liriodendron_tulipifera/pi2247-06-1.jpg,liriodendron_tulipifera
dataset/images/lab/Auto_cropped/liriodendron_tulipifera/pi0069-08-2.jpg,liriodendron_tulipifera
dataset/images/field/styrax_japonica/13002208604400.jpg,styrax_japonica
dataset/images/lab/Auto_cropped/asimina_triloba/pi2179-06-2.jpg,asimina_triloba
dataset/images/field/ulmus_rubra/13002228280624.jpg,ulmus_rubra
dataset/images/lab/Auto_cropped/juglans_cinerea/wb1489-02-2.jpg,juglans_cinerea
dataset/images/lab/Auto_cropped/acer_rubrum/pi2611-10-3.jpg,acer_rubrum
dataset/images/lab/Auto_cropped/diospyros_virginiana/pi2199-04-3.jpg,diospyros_virginiana
dataset/images/lab/Auto_cropped/liriodendron_tulipifera/pi2248-07-2.jpg,liriodendron_tulipifera
dataset/images/lab/Auto_cropped/aesculus_pavi/ny1020-10-1.jpg,aesculus_pavi
dataset/images/field/maclura_pomifera/1258480798_0003.jpg,maclura_pomifera
dataset/images/lab/Auto_cropped/ilex_opaca/pi0219-02-4.jpg,ilex_opaca
dataset/images/field/styrax_japonica/13002208604250.jpg,styrax_japonica
dataset/images/field/ulmus_americana/1249315489_0003.jpg,ulmus_americana
dataset/images/lab/Auto_cropped/staphylea_trifolia/pi2463-03-3.jpg,staphylea_trifolia
dataset/images/lab/Auto_cropped/asimina_triloba/pi2181-07-3.jpg,asimina_triloba
dataset/images/lab/Auto_cropped/abies_concolor/ny1179-10-1.jpg,abies_concolor
dataset/images/field/cercis_canadensis/12991999047098.jpg,cercis_canadensis
dataset/images/field/quercus_montana/13292231177681.jpg,quercus_montana
dataset/images/lab/Auto_cropped/styrax_japonica/ny1002-10-3.jpg,styrax_japonica
dataset/images/lab/Auto_cropped/aesculus_pavi/ny1019-05-2.jpg,aesculus_pavi
dataset/images/lab/Auto_cropped/maclura_pomifera/pi2776-09-4.jpg,maclura_pomifera
dataset/images/lab/Auto_cropped/aesculus_pavi/ny1020-10-2.jpg,aesculus_pavi
dataset/images/lab/Auto_cropped/styrax_japonica/ny1003-05-3.jpg,styrax_japonica
dataset/images/lab/Auto_cropped/chionanthus_virginicus/pi2216-08-4.jpg,chionanthus_virginicus
dataset/images/lab/Auto_cropped/catalpa_bignonioides/pi1080-01-2.jpg,catalpa_bignonioides
dataset/images/lab/Auto_cropped/gleditsia_triacanthos/pi2768-02-3.jpg,gleditsia_triacanthos
dataset/images/lab/Auto_cropped/carya_cordiformis/pi0055-01-4.jpg,carya_cordiformis
dataset/images/lab/Auto_cropped/cercis_canadensis/pi0001-08-1.jpg,cercis_canadensis
dataset/images/lab/Auto_cropped/ptelea_trifoliata/pi0003-05-1.jpg,ptelea_trifoliata
dataset/images/lab/Auto_cropped/ulmus_rubra/wb1219-07-1.jpg,ulmus_rubra
dataset/images/lab/Auto_cropped/ostrya_virginiana/pi2194-03-1.jpg,ostrya_virginiana
dataset/images/field/juglans_cinerea/13292191163511.jpg,juglans_cinerea
dataset/images/lab/Auto_cropped/quercus_muehlenbergii/wb1529-08-3.jpg,quercus_muehlenbergii
dataset/images/lab/Auto_cropped/maclura_pomifera/pi2235-06-4.jpg,maclura_pomifera
dataset/images/lab/Auto_cropped/chionanthus_virginicus/pi2216-02-1.jpg,chionanthus_virginicus
dataset/images/lab/Auto_cropped/abies_concolor/ny1157-06-2.jpg,abies_concolor
dataset/images/field/cercis_canadensis/12991999250392.jpg,cercis_canadensis
dataset/images/lab/Auto_cropped/juglans_cinerea/wb1487-10-1.jpg,juglans_cinerea
dataset/images/lab/Auto_cropped/abies_concolor/ny1178-09-3.jpg,abies_concolor
dataset/images/lab/Auto_cropped/maclura_pomifera/pi2775-10-2.jpg,maclura_pomifera
dataset/images/lab/Auto_cropped/diospyros_virginiana/pi2200-03-4.jpg,diospyros_virginiana
dataset/images/field/diospyros_virginiana/12992000117223.jpg,diospyros_virginiana
dataset/images/lab/Auto_cropped/ulmus_americana/pi2489-05-3.jpg,ulmus_americana
dataset/images/field/quercus_montana/13292231178100.jpg,quercus_montana
dataset/images/lab/Auto_cropped/liriodendron_tulipifera/pi0069-08-4.jpg,liriodendron_tulipifera
dataset/images/lab/Auto_cropped/acer_negundo/pi2025-06-4.jpg,acer_negundo
dataset/images/lab/Auto_cropped/ptelea_trifoliata/pi1014-01-3.jpg,ptelea_trifoliata
dataset/images/lab/Auto_cropped/maclura_pomifera/pi2776-03-2.jpg,maclura_pomifera
dataset/images/lab/Auto_cropped/catalpa_bignonioides/pi2783-07-3.jpg,catalpa_bignonioides
dataset/images/field/styrax_japonica/13002208608530.jpg,styrax_japonica
dataset/images/lab/Auto_cropped/ulmus_americana/pi2489-06-2.jpg,ulmus_americana
dataset/images/lab/Auto_cropped/aesculus_pavi/ny1020-02-2.jpg,aesculus_pavi
dataset/images/lab/Auto_cropped/chionanthus_virginicus/pi2215-04-3.jpg,chionanthus_virginicus
dataset/images/lab/Auto_cropped/diospyros_virginiana/pi0196-10-4.jpg,diospyros_virginiana
dataset/images/lab/Auto_cropped/acer_palmatum/wb1128-06-3.jpg,acer_palmatum
dataset/images/field/catalpa_bignonioides/13001269158948.jpg,catalpa_bignonioides
dataset/images/lab/Auto_cropped/broussonettia_papyrifera/wb1389-05-4.jpg,broussonettia_papyrifera
dataset/images/lab/Auto_cropped/acer_palmatum/wb1128-06-4.jpg,acer_palmatum
dataset/images/lab/Auto_cropped/cercis_canadensis/pi0014-01-4.jpg,cercis_canadensis
dataset/images/field/liriodendron_tulipifera/12992002746961.jpg,liriodendron_tulipifera
dataset/images/lab/Auto_cropped/quercus_montana/pi0038-02-1.jpg,quercus_montana
dataset/images/field/carya_cordiformis/13001257142075.jpg,carya_cordiformis
dataset/images/field/cercis_canadensis/12991999122252.jpg,cercis_canadensis
dataset/images/lab/Auto_cropped/prunus_virginiana/wb1321-05-2.jpg,prunus_virginiana
dataset/images/field/carya_cordiformis/13001257147289.jpg,carya_cordiformis
dataset/images/lab/Auto_cropped/acer_rubrum/pi2610-08-4.jpg,acer_rubrum
dataset/images/lab/Auto_cropped/prunus_sargentii/ny1095-12-1.jpg,prunus_sargentii
dataset/images/lab/Auto_cropped/catalpa_bignonioides/pi2788-04-2.jpg,catalpa_bignonioides
dataset/images/lab/Auto_cropped/quercus_montana/pi1025-08-2.jpg,quercus_montana
dataset/images/field/ulmus_pumila/13291724500311.jpg,ulmus_pumila
dataset/images/lab/Auto_cropped/ulmus_rubra/wb1218-01-1.jpg,ulmus_rubra
dataset/images/lab/Auto_cropped/liriodendron_tulipifera/pi0069-03-2.jpg,liriodendron_tulipifera
dataset/images/lab/Auto_cropped/prunus_sargentii/ny1095-15-3.jpg,prunus_sargentii
dataset/images/lab/Auto_cropped/catalpa_bignonioides/pi2718-04-2.jpg,catalpa_bignonioides
dataset/images/lab/Auto_cropped/diospyros_virginiana/pi2199-07-2.jpg,diospyros_virginiana
dataset/images/lab/Auto_cropped/liriodendron_tulipifera/pi0068-03-1.jpg,liriodendron_tulipifera
dataset/images/lab/Auto_cropped/juglans_cinerea/wb1487-02-3.jpg,juglans_cinerea
dataset/images/lab/Auto_cropped/maclura_pomifera/pi2774-06-4.jpg,maclura_pomifera
dataset/images/lab/Auto_cropped/diospyros_virginiana/pi0196-10-1.jpg,diospyros_virginiana
dataset/images/lab/Auto_cropped/cercis_canadensis/pi0001-10-4.jpg,cercis_canadensis
dataset/images/lab/Auto_cropped/diospyros_virginiana/pi2200-09-2.jpg,diospyros_virginiana
dataset/images/field/cryptomeria_japonica/13001326974334.jpg,cryptomeria_japonica
dataset/images/lab/Auto_cropped/gleditsia_triacanthos/pi2769-10-2.jpg,gleditsia_triacanthos
dataset/images/lab/Auto_cropped/maclura_pomifera/pi2719-04-3.jpg,maclura_pomifera
dataset/images/field/liriodendron_tulipifera/12992002730362.jpg,liriodendron_tulipifera
dataset/images/lab/Auto_cropped/ulmus_rubra/wb1217-06-1.jpg,ulmus_rubra
dataset/images/field/abies_concolor/12995309740717.jpg,abies_concolor
dataset/images/lab/Auto_cropped/catalpa_bignonioides/pi2783-04-2.jpg,catalpa_bignonioides
dataset/images/field/quercus_montana/13292231175298.jpg,quercus_montana
dataset/images/lab/Auto_cropped/fraxinus_nigra/ny1053-09-4.jpg,fraxinus_nigra
dataset/images/lab/Auto_cropped/quercus_muehlenbergii/wb1529-10-3.jpg,quercus_muehlenbergii
dataset/images/lab/Auto_cropped/carya_cordiformis/pi0055-05-1.jpg,carya_cordiformis
dataset/images/lab/Auto_cropped/styrax_japonica/ny1003-01-4.jpg,styrax_japonica
dataset/images/lab/Auto_cropped/ilex_opaca/pi2490-07-3.jpg,ilex_opaca
dataset/images/lab/Auto_cropped/broussonettia_papyrifera/wb1388-06-3.jpg,broussonettia_papyrifera
dataset/images/lab/Auto_cropped/diospyros_virginiana/pi2201-04-2.jpg,diospyros_virginiana
dataset/images/field/gleditsia_triacanthos/12992001125085.jpg,gleditsia_triacanthos
dataset/images/lab/Auto_cropped/cercis_canadensis/pi0015-05-3.jpg,cercis_canadensis
dataset/images/lab/Auto_cropped/aesculus_pavi/ny1020-03-2.jpg,aesculus_pavi
dataset/images/field/acer_negundo/13001151160340.jpg,acer_negundo
dataset/images/lab/Auto_cropped/aesculus_pavi/ny1019-08-4.jpg,aesculus_pavi
dataset/images/field/acer_rubrum/13001155905480.jpg,acer_rubrum
dataset/images/lab/Auto_cropped/acer_negundo/pi2027-03-1.jpg,acer_negundo
dataset/images/lab/Auto_cropped/styrax_japonica/ny1002-09-2.jpg,styrax_japonica
dataset/images/lab/Auto_cropped/acer_negundo/pi2026-06-1.jpg,acer_negundo
dataset/images/lab/Auto_cropped/ilex_opaca/pi2490-07-2.jpg,ilex_opaca
dataset/images/lab/Auto_cropped/acer_palmatum/wb1127-08-4.jpg,acer_palmatum
dataset/images/field/gleditsia_triacanthos/12992000937154.jpg,gleditsia_triacanthos
dataset/images/lab/Auto_cropped/ptelea_trifoliata/pi0007-04-2.jpg,ptelea_trifoliata
dataset/images/field/acer_palmatum/13001152965241.jpg,acer_palmatum
dataset/images/lab/Auto_cropped/ulmus_pumila/ny1048-04-2.jpg,ulmus_pumila
dataset/images/lab/Auto_cropped/maclura_pomifera/pi2235-05-1.jpg,maclura_pomifera
dataset/images/field/staphylea_trifolia/13291710349362.jpg,staphylea_trifolia
dataset/images/field/asimina_triloba/13001240196540.jpg,asimina_triloba
dataset/images/lab/Auto_cropped/catalpa_bignonioides/pi2784-07-2.jpg,catalpa_bignonioides
dataset/images/lab/Auto_cropped/ulmus_pumila/ny1048-05-1.jpg,ulmus_pumila
dataset/images/field/aesculus_pavi/13291655551969.jpg,aesculus_pavi
dataset/images/lab/Auto_cropped/ulmus_rubra/wb1217-10-4.jpg,ulmus_rubra
dataset/images/lab/Auto_cropped/diospyros_virginiana/pi2198-03-3.jpg,diospyros_virginiana
dataset/images/lab/Auto_cropped/ulmus_pumila/ny1048-05-2.jpg,ulmus_pumila
dataset/images/lab/Auto_cropped/maclura_pomifera/pi2719-05-4.jpg,maclura_pomifera
dataset/images/lab/Auto_cropped/catalpa_bignonioides/pi2788-05-1.jpg,catalpa_bignonioides
dataset/images/lab/Auto_cropped/ilex_opaca/pi2630-08-2.jpg,ilex_opaca
dataset/images/lab/Auto_cropped/diospyros_virginiana/pi2200-05-1.jpg,diospyros_virginiana
dataset/images/lab/Auto_cropped/diospyros_virginiana/pi2199-04-1.jpg,diospyros_virginiana
dataset/images/lab/Auto_cropped/broussonettia_papyrifera/ny1123-06-4.jpg,broussonettia_papyrifera
dataset/images/field/styrax_japonica/13002208601356.jpg,styrax_japonica
dataset/images/lab/Auto_cropped/carya_cordiformis/pi2337-05-1.jpg,carya_cordiformis
dataset/images/lab/Auto_cropped/diospyros_virginiana/pi2198-08-4.jpg,diospyros_virginiana
dataset/images/lab/Auto_cropped/abies_concolor/ny1157-30-2.jpg,abies_concolor
dataset/images/lab/Auto_cropped/acer_negundo/pi2028-06-2.jpg,acer_negundo
dataset/images/lab/Auto_cropped/acer_rubrum/pi2609-07-2.jpg,acer_rubrum
dataset/images/field/styrax_japonica/13002208609750.jpg,styrax_japonica
dataset/images/field/juglans_cinerea/13292191168943.jpg,juglans_cinerea
dataset/images/field/ulmus_pumila/13291724501699.jpg,ulmus_pumila
dataset/images/field/catalpa_bignonioides/13001269152453.jpg,catalpa_bignonioides
dataset/images/lab/Auto_cropped/acer_rubrum/pi2773-03-4.jpg,acer_rubrum
dataset/images/field/aesculus_pavi/13291655557306.jpg,aesculus_pavi
dataset/images/lab/Auto_cropped/acer_rubrum/pi2608-06-2.jpg,acer_rubrum
dataset/images/lab/Auto_cropped/prunus_virginiana/wb1321-01-4.jpg,prunus_virginiana
dataset/images/field/styrax_japonica/13002208607977.jpg,styrax_japonica
dataset/images/lab/Auto_cropped/asimina_triloba/pi2177-10-3.jpg,asimina_triloba
dataset/images/lab/Auto_cropped/acer_negundo/pi2028-09-2.jpg,acer_negundo
dataset/images/lab/Auto_cropped/maclura_pomifera/pi2776-05-2.jpg,maclura_pomifera
dataset/images/lab/Auto_cropped/broussonettia_papyrifera/wb1389-03-1.jpg,broussonettia_papyrifera
dataset/images/field/broussonettia_papyrifera/13001252076304.jpg,broussonettia_papyrifera
dataset/images/field/aesculus_pavi/13291655556378.jpg,aesculus_pavi
dataset/images/lab/Auto_cropped/prunus_sargentii/ny1095-06-3.jpg,prunus_sargentii
dataset/images/field/abies_concolor/12995309741404.jpg,abies_concolor
dataset/images/field/carya_cordiformis/13001257141044.jpg,carya_cordiformis
dataset/images/field/prunus_virginiana/13010820798563.jpg,prunus_virginiana
dataset/images/lab/Auto_cropped/chionanthus_virginicus/pi2216-04-1.jpg,chionanthus_virginicus
dataset/images/lab/Auto_cropped/maclura_pomifera/pi2235-03-3.jpg,maclura_pomifera
dataset/images/lab/Auto_cropped/carya_cordiformis/pi0054-02-1.jpg,carya_cordiformis
dataset/images/lab/Auto_cropped/chionanthus_virginicus/pi0034-08-2.jpg,chionanthus_virginicus
dataset/images/field/gleditsia_triacanthos/12992001062993.jpg,gleditsia_triacanthos
dataset/images/lab/Auto_cropped/staphylea_trifolia/pi2197-06-4.jpg,staphylea_trifolia
dataset/images/lab/Auto_cropped/quercus_montana/pi1025-08-1.jpg,quercus_montana
dataset/images/lab/Auto_cropped/abies_concolor/ny1178-04-2.jpg,abies_concolor
dataset/images/lab/Auto_cropped/staphylea_trifolia/pi2463-02-2.jpg,staphylea_trifolia
dataset/images/lab/Auto_cropped/carya_cordiformis/pi2337-05-3.jpg,carya_cordiformis
dataset/images/lab/Auto_cropped/styrax_japonica/ny1001-03-3.jpg,styrax_japonica
dataset/images/lab/Auto_cropped/ostrya_virginiana/pi1052-01-4.jpg,ostrya_virginiana
dataset/images/lab/Auto_cropped/styrax_japonica/ny1001-08-3.jpg,styrax_japonica
dataset/images/field/aesculus_pavi/13033299106993.jpg,aesculus_pavi
dataset/images/lab/Auto_cropped/ilex_opaca/pi2630-02-3.jpg,ilex_opaca
dataset/images/lab/Auto_cropped/styrax_japonica/ny1002-06-4.jpg,styrax_japonica
dataset/images/lab/Auto_cropped/styrax_japonica/ny1003-04-2.jpg,styrax_japonica
dataset/images/field/acer_rubrum/13001155906627.jpg,acer_rubrum
dataset/images/lab/Auto_cropped/asimina_triloba/pi2181-05-4.jpg,asimina_triloba
dataset/images/lab/Auto_cropped/ostrya_virginiana/pi2461-04-2.jpg,ostrya_virginiana
dataset/images/field/gleditsia_triacanthos/12992001133826.jpg,gleditsia_triacanthos
dataset/images/lab/Auto_cropped/aesculus_pavi/ny1019-01-4.jpg,aesculus_pavi
dataset/images/lab/Auto_cropped/quercus_muehlenbergii/wb1529-08-1.jpg,quercus_muehlenbergii
dataset/images/lab/Auto_cropped/catalpa_bignonioides/pi2784-09-3.jpg,catalpa_bignonioides
dataset/images/lab/Auto_cropped/juglans_cinerea/wb1487-03-3.jpg,juglans_cinerea
dataset/images/lab/Auto_cropped/cryptomeria_japonica/ny1055-04-3.jpg,cryptomeria_japonica
dataset/images/lab/Auto_cropped/acer_rubrum/pi2610-05-1.jpg,acer_rubrum
dataset/images/lab/Auto_cropped/ulmus_americana/pi0020-06-1.jpg,ulmus_americana
dataset/images/lab/Auto_cropped/staphylea_trifolia/pi2196-08-2.jpg,staphylea_trifolia
dataset/images/lab/Auto_cropped/ostrya_virginiana/pi1052-01-2.jpg,ostrya_virginiana
dataset/images/field/aesculus_pavi/13291655556045.jpg,aesculus_pavi
dataset/images/lab/Auto_cropped/acer_negundo/pi2029-08-1.jpg,acer_negundo
dataset/images/lab/Auto_cropped/ostrya_virginiana/pi1052-05-2.jpg,ostrya_virginiana
dataset/images/field/fraxinus_nigra/13291804057356.jpg,fraxinus_nigra
dataset/images/lab/Auto_cropped/catalpa_bignonioides/pi2788-09-1.jpg,catalpa_bignonioides
dataset/images/lab/Auto_cropped/ulmus_americana/pi0020-07-4.jpg,ulmus_americana
dataset/images/lab/Auto_cropped/fraxinus_nigra/ny1053-11-4.jpg,fraxinus_nigra
dataset/images/lab/Auto_cropped/acer_negundo/pi2026-10-4.jpg,acer_negundo
dataset/images/lab/Auto_cropped/quercus_muehlenbergii/wb1529-07-1.jpg,quercus_muehlenbergii
dataset/images/lab/Auto_cropped/juglans_cinerea/wb1487-08-1.jpg,juglans_cinerea
dataset/images/lab/Auto_cropped/aesculus_pavi/ny1019-09-2.jpg,aesculus_pavi
dataset/images/field/catalpa_bignonioides/13001269157936.jpg,catalpa_bignonioides
dataset/images/lab/Auto_cropped/maclura_pomifera/pi2776-03-3.jpg,maclura_pomifera
dataset/images/lab/Auto_cropped/quercus_montana/pi0040-03-1.jpg,quercus_montana
dataset/images/lab/Auto_cropped/prunus_virginiana/wb1321-02-3.jpg,prunus_virginiana
dataset/images/lab/Auto_cropped/ulmus_rubra/pi2615-02-2.jpg,ulmus_rubra
dataset/images/lab/Auto_cropped/ptelea_trifoliata/pi0003-07-2.jpg,ptelea_trifoliata
dataset/images/lab/Auto_cropped/liriodendron_tulipifera/pi2249-01-4.jpg,liriodendron_tulipifera
dataset/images/field/acer_rubrum/13001155904688.jpg,acer_rubrum
dataset/images/field/styrax_japonica/13002208606771.jpg,styrax_japonica
dataset/images/lab/Auto_cropped/staphylea_trifolia/pi0238-04-2.jpg,staphylea_trifolia
dataset/images/lab/Auto_cropped/fraxinus_nigra/ny1053-20-1.jpg,fraxinus_nigra
dataset/images/lab/Auto_cropped/liriodendron_tulipifera/pi0069-05-4.jpg,liriodendron_tulipifera
dataset/images/lab/Auto_cropped/prunus_virginiana/wb1319-01-2.jpg,prunus_virginiana
dataset/images/lab/Auto_cropped/diospyros_virginiana/pi2198-03-1.jpg,diospyros_virginiana
dataset/images/lab/Auto_cropped/ilex_opaca/pi2490-02-4.jpg,ilex_opaca
dataset/images/lab/Auto_cropped/ilex_opaca/pi2630-10-1.jpg,ilex_opaca
dataset/images/lab/Auto_cropped/ulmus_rubra/pi2615-02-4.jpg,ulmus_rubra
dataset/images/field/carya_cordiformis/13001257144043.jpg,carya_cordiformis
dataset/images/lab/Auto_cropped/aesculus_pavi/ny1020-04-1.jpg,aesculus_pavi
dataset/images/field/aesculus_pavi/13033299101999.jpg,aesculus_pavi
dataset/images/lab/Auto_cropped/acer_rubrum/pi2773-05-2.jpg,acer_rubrum
dataset/images/lab/Auto_cropped/abies_concolor/ny1179-02-4.jpg,abies_concolor
dataset/images/lab/Auto_cropped/chionanthus_virginicus/pi2214-04-1.jpg,chionanthus_virginicus
dataset/images/lab/Auto_cropped/ulmus_rubra/wb1217-01-3.jpg,ulmus_rubra
dataset/images/lab/Auto_cropped/asimina_triloba/pi2180-06-4.jpg,asimina_triloba
dataset/images/field/ulmus_rubra/13002228283208.jpg,ulmus_rubra
dataset/images/lab/Auto_cropped/abies_concolor/ny1157-02-2.jpg,abies_concolor
dataset/images/lab/Auto_cropped/asimina_triloba/pi2179-06-1.jpg,asimina_triloba
dataset/images/field/ulmus_pumila/13291724500035.jpg,ulmus_pumila
dataset/images/field/ilex_opaca/1259044643_0020.jpg,ilex_opaca
dataset/images/field/asimina_triloba/13001240196103.jpg,asimina_triloba
dataset/images/lab/Auto_cropped/fraxinus_nigra/ny1053-05-3.jpg,fraxinus_nigra
dataset/images/field/aesculus_pavi/13033299102072.jpg,aesculus_pavi
dataset/images/lab/Auto_cropped/prunus_virginiana/wb1319-06-3.jpg,prunus_virginiana
dataset/images/lab/Auto_cropped/ptelea_trifoliata/pi0019-09-2.jpg,ptelea_trifoliata
dataset/images/lab/Auto_cropped/acer_rubrum/pi2611-01-4.jpg,acer_rubrum
dataset/images/lab/Auto_cropped/carya_cordiformis/pi0053-04-1.jpg,carya_cordiformis
dataset/images/lab/Auto_cropped/acer_palmatum/wb1129-03-4.jpg,acer_palmatum
dataset/images/lab/Auto_cropped/abies_concolor/ny1157-14-2.jpg,abies_concolor
dataset/images/lab/Auto_cropped/cercis_canadensis/pi0014-06-3.jpg,cercis_canadensis
dataset/images/lab/Auto_cropped/ulmus_pumila/ny1050-03-1.jpg,ulmus_pumila
dataset/images/lab/Auto_cropped/ptelea_trifoliata/pi0004-01-4.jpg,ptelea_trifoliata
dataset/images/lab/Auto_cropped/juglans_cinerea/wb1488-09-2.jpg,juglans_cinerea
dataset/images/lab/Auto_cropped/acer_rubrum/pi2388-01-1.jpg,acer_rubrum
dataset/images/lab/Auto_cropped/ulmus_pumila/ny1050-05-2.jpg,ulmus_pumila
dataset/images/lab/Auto_cropped/ilex_opaca/pi0219-10-4.jpg,ilex_opaca
dataset/images/lab/Auto_cropped/gleditsia_triacanthos/pi1072-01-4.jpg,gleditsia_triacanthos
dataset/images/lab/Auto_cropped/quercus_montana/pi0040-03-3.jpg,quercus_montana
dataset/images/lab/Auto_cropped/ulmus_rubra/wb1218-09-2.jpg,ulmus_rubra
dataset/images/lab/Auto_cropped/acer_negundo/pi2026-08-2.jpg,acer_negundo
dataset/images/field/cryptomeria_japonica/13001326970053.jpg,cryptomeria_japonica
dataset/images/lab/Auto_cropped/catalpa_bignonioides/pi2788-09-3.jpg,catalpa_bignonioides
dataset/images/lab/Auto_cropped/ulmus_rubra/pi2614-06-3.jpg,ulmus_rubra
dataset/images/lab/Auto_cropped/abies_concolor/ny1157-06-4.jpg,abies_concolor
dataset/images/field/asimina_triloba/13001240197770.jpg,asimina_triloba
dataset/images/lab/Auto_cropped/styrax_japonica/ny1003-02-4.jpg,styrax_japonica
dataset/images/lab/Auto_cropped/acer_palmatum/wb1128-04-4.jpg,acer_palmatum
dataset/images/field/fraxinus_nigra/13291804051438.jpg,fraxinus_nigra
dataset/images/lab/Auto_cropped/gleditsia_triacanthos/pi2767-03-2.jpg,gleditsia_triacanthos
dataset/images/lab/Auto_cropped/acer_negundo/pi2025-07-2.jpg,acer_negundo
dataset/images/lab/Auto_cropped/liriodendron_tulipifera/pi2249-01-2.jpg,liriodendron_tulipifera
dataset/images/lab/Auto_cropped/broussonettia_papyrifera/wb1388-09-3.jpg,broussonettia_papyrifera
dataset/images/field/prunus_virginiana/13002169499640.jpg,prunus_virginiana
dataset/images/lab/Auto_cropped/gleditsia_triacanthos/pi2769-11-3.jpg,gleditsia_triacanthos
dataset/images/field/aesculus_pavi/13033299107431.jpg,aesculus_pavi
dataset/images/field/fraxinus_nigra/13291804059098.jpg,fraxinus_nigra
dataset/images/lab/Auto_cropped/ulmus_rubra/pi2614-06-2.jpg,ulmus_rubra
dataset/images/field/cercis_canadensis/12991999200613.jpg,cercis_canadensis
dataset/images/lab/Auto_cropped/diospyros_virginiana/pi2199-05-1.jpg,diospyros_virginiana
dataset/images/lab/Auto_cropped/maclura_pomifera/pi2719-08-1.jpg,maclura_pomifera
dataset/images/lab/Auto_cropped/quercus_muehlenbergii/wb1529-05-2.jpg,quercus_muehlenbergii
dataset/images/lab/Auto_cropped/liriodendron_tulipifera/pi2247-06-2.jpg,liriodendron_tulipifera
dataset/images/lab/Auto_cropped/cryptomeria_japonica/ny1055-06-4.jpg,cryptomeria_japonica
dataset/images/field/acer_palmatum/13001152966798.jpg,acer_palmatum
dataset/images/field/cercis_canadensis/12991999029622.jpg,cercis_canadensis
dataset/images/lab/Auto_cropped/maclura_pomifera/pi2775-01-3.jpg,maclura_pomifera
dataset/images/lab/Auto_cropped/ostrya_virginiana/pi1052-02-3.jpg,ostrya_virginiana
dataset/images/lab/Auto_cropped/quercus_muehlenbergii/wb1530-08-3.jpg,quercus_muehlenbergii
dataset/images/lab/Auto_cropped/ptelea_trifoliata/pi0007-03-4.jpg,ptelea_trifoliata
dataset/images/lab/Auto_cropped/fraxinus_nigra/ny1053-07-1.jpg,fraxinus_nigra
dataset/images/lab/Auto_cropped/cercis_canadensis/pi1041-01-1.jpg,cercis_canadensis
dataset/images/lab/Auto_cropped/acer_rubrum/pi2773-01-4.jpg,acer_rubrum
dataset/images/lab/Auto_cropped/maclura_pomifera/pi2776-07-4.jpg,maclura_pomifera
dataset/images/lab/Auto_cropped/aesculus_pavi/ny1019-02-4.jpg,aesculus_pavi
dataset/images/lab/Auto_cropped/liriodendron_tulipifera/pi2247-08-1.jpg,liriodendron_tulipifera
dataset/images/lab/Auto_cropped/ulmus_americana/pi2486-07-4.jpg,ulmus_americana
dataset/images/lab/Auto_cropped/prunus_sargentii/ny1095-15-4.jpg,prunus_sargentii
dataset/images/lab/Auto_cropped/ilex_opaca/pi1021-04-3.jpg,ilex_opaca
dataset/images/field/liriodendron_tulipifera/12992002752738.jpg,liriodendron_tulipifera
dataset/images/field/aesculus_pavi/13291655552670.jpg,aesculus_pavi
dataset/images/lab/Auto_cropped/ilex_opaca/pi2490-03-2.jpg,ilex_opaca
dataset/images/field/cercis_canadensis/12991998992727.jpg,cercis_canadensis
dataset/images/field/acer_palmatum/13001152967479.jpg,acer_palmatum
dataset/images/lab/Auto_cropped/ostrya_virginiana/pi2461-08-2.jpg,ostrya_virginiana
dataset/images/lab/Auto_cropped/catalpa_bignonioides/pi2783-09-2.jpg,catalpa_bignonioides
dataset/images/lab/Auto_cropped/ulmus_americana/pi2486-07-2.jpg,ulmus_americana
dataset/images/lab/Auto_cropped/ulmus_rubra/pi2613-09-2.jpg,ulmus_rubra
dataset/images/field/asimina_triloba/13001240192524.jpg,asimina_triloba
dataset/images/lab/Auto_cropped/diospyros_virginiana/pi0196-09-1.jpg,diospyros_virginiana
dataset/images/lab/Auto_cropped/juglans_cinerea/wb1488-10-1.jpg,juglans_cinerea
dataset/images/lab/Auto_cropped/quercus_muehlenbergii/wb1530-03-3.jpg,quercus_muehlenbergii
dataset/images/field/liriodendron_tulipifera/12992002750093.jpg,liriodendron_tulipifera
dataset/images/lab/Auto_cropped/maclura_pomifera/pi2774-08-4.jpg,maclura_pomifera
dataset/images/field/prunus_virginiana/13002166698810.jpg,prunus_virginiana
dataset/images/lab/Auto_cropped/catalpa_bignonioides/pi2788-08-2.jpg,catalpa_bignonioides
dataset/images/lab/Auto_cropped/catalpa_bignonioides/pi2784-02-1.jpg,catalpa_bignonioides
dataset/images/lab/Auto_cropped/acer_palmatum/wb1128-03-4.jpg,acer_palmatum
dataset/images/lab/Auto_cropped/ilex_opaca/pi0056-01-3.jpg,ilex_opaca
dataset/images/lab/Auto_cropped/carya_cordiformis/pi0055-08-1.jpg,carya_cordiformis
dataset/images/field/broussonettia_papyrifera/13001252070610.jpg,broussonettia_papyrifera
dataset/images/lab/Auto_cropped/ulmus_americana/pi2486-04-3.jpg,ulmus_americana
dataset/images/lab/Auto_cropped/ilex_opaca/pi2630-05-2.jpg,ilex_opaca
dataset/images/field/ptelea_trifoliata/13292213864429.jpg,ptelea_trifoliata
dataset/images/field/styrax_japonica/13002208606735.jpg,styrax_japonica
dataset/images/lab/Auto_cropped/fraxinus_nigra/ny1053-21-3.jpg,fraxinus_nigra
dataset/images/lab/Auto_cropped/acer_rubrum/pi2608-04-3.jpg,acer_rubrum
dataset/images/lab/Auto_cropped/gleditsia_triacanthos/pi2768-09-2.jpg,gleditsia_triacanthos
dataset/images/field/staphylea_trifolia/13291710347327.jpg,staphylea_trifolia
dataset/images/lab/Auto_cropped/cryptomeria_japonica/ny1055-07-2.jpg,cryptomeria_japonica
dataset/images/lab/Auto_cropped/acer_rubrum/pi2610-11-2.jpg,acer_rubrum
dataset/images/lab/Auto_cropped/acer_rubrum/pi2388-07-1.jpg,acer_rubrum
dataset/images/lab/Auto_cropped/ptelea_trifoliata/pi0006-06-4.jpg,ptelea_trifoliata
dataset/images/lab/Auto_cropped/quercus_montana/pi0038-08-1.jpg,quercus_montana
dataset/images/lab/Auto_cropped/ulmus_americana/pi2486-11-4.jpg,ulmus_americana
dataset/images/lab/Auto_cropped/prunus_sargentii/ny1095-13-1.jpg,prunus_sargentii
dataset/images/lab/Auto_cropped/acer_rubrum/pi2608-03-1.jpg,acer_rubrum
dataset/images/lab/Auto_cropped/ostrya_virginiana/pi2462-05-1.jpg,ostrya_virginiana
dataset/images/field/chionanthus_virginicus/13001305196925.jpg,chionanthus_virginicus
dataset/images/field/acer_negundo/13001151164384.jpg,acer_negundo
dataset/images/lab/Auto_cropped/fraxinus_nigra/ny1053-30-3.jpg,fraxinus_nigra
dataset/images/lab/Auto_cropped/cercis_canadensis/pi0001-10-2.jpg,cercis_canadensis
dataset/images/field/ilex_opaca/1258479670_0002.jpg,ilex_opaca
dataset/images/field/ulmus_pumila/13291724509271.jpg,ulmus_pumila
dataset/images/lab/Auto_cropped/ulmus_pumila/ny1049-09-3.jpg,ulmus_pumila
dataset/images/lab/Auto_cropped/acer_negundo/pi2026-05-2.jpg,acer_negundo
dataset/images/lab/Auto_cropped/prunus_sargentii/ny1094-14-4.jpg,prunus_sargentii
dataset/images/field/broussonettia_papyrifera/13001252076328.jpg,broussonettia_papyrifera
dataset/images/field/ptelea_trifoliata/13292213868194.jpg,ptelea_trifoliata
dataset/images/lab/Auto_cropped/ptelea_trifoliata/pi0005-02-4.jpg,ptelea_trifoliata
dataset/images/lab/Auto_cropped/liriodendron_tulipifera/pi2247-03-4.jpg,liriodendron_tulipifera
dataset/images/field/carya_cordiformis/13001257144471.jpg,carya_cordiformis
dataset/images/lab/Auto_cropped/diospyros_virginiana/pi2198-09-4.jpg,diospyros_virginiana
dataset/images/lab/Auto_cropped/abies_concolor/ny1157-12-1.jpg,abies_concolor
dataset/images/lab/Auto_cropped/ulmus_rubra/pi2614-04-1.jpg,ulmus_rubra
dataset/images/lab/Auto_cropped/asimina_triloba/pi2178-01-2.jpg,asimina_triloba
dataset/images/lab/Auto_cropped/diospyros_virginiana/pi2201-07-3.jpg,diospyros_virginiana
dataset/images/lab/Auto_cropped/liriodendron_tulipifera/pi0068-02-4.jpg,liriodendron_tulipifera
dataset/images/field/prunus_virginiana/13010820799297.jpg,prunus_virginiana
dataset/images/lab/Auto_cropped/quercus_montana/pi0039-05-1.jpg,quercus_montana
dataset/images/lab/Auto_cropped/quercus_montana/pi0038-01-3.jpg,quercus_montana
dataset/images/field/aesculus_pavi/13291655551912.jpg,aesculus_pavi
dataset/images/lab/Auto_cropped/diospyros_virginiana/pi2201-10-4.jpg,diospyros_virginiana
dataset/images/lab/Auto_cropped/ostrya_virginiana/pi2461-01-4.jpg,ostrya_virginiana
dataset/images/lab/Auto_cropped/acer_rubrum/pi2773-03-2.jpg,acer_rubrum
dataset/images/lab/Auto_cropped/aesculus_pavi/ny1019-07-4.jpg,aesculus_pavi
dataset/images/lab/Auto_cropped/ulmus_rubra/pi2615-04-1.jpg,ulmus_rubra
dataset/images/lab/Auto_cropped/ptelea_trifoliata/pi0019-02-2.jpg,ptelea_trifoliata
dataset/images/lab/Auto_cropped/broussonettia_papyrifera/ny1123-05-3.jpg,broussonettia_papyrifera
dataset/images/field/acer_palmatum/1249316680_0004.jpg,acer_palmatum
dataset/images/lab/Auto_cropped/ulmus_rubra/wb1218-03-2.jpg,ulmus_rubra
dataset/images/lab/Auto_cropped/broussonettia_papyrifera/wb1388-05-1.jpg,broussonettia_papyrifera
dataset/images/lab/Auto_cropped/catalpa_bignonioides/pi2788-03-4.jpg,catalpa_bignonioides
dataset/images/lab/Auto_cropped/catalpa_bignonioides/pi2718-01-1.jpg,catalpa_bignonioides
dataset/images/field/cryptomeria_japonica/13001326976073.jpg,cryptomeria_japonica
dataset/images/lab/Auto_cropped/acer_rubrum/pi2609-04-2.jpg,acer_rubrum
dataset/images/lab/Auto_cropped/catalpa_bignonioides/pi2718-02-3.jpg,catalpa_bignonioides
dataset/images/lab/Auto_cropped/catalpa_bignonioides/pi1080-02-3.jpg,catalpa_bignonioides
dataset/images/lab/Auto_cropped/ulmus_americana/pi2489-10-3.jpg,ulmus_americana
dataset/images/lab/Auto_cropped/abies_concolor/ny1179-01-4.jpg,abies_concolor
dataset/images/lab/Auto_cropped/diospyros_virginiana/pi2198-01-3.jpg,diospyros_virginiana
dataset/images/lab/Auto_cropped/staphylea_trifolia/pi2196-02-1.jpg,staphylea_trifolia
dataset/images/lab/Auto_cropped/ulmus_americana/pi2488-08-2.jpg,ulmus_americana
dataset/images/lab/Auto_cropped/liriodendron_tulipifera/pi2248-07-3.jpg,liriodendron_tulipifera
dataset/images/field/diospyros_virginiana/12991999842234.jpg,diospyros_virginiana
dataset/images/lab/Auto_cropped/broussonettia_papyrifera/wb1388-09-4.jpg,broussonettia_papyrifera
dataset/images/field/carya_cordiformis/13001257147476.jpg,carya_cordiformis
dataset/images/lab/Auto_cropped/ulmus_pumila/ny1049-06-2.jpg,ulmus_pumila
dataset/images/lab/Auto_cropped/cryptomeria_japonica/ny1054-09-1.jpg,cryptomeria_japonica
dataset/images/field/asimina_triloba/13001240198718.jpg,asimina_triloba
dataset/images/field/ulmus_rubra/13002228288852.jpg,ulmus_rubra
dataset/images/field/acer_negundo/13001151167717.jpg,acer_negundo
dataset/images/lab/Auto_cropped/cercis_canadensis/pi2492-10-4.jpg,cercis_canadensis
dataset/images/lab/Auto_cropped/asimina_triloba/pi2181-03-2.jpg,asimina_triloba
dataset/images/lab/Auto_cropped/acer_rubrum/pi2608-06-4.jpg,acer_rubrum
dataset/images/lab/Auto_cropped/quercus_montana/pi0037-09-4.jpg,quercus_montana
dataset/images/lab/Auto_cropped/ulmus_rubra/pi2613-03-4.jpg,ulmus_rubra
dataset/images/lab/Auto_cropped/gleditsia_triacanthos/pi2769-04-4.jpg,gleditsia_triacanthos
dataset/images/lab/Auto_cropped/diospyros_virginiana/pi2201-06-1.jpg,diospyros_virginiana
dataset/images/lab/Auto_cropped/juglans_cinerea/wb1487-01-3.jpg,juglans_cinerea
dataset/images/lab/Auto_cropped/ptelea_trifoliata/pi0004-09-1.jpg,ptelea_trifoliata
dataset/images/field/gleditsia_triacanthos/12992001046630.jpg,gleditsia_triacanthos
dataset/images/lab/Auto_cropped/staphylea_trifolia/pi2196-03-4.jpg,staphylea_trifolia
dataset/images/lab/Auto_cropped/asimina_triloba/pi2178-08-3.jpg,asimina_triloba
dataset/images/lab/Auto_cropped/juglans_cinerea/wb1488-02-2.jpg,juglans_cinerea
dataset/images/lab/Auto_cropped/abies_concolor/ny1157-14-4.jpg,abies_concolor
dataset/images/lab/Auto_cropped/juglans_cinerea/wb1487-10-2.jpg,juglans_cinerea
dataset/images/lab/Auto_cropped/carya_cordiformis/pi0053-03-2.jpg,carya_cordiformis
dataset/images/lab/Auto_cropped/abies_concolor/ny1157-06-3.jpg,abies_concolor
dataset/images/lab/Auto_cropped/cercis_canadensis/pi2492-02-3.jpg,cercis_canadensis
dataset/images/field/acer_palmatum/13001152968008.jpg,acer_palmatum
dataset/images/lab/Auto_cropped/staphylea_trifolia/pi2464-05-1.jpg,staphylea_trifolia
dataset/images/field/ulmus_pumila/13291724508859.jpg,ulmus_pumila
dataset/images/lab/Auto_cropped/ulmus_rubra/wb1217-09-4.jpg,ulmus_rubra
dataset/images/field/liriodendron_tulipifera/12992002608002.jpg,liriodendron_tulipifera
dataset/images/lab/Auto_cropped/ptelea_trifoliata/pi0004-09-3.jpg,ptelea_trifoliata
dataset/images/lab/Auto_cropped/prunus_virginiana/wb1319-06-2.jpg,prunus_virginiana
dataset/images/lab/Auto_cropped/fraxinus_nigra/ny1053-10-2.jpg,fraxinus_nigra
dataset/images/lab/Auto_cropped/ostrya_virginiana/pi2462-10-1.jpg,ostrya_virginiana
dataset/images/lab/Auto_cropped/abies_concolor/ny1157-12-2.jpg,abies_concolor
dataset/images/lab/Auto_cropped/catalpa_bignonioides/pi2783-01-4.jpg,catalpa_bignonioides
dataset/images/field/ulmus_rubra/13002228284484.jpg,ulmus_rubra
dataset/images/field/cryptomeria_japonica/13001326971707.jpg,cryptomeria_japonica
dataset/images/lab/Auto_cropped/liriodendron_tulipifera/pi2248-02-3.jpg,liriodendron_tulipifera
dataset/images/field/prunus_virginiana/13002166699993.jpg,prunus_virginiana
dataset/images/field/aesculus_pavi/13033299107985.jpg,aesculus_pavi
dataset/images/lab/Auto_cropped/broussonettia_papyrifera/wb1389-03-4.jpg,broussonettia_papyrifera
dataset/images/lab/Auto_cropped/acer_rubrum/pi2388-07-3.jpg,acer_rubrum
dataset/images/lab/Auto_cropped/aesculus_pavi/ny1019-06-4.jpg,aesculus_pavi
dataset/images/lab/Auto_cropped/staphylea_trifolia/pi2197-01-3.jpg,staphylea_trifolia
dataset/images/lab/Auto_cropped/acer_negundo/pi2027-05-4.jpg,acer_negundo
dataset/images/lab/Auto_cropped/catalpa_bignonioides/pi2788-10-2.jpg,catalpa_bignonioides
dataset/images/field/styrax_japonica/13002208609225.jpg,styrax_japonica
dataset/images/field/liriodendron_tulipifera/12992002792506.jpg,liriodendron_tulipifera
dataset/images/field/prunus_sargentii/13292214151002.jpg,prunus_sargentii
dataset/images/field/staphylea_trifolia/13291710340542.jpg,staphylea_trifolia
dataset/images/lab/Auto_cropped/diospyros_virginiana/pi2200-06-2.jpg,diospyros_virginiana
dataset/images/field/cryptomeria_japonica/13001326976939.jpg,cryptomeria_japonica
dataset/images/lab/Auto_cropped/ulmus_americana/pi2486-10-4.jpg,ulmus_americana
dataset/images/lab/Auto_cropped/catalpa_bignonioides/pi2788-03-3.jpg,catalpa_bignonioides
dataset/images/lab/Auto_cropped/gleditsia_triacanthos/pi2766-02-1.jpg,gleditsia_triacanthos
dataset/images/field/ulmus_pumila/13291724501128.jpg,ulmus_pumila
dataset/images/lab/Auto_cropped/acer_rubrum/pi2773-09-2.jpg,acer_rubrum
dataset/images/field/prunus_sargentii/13292214153420.jpg,prunus_sargentii
dataset/images/lab/Auto_cropped/ulmus_pumila/ny1049-04-3.jpg,ulmus_pumila
dataset/images/field/cercis_canadensis/12991999203016.jpg,cercis_canadensis
dataset/images/lab/Auto_cropped/acer_negundo/pi2026-02-1.jpg,acer_negundo
dataset/images/lab/Auto_cropped/catalpa_bignonioides/pi2783-06-4.jpg,catalpa_bignonioides
dataset/images/field/chionanthus_virginicus/13001305192646.jpg,chionanthus_virginicus
dataset/images/field/carya_cordiformis/13001257141682.jpg,carya_cordiformis
dataset/images/field/acer_negundo/13001151160468.jpg,acer_negundo
dataset/images/lab/Auto_cropped/prunus_virginiana/wb1319-05-1.jpg,prunus_virginiana
dataset/images/field/fraxinus_nigra/13291804053497.jpg,fraxinus_nigra
dataset/images/lab/Auto_cropped/acer_rubrum/pi2388-07-4.jpg,acer_rubrum
dataset/images/lab/Auto_cropped/chionanthus_virginicus/pi2214-07-4.jpg,chionanthus_virginicus
dataset/images/lab/Auto_cropped/asimina_triloba/pi2181-04-3.jpg,asimina_triloba
dataset/images/field/ostrya_virginiana/13001985584334.jpg,ostrya_virginiana
dataset/images/lab/Auto_cropped/ulmus_pumila/ny1050-10-1.jpg,ulmus_pumila
dataset/images/lab/Auto_cropped/cryptomeria_japonica/ny1054-06-1.jpg,cryptomeria_japonica
dataset/images/field/diospyros_virginiana/12992000079622.jpg,diospyros_virginiana
dataset/images/lab/Auto_cropped/ptelea_trifoliata/pi0004-03-1.jpg,ptelea_trifoliata
dataset/images/field/prunus_virginiana/13002169496510.jpg,prunus_virginiana
dataset/images/field/abies_concolor/12995309744510.jpg,abies_concolor
dataset/images/lab/Auto_cropped/ilex_opaca/pi2490-03-3.jpg,ilex_opaca
dataset/images/field/liriodendron_tulipifera/12992002560705.jpg,liriodendron_tulipifera
dataset/images/field/liriodendron_tulipifera/12992002391477.jpg,liriodendron_tulipifera
dataset/images/lab/Auto_cropped/fraxinus_nigra/ny1053-06-3.jpg,fraxinus_nigra
dataset/images/lab/Auto_cropped/asimina_triloba/pi2178-07-4.jpg,asimina_triloba
dataset/images/lab/Auto_cropped/ilex_opaca/pi1021-04-2.jpg,ilex_opaca
dataset/images/lab/Auto_cropped/quercus_montana/pi0036-05-3.jpg,quercus_montana
dataset/images/lab/Auto_cropped/ptelea_trifoliata/pi0019-09-1.jpg,ptelea_trifoliata
dataset/images/field/aesculus_pavi/13291655557337.jpg,aesculus_pavi
dataset/images/field/ulmus_pumila/13291724509519.jpg,ulmus_pumila
dataset/images/lab/Auto_cropped/abies_concolor/ny1179-10-4.jpg,abies_concolor
dataset/images/lab/Auto_cropped/ptelea_trifoliata/pi0003-03-4.jpg,ptelea_trifoliata
dataset/images/field/acer_palmatum/13001152961287.jpg,acer_palmatum
dataset/images/field/prunus_virginiana/13002169491554.jpg,prunus_virginiana
dataset/images/lab/Auto_cropped/prunus_virginiana/wb1319-02-4.jpg,prunus_virginiana
dataset/images/lab/Auto_cropped/cercis_canadensis/pi2492-09-2.jpg,cercis_canadensis
dataset/images/lab/Auto_cropped/carya_cordiformis/pi0055-04-1.jpg,carya_cordiformis
dataset/images/lab/Auto_cropped/ostrya_virginiana/pi2195-07-3.jpg,ostrya_virginiana
dataset/images/lab/Auto_cropped/carya_cordiformis/pi0054-05-1.jpg,carya_cordiformis
dataset/images/lab/Auto_cropped/liriodendron_tulipifera/pi2247-02-1.jpg,liriodendron_tulipifera
dataset/images/lab/Auto_cropped/acer_rubrum/pi2773-03-1.jpg,acer_rubrum
dataset/images/field/prunus_virginiana/13002169495097.jpg,prunus_virginiana
dataset/images/lab/Auto_cropped/acer_palmatum/wb1128-08-3.jpg,acer_palmatum
dataset/images/lab/Auto_cropped/aesculus_pavi/ny1020-10-4.jpg,aesculus_pavi
dataset/images/lab/Auto_cropped/quercus_montana/pi0037-03-1.jpg,quercus_montana
dataset/images/field/acer_negundo/13001151166827.jpg,acer_negundo
dataset/images/lab/Auto_cropped/prunus_sargentii/ny1094-12-1.jpg,prunus_sargentii
dataset/images/field/styrax_japonica/13002208608015.jpg,styrax_japonica
dataset/images/lab/Auto_cropped/staphylea_trifolia/pi2196-05-4.jpg,staphylea_trifolia
dataset/images/lab/Auto_cropped/cercis_canadensis/pi0015-04-1.jpg,cercis_canadensis
dataset/images/lab/Auto_cropped/ulmus_rubra/wb1218-09-4.jpg,ulmus_rubra
dataset/images/lab/Auto_cropped/ulmus_pumila/ny1050-07-1.jpg,ulmus_pumila
dataset/images/field/broussonettia_papyrifera/13001252072120.jpg,broussonettia_papyrifera
dataset/images/lab/Auto_cropped/cryptomeria_japonica/ny1055-01-3.jpg,cryptomeria_japonica
dataset/images/lab/Auto_cropped/styrax_japonica/ny1002-04-3.jpg,styrax_japonica
dataset/images/lab/Auto_cropped/ulmus_americana/pi2489-06-1.jpg,ulmus_americana
dataset/images/lab/Auto_cropped/staphylea_trifolia/pi2197-10-1.jpg,staphylea_trifolia
dataset/images/lab/Auto_cropped/ptelea_trifoliata/pi0019-05-4.jpg,ptelea_trifoliata
dataset/images/lab/Auto_cropped/asimina_triloba/pi2181-01-3.jpg,asimina_triloba
dataset/images/lab/Auto_cropped/cercis_canadensis/pi2492-01-3.jpg,cercis_canadensis
dataset/images/lab/Auto_cropped/ulmus_americana/pi0020-07-3.jpg,ulmus_americana
dataset/images/lab/Auto_cropped/ulmus_americana/pi2487-05-2.jpg,ulmus_americana
dataset/images/field/abies_concolor/12995309746285.jpg,abies_concolor
dataset/images/lab/Auto_cropped/broussonettia_papyrifera/wb1389-07-1.jpg,broussonettia_papyrifera
dataset/images/lab/Auto_cropped/aesculus_pavi/ny1021-02-3.jpg,aesculus_pavi
dataset/images/lab/Auto_cropped/carya_cordiformis/pi0053-04-4.jpg,carya_cordiformis
dataset/images/lab/Auto_cropped/acer_negundo/pi2025-03-3.jpg,acer_negundo
dataset/images/lab/Auto_cropped/acer_negundo/pi2025-04-1.jpg,acer_negundo
dataset/images/lab/Auto_cropped/diospyros_virginiana/pi2200-01-2.jpg,diospyros_virginiana
dataset/images/field/gleditsia_triacanthos/12992001168663.jpg,gleditsia_triacanthos
dataset/images/lab/Auto_cropped/carya_cordiformis/pi0139-03-4.jpg,carya_cordiformis
dataset/images/lab/Auto_cropped/prunus_virginiana/wb1320-09-3.jpg,prunus_virginiana
dataset/images/field/prunus_virginiana/13002166692623.jpg,prunus_virginiana
dataset/images/lab/Auto_cropped/carya_cordiformis/pi2337-02-4.jpg,carya_cordiformis
dataset/images/lab/Auto_cropped/carya_cordiformis/pi0055-08-4.jpg,carya_cordiformis
dataset/images/lab/Auto_cropped/abies_concolor/ny1157-13-3.jpg,abies_concolor
dataset/images/field/acer_palmatum/13001152968991.jpg,acer_palmatum
dataset/images/field/diospyros_virginiana/12992000090239.jpg,diospyros_virginiana
dataset/images/lab/Auto_cropped/cercis_canadensis/pi2492-02-1.jpg,cercis_canadensis
dataset/images/lab/Auto_cropped/acer_negundo/pi2028-02-2.jpg,acer_negundo
dataset/images/lab/Auto_cropped/diospyros_virginiana/pi2201-08-1.jpg,diospyros_virginiana
dataset/images/lab/Auto_cropped/quercus_muehlenbergii/wb1529-10-1.jpg,quercus_muehlenbergii
dataset/images/lab/Auto_cropped/abies_concolor/ny1179-08-3.jpg,abies_concolor
dataset/images/lab/Auto_cropped/chionanthus_virginicus/pi2217-03-1.jpg,chionanthus_virginicus
dataset/images/field/quercus_montana/13292231174378.jpg,quercus_montana
dataset/images/field/aesculus_pavi/13033299102529.jpg,aesculus_pavi
dataset/images/lab/Auto_cropped/asimina_triloba/pi2178-03-3.jpg,asimina_triloba
dataset/images/field/liriodendron_tulipifera/12992002674682.jpg,liriodendron_tulipifera
dataset/images/lab/Auto_cropped/acer_negundo/pi2029-03-3.jpg,acer_negundo
dataset/images/lab/Auto_cropped/gleditsia_triacanthos/pi2768-02-1.jpg,gleditsia_triacanthos
dataset/images/lab/Auto_cropped/broussonettia_papyrifera/ny1123-05-1.jpg,broussonettia_papyrifera
dataset/images/lab/Auto_cropped/liriodendron_tulipifera/pi2248-09-4.jpg,liriodendron_tulipifera
dataset/images/lab/Auto_cropped/juglans_cinerea/wb1487-07-2.jpg,juglans_cinerea
dataset/images/field/acer_palmatum/13001152967441.jpg,acer_palmatum
dataset/images/lab/Auto_cropped/ptelea_trifoliata/pi0019-01-2.jpg,ptelea_trifoliata
dataset/images/lab/Auto_cropped/gleditsia_triacanthos/pi2769-02-1.jpg,gleditsia_triacanthos
dataset/images/lab/Auto_cropped/acer_palmatum/wb1129-01-4.jpg,acer_palmatum
dataset/images/lab/Auto_cropped/abies_concolor/ny1157-09-1.jpg,abies_concolor
dataset/images/lab/Auto_cropped/ilex_opaca/pi0056-02-2.jpg,ilex_opaca
dataset/images/lab/Auto_cropped/ptelea_trifoliata/pi0005-06-2.jpg,ptelea_trifoliata
dataset/images/field/prunus_sargentii/13292214150565.jpg,prunus_sargentii
dataset/images/lab/Auto_cropped/gleditsia_triacanthos/pi2769-01-2.jpg,gleditsia_triacanthos
dataset/images/field/carya_cordiformis/13001257146778.jpg,carya_cordiformis
dataset/images/lab/Auto_cropped/liriodendron_tulipifera/pi0068-05-1.jpg,liriodendron_tulipifera
dataset/images/lab/Auto_cropped/broussonettia_papyrifera/ny1122-09-4.jpg,broussonettia_papyrifera
dataset/images/lab/Auto_cropped/ulmus_pumila/ny1049-06-1.jpg,ulmus_pumila
dataset/images/field/juglans_cinerea/13292191167915.jpg,juglans_cinerea
dataset/images/field/styrax_japonica/13002208608248.jpg,styrax_japonica
dataset/images/lab/Auto_cropped/maclura_pomifera/pi2719-09-1.jpg,maclura_pomifera
dataset/images/field/chionanthus_virginicus/13001305191270.jpg,chionanthus_virginicus
dataset/images/lab/Auto_cropped/acer_negundo/pi2029-02-4.jpg,acer_negundo
dataset/images/field/cryptomeria_japonica/13001326978671.jpg,cryptomeria_japonica
dataset/images/field/acer_palmatum/13001152966767.jpg,acer_palmatum
dataset/images/lab/Auto_cropped/asimina_triloba/pi2179-10-4.jpg,asimina_triloba
dataset/images/lab/Auto_cropped/quercus_montana/pi0036-01-1.jpg,quercus_montana
dataset/images/field/ilex_opaca/1258479670_0004.jpg,ilex_opaca
dataset/images/field/aesculus_pavi/13291655553087.jpg,aesculus_pavi
dataset/images/lab/Auto_cropped/liriodendron_tulipifera/pi2247-04-1.jpg,liriodendron_tulipifera
dataset/images/field/asimina_triloba/13001240197576.jpg,asimina_triloba
dataset/images/lab/Auto_cropped/broussonettia_papyrifera/ny1123-08-2.jpg,broussonettia_papyrifera
dataset/images/lab/Auto_cropped/ptelea_trifoliata/pi0003-06-2.jpg,ptelea_trifoliata
dataset/images/lab/Auto_cropped/ulmus_americana/pi2489-03-2.jpg,ulmus_americana
dataset/images/lab/Auto_cropped/quercus_muehlenbergii/wb1529-07-4.jpg,quercus_muehlenbergii
dataset/images/field/chionanthus_virginicus/13001305194250.jpg,chionanthus_virginicus
dataset/images/lab/Auto_cropped/ptelea_trifoliata/pi0006-01-2.jpg,ptelea_trifoliata
dataset/images/lab/Auto_cropped/gleditsia_triacanthos/pi2769-10-4.jpg,gleditsia_triacanthos
dataset/images/lab/Auto_cropped/liriodendron_tulipifera/pi2248-09-3.jpg,liriodendron_tulipifera
dataset/images/field/cercis_canadensis/12991999242142.jpg,cercis_canadensis
dataset/images/lab/Auto_cropped/staphylea_trifolia/pi2197-08-2.jpg,staphylea_trifolia
dataset/images/lab/Auto_cropped/prunus_sargentii/ny1095-09-1.jpg,prunus_sargentii
dataset/images/lab/Auto_cropped/cercis_canadensis/pi0001-03-3.jpg,cercis_canadensis
dataset/images/lab/Auto_cropped/cryptomeria_japonica/ny1054-08-3.jpg,cryptomeria_japonica
dataset/images/lab/Auto_cropped/staphylea_trifolia/pi2464-06-3.jpg,staphylea_trifolia
dataset/images/field/carya_cordiformis/13001257144453.jpg,carya_cordiformis
dataset/images/lab/Auto_cropped/broussonettia_papyrifera/ny1124-04-3.jpg,broussonettia_papyrifera
dataset/images/lab/Auto_cropped/acer_palmatum/wb1128-09-4.jpg,acer_palmatum
dataset/images/lab/Auto_cropped/chionanthus_virginicus/pi2215-01-3.jpg,chionanthus_virginicus
dataset/images/lab/Auto_cropped/gleditsia_triacanthos/pi1072-03-1.jpg,gleditsia_triacanthos
dataset/images/lab/Auto_cropped/acer_rubrum/pi2773-08-1.jpg,acer_rubrum
dataset/images/lab/Auto_cropped/catalpa_bignonioides/pi2784-07-4.jpg,catalpa_bignonioides
dataset/images/lab/Auto_cropped/quercus_montana/pi0036-04-1.jpg,quercus_montana
dataset/images/lab/Auto_cropped/cercis_canadensis/pi0001-04-3.jpg,cercis_canadensis
dataset/images/field/acer_palmatum/1249316680_0000.jpg,acer_palmatum
dataset/images/field/diospyros_virginiana/12991999785260.jpg,diospyros_virginiana
dataset/images/lab/Auto_cropped/styrax_japonica/ny1003-05-4.jpg,styrax_japonica
dataset/images/lab/Auto_cropped/maclura_pomifera/pi2774-07-1.jpg,maclura_pomifera
dataset/images/field/catalpa_bignonioides/13001269158850.jpg,catalpa_bignonioides
dataset/images/lab/Auto_cropped/diospyros_virginiana/pi2200-05-4.jpg,diospyros_virginiana
dataset/images/field/ilex_opaca/1248105728_0002.jpg,ilex_opaca
dataset/images/field/ilex_opaca/1259044643_0024.jpg,ilex_opaca
dataset/images/lab/Auto_cropped/broussonettia_papyrifera/ny1122-05-3.jpg,broussonettia_papyrifera
dataset/images/field/gleditsia_triacanthos/12992001102615.jpg,gleditsia_triacanthos
dataset/images/lab/Auto_cropped/diospyros_virginiana/pi2201-07-4.jpg,diospyros_virginiana
dataset/images/field/staphylea_trifolia/13291710343880.jpg,staphylea_trifolia
dataset/images/field/prunus_virginiana/13010820795106.jpg,prunus_virginiana
dataset/images/lab/Auto_cropped/staphylea_trifolia/pi2197-03-4.jpg,staphylea_trifolia
dataset/images/lab/Auto_cropped/cryptomeria_japonica/ny1054-08-1.jpg,cryptomeria_japonica
dataset/images/field/acer_palmatum/1259110850_0079.jpg,acer_palmatum
dataset/images/lab/Auto_cropped/ulmus_rubra/pi2613-04-4.jpg,ulmus_rubra
dataset/images/lab/Auto_cropped/ostrya_virginiana/pi2462-04-3.jpg,ostrya_virginiana
dataset/images/lab/Auto_cropped/diospyros_virginiana/pi2199-02-4.jpg,diospyros_virginiana
dataset/images/lab/Auto_cropped/quercus_muehlenbergii/wb1531-08-1.jpg,quercus_muehlenbergii
dataset/images/lab/Auto_cropped/carya_cordiformis/pi0055-04-4.jpg,carya_cordiformis
dataset/images/lab/Auto_cropped/ilex_opaca/pi0056-10-1.jpg,ilex_opaca
dataset/images/lab/Auto_cropped/ostrya_virginiana/pi2462-02-4.jpg,ostrya_virginiana
dataset/images/field/aesculus_pavi/13291655557950.jpg,aesculus_pavi
dataset/images/field/styrax_japonica/13002208606677.jpg,styrax_japonica
dataset/images/lab/Auto_cropped/broussonettia_papyrifera/wb1389-03-2.jpg,broussonettia_papyrifera
dataset/images/lab/Auto_cropped/asimina_triloba/pi2181-09-1.jpg,asimina_triloba
dataset/images/lab/Auto_cropped/liriodendron_tulipifera/pi2247-05-2.jpg,liriodendron_tulipifera
dataset/images/lab/Auto_cropped/prunus_sargentii/ny1095-09-3.jpg,prunus_sargentii
dataset/images/field/prunus_virginiana/13002166691532.jpg,prunus_virginiana
dataset/images/lab/Auto_cropped/liriodendron_tulipifera/pi2249-09-4.jpg,liriodendron_tulipifera
dataset/images/lab/Auto_cropped/broussonettia_papyrifera/wb1389-07-2.jpg,broussonettia_papyrifera
dataset/images/lab/Auto_cropped/diospyros_virginiana/pi2200-08-2.jpg,diospyros_virginiana
dataset/images/lab/Auto_cropped/abies_concolor/ny1157-30-1.jpg,abies_concolor
dataset/images/lab/Auto_cropped/catalpa_bignonioides/pi2783-06-2.jpg,catalpa_bignonioides
dataset/images/lab/Auto_cropped/acer_rubrum/pi2608-03-3.jpg,acer_rubrum
dataset/images/field/ptelea_trifoliata/13292213865976.jpg,ptelea_trifoliata
dataset/images/lab/Auto_cropped/chionanthus_virginicus/pi2217-10-1.jpg,chionanthus_virginicus
dataset/images/lab/Auto_cropped/liriodendron_tulipifera/pi0068-04-3.jpg,liriodendron_tulipifera
dataset/images/lab/Auto_cropped/ostrya_virginiana/pi2462-03-3.jpg,ostrya_virginiana
dataset/images/lab/Auto_cropped/ulmus_americana/pi2489-09-4.jpg,ulmus_americana
dataset/images/lab/Auto_cropped/aesculus_pavi/ny1021-01-2.jpg,aesculus_pavi
dataset/images/lab/Auto_cropped/catalpa_bignonioides/pi1080-02-4.jpg,catalpa_bignonioides
dataset/images/lab/Auto_cropped/prunus_sargentii/ny1095-14-1.jpg,prunus_sargentii
dataset/images/lab/Auto_cropped/ulmus_pumila/ny1049-05-1.jpg,ulmus_pumila
dataset/images/lab/Auto_cropped/juglans_cinerea/wb1488-10-3.jpg,juglans_cinerea
dataset/images/lab/Auto_cropped/aesculus_pavi/ny1020-02-3.jpg,aesculus_pavi
dataset/images/field/prunus_virginiana/13010820798879.jpg,prunus_virginiana
dataset/images/lab/Auto_cropped/liriodendron_tulipifera/pi2248-01-2.jpg,liriodendron_tulipifera
dataset/images/field/fraxinus_nigra/13291804059300.jpg,fraxinus_nigra
dataset/images/lab/Auto_cropped/fraxinus_nigra/ny1053-28-4.jpg,fraxinus_nigra
dataset/images/field/liriodendron_tulipifera/12992002729830.jpg,liriodendron_tulipifera
dataset/images/lab/Auto_cropped/acer_palmatum/wb1129-10-2.jpg,acer_palmatum
dataset/images/lab/Auto_cropped/quercus_montana/pi0038-03-3.jpg,quercus_montana
dataset/images/lab/Auto_cropped/carya_cordiformis/pi0055-07-2.jpg,carya_cordiformis
dataset/images/field/styrax_japonica/13002208609476.jpg,styrax_japonica
dataset/images/lab/Auto_cropped/prunus_sargentii/ny1094-01-1.jpg,prunus_sargentii
dataset/images/lab/Auto_cropped/abies_concolor/ny1178-02-3.jpg,abies_concolor
dataset/images/lab/Auto_cropped/styrax_japonica/ny1002-10-2.jpg,styrax_japonica
dataset/images/lab/Auto_cropped/ilex_opaca/pi2630-11-2.jpg,ilex_opaca
dataset/images/field/juglans_cinerea/13292191164802.jpg,juglans_cinerea
dataset/images/lab/Auto_cropped/prunus_sargentii/ny1095-09-4.jpg,prunus_sargentii
dataset/images/lab/Auto_cropped/diospyros_virginiana/pi2198-07-1.jpg,diospyros_virginiana
dataset/images/lab/Auto_cropped/abies_concolor/ny1157-29-3.jpg,abies_concolor
dataset/images/lab/Auto_cropped/ulmus_rubra/wb1217-04-1.jpg,ulmus_rubra
dataset/images/lab/Auto_cropped/broussonettia_papyrifera/ny1123-09-3.jpg,broussonettia_papyrifera
dataset/images/lab/Auto_cropped/staphylea_trifolia/pi2464-07-4.jpg,staphylea_trifolia
dataset/images/lab/Auto_cropped/broussonettia_papyrifera/ny1123-09-2.jpg,broussonettia_papyrifera
dataset/images/lab/Auto_cropped/quercus_muehlenbergii/wb1531-09-4.jpg,quercus_muehlenbergii
dataset/images/lab/Auto_cropped/ulmus_rubra/pi2614-06-4.jpg,ulmus_rubra
dataset/images/field/ilex_opaca/1258479670_0006.jpg,ilex_opaca
dataset/images/lab/Auto_cropped/acer_rubrum/pi2610-08-3.jpg,acer_rubrum
dataset/images/lab/Auto_cropped/cryptomeria_japonica/ny1055-10-3.jpg,cryptomeria_japonica
dataset/images/lab/Auto_cropped/quercus_montana/pi0037-02-4.jpg,quercus_montana
dataset/images/lab/Auto_cropped/acer_rubrum/pi2609-07-3.jpg,acer_rubrum
dataset/images/lab/Auto_cropped/ilex_opaca/pi0056-10-2.jpg,ilex_opaca
dataset/images/lab/Auto_cropped/gleditsia_triacanthos/pi2769-09-1.jpg,gleditsia_triacanthos
dataset/images/lab/Auto_cropped/ulmus_rubra/wb1219-06-3.jpg,ulmus_rubra
dataset/images/lab/Auto_cropped/juglans_cinerea/wb1488-02-4.jpg,juglans_cinerea
dataset/images/lab/Auto_cropped/acer_rubrum/pi2611-03-1.jpg,acer_rubrum
dataset/images/field/chionanthus_virginicus/13001305191008.jpg,chionanthus_virginicus
dataset/images/field/fraxinus_nigra/13291804059343.jpg,fraxinus_nigra
dataset/images/field/cryptomeria_japonica/13001326975509.jpg,cryptomeria_japonica
dataset/images/lab/Auto_cropped/ulmus_rubra/wb1219-05-4.jpg,ulmus_rubra
dataset/images/lab/Auto_cropped/broussonettia_papyrifera/wb1389-05-1.jpg,broussonettia_papyrifera
dataset/images/lab/Auto_cropped/broussonettia_papyrifera/ny1122-09-2.jpg,broussonettia_papyrifera
dataset/images/lab/Auto_cropped/maclura_pomifera/pi2774-08-3.jpg,maclura_pomifera
dataset/images/lab/Auto_cropped/acer_rubrum/pi2611-09-1.jpg,acer_rubrum
dataset/images/lab/Auto_cropped/ostrya_virginiana/pi2462-10-3.jpg,ostrya_virginiana
dataset/images/lab/Auto_cropped/staphylea_trifolia/pi2197-04-1.jpg,staphylea_trifolia
dataset/images/lab/Auto_cropped/styrax_japonica/ny1003-02-2.jpg,styrax_japonica
dataset/images/lab/Auto_cropped/ulmus_rubra/wb1217-02-2.jpg,ulmus_rubra
dataset/images/field/quercus_montana/13292231179762.jpg,quercus_montana
dataset/images/lab/Auto_cropped/ulmus_rubra/wb1219-09-4.jpg,ulmus_rubra
dataset/images/lab/Auto_cropped/acer_rubrum/pi2773-10-3.jpg,acer_rubrum
dataset/images/field/ulmus_pumila/13291724503875.jpg,ulmus_pumila
dataset/images/lab/Auto_cropped/broussonettia_papyrifera/ny1123-10-4.jpg,broussonettia_papyrifera
dataset/images/lab/Auto_cropped/staphylea_trifolia/pi2464-06-2.jpg,staphylea_trifolia
dataset/images/lab/Auto_cropped/broussonettia_papyrifera/wb1389-01-1.jpg,broussonettia_papyrifera
dataset/images/field/prunus_virginiana/13002166697207.jpg,prunus_virginiana
dataset/images/field/ptelea_trifoliata/13292213866953.jpg,ptelea_trifoliata
dataset/images/lab/Auto_cropped/cercis_canadensis/pi0014-07-1.jpg,cercis_canadensis
dataset/images/lab/Auto_cropped/carya_cordiformis/pi0054-05-4.jpg,carya_cordiformis
dataset/images/lab/Auto_cropped/abies_concolor/ny1157-01-1.jpg,abies_concolor
dataset/images/lab/Auto_cropped/abies_concolor/ny1178-04-3.jpg,abies_concolor
dataset/images/lab/Auto_cropped/quercus_montana/pi1025-06-3.jpg,quercus_montana
dataset/images/field/prunus_virginiana/13010820798157.jpg,prunus_virginiana
dataset/images/lab/Auto_cropped/ilex_opaca/pi2490-08-2.jpg,ilex_opaca
dataset/images/lab/Auto_cropped/cercis_canadensis/pi0001-09-3.jpg,cercis_canadensis
dataset/images/field/styrax_japonica/13002208604971.jpg,styrax_japonica
dataset/images/field/ulmus_rubra/13002228288764.jpg,ulmus_rubra
dataset/images/lab/Auto_cropped/fraxinus_nigra/ny1053-06-4.jpg,fraxinus_nigra
dataset/images/lab/Auto_cropped/chionanthus_virginicus/pi2214-06-2.jpg,chionanthus_virginicus
dataset/images/lab/Auto_cropped/ulmus_pumila/ny1050-10-3.jpg,ulmus_pumila
dataset/images/lab/Auto_cropped/acer_palmatum/wb1128-06-1.jpg,acer_palmatum
dataset/images/lab/Auto_cropped/liriodendron_tulipifera/pi0068-07-2.jpg,liriodendron_tulipifera
dataset/images/lab/Auto_cropped/styrax_japonica/ny1002-09-4.jpg,styrax_japonica
dataset/images/field/acer_palmatum/13001152964155.jpg,acer_palmatum
dataset/images/lab/Auto_cropped/acer_rubrum/pi2610-07-4.jpg,acer_rubrum
dataset/images/lab/Auto_cropped/staphylea_trifolia/pi2197-04-4.jpg,staphylea_trifolia
dataset/images/field/aesculus_pavi/13291655557571.jpg,aesculus_pavi
dataset/images/field/styrax_japonica/13002208604500.jpg,styrax_japonica
dataset/images/lab/Auto_cropped/ptelea_trifoliata/pi0005-02-3.jpg,ptelea_trifoliata
dataset/images/field/gleditsia_triacanthos/12992001121762.jpg,gleditsia_triacanthos
dataset/images/field/asimina_triloba/13001240194625.jpg,asimina_triloba
dataset/images/lab/Auto_cropped/acer_negundo/pi2027-03-2.jpg,acer_negundo
dataset/images/lab/Auto_cropped/cercis_canadensis/pi0001-03-4.jpg,cercis_canadensis
dataset/images/field/asimina_triloba/13001240196343.jpg,asimina_triloba
dataset/images/field/ulmus_pumila/13291724505165.jpg,ulmus_pumila
dataset/images/lab/Auto_cropped/cercis_canadensis/pi1041-02-4.jpg,cercis_canadensis
dataset/images/lab/Auto_cropped/staphylea_trifolia/pi0238-03-1.jpg,staphylea_trifolia
dataset/images/field/quercus_montana/13292231173845.jpg,quercus_montana
dataset/images/field/acer_negundo/13001151169021.jpg,acer_negundo
dataset/images/lab/Auto_cropped/acer_palmatum/wb1129-10-4.jpg,acer_palmatum
dataset/images/lab/Auto_cropped/styrax_japonica/ny1001-09-2.jpg,styrax_japonica
dataset/images/lab/Auto_cropped/carya_cordiformis/pi0054-02-3.jpg,carya_cordiformis
dataset/images/lab/Auto_cropped/ulmus_pumila/ny1050-09-2.jpg,ulmus_pumila
dataset/images/lab/Auto_cropped/ulmus_pumila/ny1050-08-2.jpg,ulmus_pumila
dataset/images/lab/Auto_cropped/ulmus_americana/pi2487-05-3.jpg,ulmus_americana
dataset/images/field/aesculus_pavi/13291655556228.jpg,aesculus_pavi
dataset/images/lab/Auto_cropped/cryptomeria_japonica/ny1055-06-2.jpg,cryptomeria_japonica
dataset/images/lab/Auto_cropped/acer_negundo/pi2026-02-3.jpg,acer_negundo
dataset/images/lab/Auto_cropped/staphylea_trifolia/pi2463-02-3.jpg,staphylea_trifolia
dataset/images/lab/Auto_cropped/gleditsia_triacanthos/pi2769-11-1.jpg,gleditsia_triacanthos
dataset/images/lab/Auto_cropped/abies_concolor/ny1179-08-1.jpg,abies_concolor
dataset/images/field/acer_negundo/13001151166910.jpg,acer_negundo
dataset/images/lab/Auto_cropped/acer_palmatum/wb1128-01-4.jpg,acer_palmatum
dataset/images/lab/Auto_cropped/ilex_opaca/pi1021-05-1.jpg,ilex_opaca
dataset/images/lab/Auto_cropped/carya_cordiformis/pi0054-07-3.jpg,carya_cordiformis
dataset/images/lab/Auto_cropped/broussonettia_papyrifera/wb1389-08-4.jpg,broussonettia_papyrifera
dataset/images/lab/Auto_cropped/quercus_montana/pi0038-02-2.jpg,quercus_montana
dataset/images/field/prunus_virginiana/13010820793471.jpg,prunus_virginiana
dataset/images/lab/Auto_cropped/staphylea_trifolia/pi2196-04-4.jpg,staphylea_trifolia
dataset/images/lab/Auto_cropped/maclura_pomifera/pi2235-07-2.jpg,maclura_pomifera
dataset/images/lab/Auto_cropped/acer_rubrum/pi2388-06-3.jpg,acer_rubrum
dataset/images/lab/Auto_cropped/prunus_sargentii/ny1094-03-4.jpg,prunus_sargentii
dataset/images/lab/Auto_cropped/ulmus_rubra/pi2534-03-4.jpg,ulmus_rubra
dataset/images/lab/Auto_cropped/staphylea_trifolia/pi2463-03-4.jpg,staphylea_trifolia
dataset/images/field/acer_palmatum/13001152967331.jpg,acer_palmatum
dataset/images/field/prunus_sargentii/13292214150381.jpg,prunus_sargentii
dataset/images/lab/Auto_cropped/cryptomeria_japonica/ny1055-10-4.jpg,cryptomeria_japonica
dataset/images/lab/Auto_cropped/aesculus_pavi/ny1020-05-3.jpg,aesculus_pavi
dataset/images/field/ulmus_rubra/13002228284435.jpg,ulmus_rubra
dataset/images/lab/Auto_cropped/maclura_pomifera/pi2235-01-4.jpg,maclura_pomifera
dataset/images/lab/Auto_cropped/prunus_sargentii/ny1094-10-2.jpg,prunus_sargentii
dataset/images/lab/Auto_cropped/acer_rubrum/pi2773-02-2.jpg,acer_rubrum
dataset/images/lab/Auto_cropped/carya_cordiformis/pi0055-04-3.jpg,carya_cordiformis
dataset/images/lab/Auto_cropped/ulmus_americana/pi2487-01-2.jpg,ulmus_americana
dataset/images/lab/Auto_cropped/asimina_triloba/pi2179-02-2.jpg,asimina_triloba
dataset/images/lab/Auto_cropped/broussonettia_papyrifera/ny1122-07-3.jpg,broussonettia_papyrifera
dataset/images/lab/Auto_cropped/chionanthus_virginicus/pi2216-07-4.jpg,chionanthus_virginicus
dataset/images/lab/Auto_cropped/asimina_triloba/pi2177-05-4.jpg,asimina_triloba
dataset/images/lab/Auto_cropped/ptelea_trifoliata/pi0007-01-2.jpg,ptelea_trifoliata
dataset/images/lab/Auto_cropped/ostrya_virginiana/pi1052-03-2.jpg,ostrya_virginiana
dataset/images/field/ulmus_rubra/13002228288002.jpg,ulmus_rubra
dataset/images/lab/Auto_cropped/maclura_pomifera/pi2235-09-3.jpg,maclura_pomifera
dataset/images/lab/Auto_cropped/maclura_pomifera/pi2719-04-1.jpg,maclura_pomifera
dataset/images/field/staphylea_trifolia/13291710344575.jpg,staphylea_trifolia
dataset/images/field/quercus_montana/13292231174834.jpg,quercus_montana
dataset/images/lab/Auto_cropped/asimina_triloba/pi2181-04-2.jpg,asimina_triloba
dataset/images/lab/Auto_cropped/staphylea_trifolia/pi0238-03-2.jpg,staphylea_trifolia
dataset/images/field/prunus_sargentii/13292214157035.jpg,prunus_sargentii
dataset/images/field/prunus_virginiana/13002169492858.jpg,prunus_virginiana
dataset/images/lab/Auto_cropped/styrax_japonica/ny1001-05-4.jpg,styrax_japonica
dataset/images/lab/Auto_cropped/abies_concolor/ny1157-17-1.jpg,abies_concolor
dataset/images/lab/Auto_cropped/ptelea_trifoliata/pi0006-07-3.jpg,ptelea_trifoliata
dataset/images/lab/Auto_cropped/prunus_virginiana/wb1321-08-1.jpg,prunus_virginiana
dataset/images/lab/Auto_cropped/styrax_japonica/ny1003-04-4.jpg,styrax_japonica
dataset/images/field/diospyros_virginiana/12992000042158.jpg,diospyros_virginiana
dataset/images/lab/Auto_cropped/abies_concolor/ny1157-07-4.jpg,abies_concolor
dataset/images/field/abies_concolor/12995309749900.jpg,abies_concolor
dataset/images/lab/Auto_cropped/abies_concolor/ny1157-07-2.jpg,abies_concolor
dataset/images/lab/Auto_cropped/styrax_japonica/ny1003-02-1.jpg,styrax_japonica
dataset/images/lab/Auto_cropped/aesculus_pavi/ny1019-04-2.jpg,aesculus_pavi
dataset/images/lab/Auto_cropped/ulmus_rubra/wb1219-01-4.jpg,ulmus_rubra
dataset/images/lab/Auto_cropped/ptelea_trifoliata/pi0005-04-1.jpg,ptelea_trifoliata
dataset/images/lab/Auto_cropped/ptelea_trifoliata/pi0003-04-3.jpg,ptelea_trifoliata
dataset/images/field/catalpa_bignonioides/13001269154740.jpg,catalpa_bignonioides
dataset/images/field/diospyros_virginiana/12991999915655.jpg,diospyros_virginiana
dataset/images/lab/Auto_cropped/cercis_canadensis/pi0014-06-4.jpg,cercis_canadensis
dataset/images/lab/Auto_cropped/gleditsia_triacanthos/pi2769-01-4.jpg,gleditsia_triacanthos
dataset/images/lab/Auto_cropped/liriodendron_tulipifera/pi2247-04-3.jpg,liriodendron_tulipifera
dataset/images/lab/Auto_cropped/ulmus_rubra/pi2613-10-2.jpg,ulmus_rubra
dataset/images/lab/Auto_cropped/juglans_cinerea/wb1489-07-2.jpg,juglans_cinerea
dataset/images/lab/Auto_cropped/broussonettia_papyrifera/ny1124-07-1.jpg,broussonettia_papyrifera
dataset/images/lab/Auto_cropped/cryptomeria_japonica/ny1054-08-2.jpg,cryptomeria_japonica
dataset/images/lab/Auto_cropped/ilex_opaca/pi2630-01-4.jpg,ilex_opaca
dataset/images/lab/Auto_cropped/ptelea_trifoliata/pi0006-04-2.jpg,ptelea_trifoliata
dataset/images/lab/Auto_cropped/maclura_pomifera/pi2774-07-2.jpg,maclura_pomifera
dataset/images/lab/Auto_cropped/diospyros_virginiana/pi0196-08-3.jpg,diospyros_virginiana
dataset/images/lab/Auto_cropped/fraxinus_nigra/ny1053-15-2.jpg,fraxinus_nigra
dataset/images/field/catalpa_bignonioides/13001269154724.jpg,catalpa_bignonioides
dataset/images/lab/Auto_cropped/diospyros_virginiana/pi2198-08-1.jpg,diospyros_virginiana
dataset/images/lab/Auto_cropped/maclura_pomifera/pi2775-03-2.jpg,maclura_pomifera
dataset/images/lab/Auto_cropped/diospyros_virginiana/pi2200-08-1.jpg,diospyros_virginiana
dataset/images/lab/Auto_cropped/ptelea_trifoliata/pi0003-05-2.jpg,ptelea_trifoliata
dataset/images/field/aesculus_pavi/13033299108891.jpg,aesculus_pavi
dataset/images/lab/Auto_cropped/asimina_triloba/pi2177-05-1.jpg,asimina_triloba
dataset/images/lab/Auto_cropped/cryptomeria_japonica/ny1055-07-3.jpg,cryptomeria_japonica
dataset/images/field/acer_palmatum/1259110850_0024.jpg,acer_palmatum
dataset/images/field/ostrya_virginiana/13001985580372.jpg,ostrya_virginiana
dataset/images/lab/Auto_cropped/liriodendron_tulipifera/pi0068-02-2.jpg,liriodendron_tulipifera
dataset/images/field/maclura_pomifera/1258480798_0002.jpg,maclura_pomifera
dataset/images/field/prunus_virginiana/13002166690485.jpg,prunus_virginiana
dataset/images/field/acer_rubrum/13001155905335.jpg,acer_rubrum
dataset/images/lab/Auto_cropped/staphylea_trifolia/pi2463-04-2.jpg,staphylea_trifolia
dataset/images/lab/Auto_cropped/catalpa_bignonioides/pi2784-10-2.jpg,catalpa_bignonioides
dataset/images/lab/Auto_cropped/ulmus_americana/pi2487-06-2.jpg,ulmus_americana
dataset/images/lab/Auto_cropped/asimina_triloba/pi2178-07-3.jpg,asimina_triloba
dataset/images/lab/Auto_cropped/aesculus_pavi/ny1021-05-4.jpg,aesculus_pavi
dataset/images/field/ptelea_trifoliata/13292213868639.jpg,ptelea_trifoliata
dataset/images/lab/Auto_cropped/cryptomeria_japonica/ny1055-10-1.jpg,cryptomeria_japonica
dataset/images/lab/Auto_cropped/ostrya_virginiana/pi2462-04-1.jpg,ostrya_virginiana
dataset/images/lab/Auto_cropped/abies_concolor/ny1179-07-3.jpg,abies_concolor
dataset/images/lab/Auto_cropped/asimina_triloba/pi2179-04-3.jpg,asimina_triloba
dataset/images/lab/Auto_cropped/maclura_pomifera/pi2775-07-4.jpg,maclura_pomifera
dataset/images/lab/Auto_cropped/ulmus_americana/pi2488-09-3.jpg,ulmus_americana
dataset/images/lab/Auto_cropped/asimina_triloba/pi2178-02-3.jpg,asimina_triloba
dataset/images/field/liriodendron_tulipifera/12992002782646.jpg,liriodendron_tulipifera
dataset/images/lab/Auto_cropped/staphylea_trifolia/pi2464-05-3.jpg,staphylea_trifolia
dataset/images/lab/Auto_cropped/liriodendron_tulipifera/pi2248-04-2.jpg,liriodendron_tulipifera
dataset/images/field/prunus_virginiana/13002166696744.jpg,prunus_virginiana
dataset/images/lab/Auto_cropped/asimina_triloba/pi2179-01-2.jpg,asimina_triloba
dataset/images/lab/Auto_cropped/quercus_muehlenbergii/wb1531-03-4.jpg,quercus_muehlenbergii
dataset/images/lab/Auto_cropped/ulmus_rubra/wb1217-02-4.jpg,ulmus_rubra
dataset/images/lab/Auto_cropped/ulmus_pumila/ny1048-04-1.jpg,ulmus_pumila
dataset/images/lab/Auto_cropped/broussonettia_papyrifera/wb1388-10-4.jpg,broussonettia_papyrifera
dataset/images/lab/Auto_cropped/ptelea_trifoliata/pi0005-02-1.jpg,ptelea_trifoliata
dataset/images/lab/Auto_cropped/abies_concolor/ny1157-25-1.jpg,abies_concolor
dataset/images/lab/Auto_cropped/carya_cordiformis/pi0055-01-2.jpg,carya_cordiformis
dataset/images/lab/Auto_cropped/abies_concolor/ny1157-04-1.jpg,abies_concolor
dataset/images/lab/Auto_cropped/liriodendron_tulipifera/pi0069-04-1.jpg,liriodendron_tulipifera
dataset/images/lab/Auto_cropped/prunus_sargentii/ny1095-08-3.jpg,prunus_sargentii
dataset/images/lab/Auto_cropped/ulmus_americana/pi2489-10-2.jpg,ulmus_americana
dataset/images/lab/Auto_cropped/maclura_pomifera/pi2719-03-1.jpg,maclura_pomifera
dataset/images/lab/Auto_cropped/ulmus_pumila/ny1050-03-4.jpg,ulmus_pumila
dataset/images/lab/Auto_cropped/quercus_montana/pi0040-06-1.jpg,quercus_montana
dataset/images/lab/Auto_cropped/diospyros_virginiana/pi2199-05-3.jpg,diospyros_virginiana
dataset/images/lab/Auto_cropped/ulmus_rubra/wb1219-09-1.jpg,ulmus_rubra
dataset/images/field/fraxinus_nigra/13291804051142.jpg,fraxinus_nigra
dataset/images/lab/Auto_cropped/acer_palmatum/wb1127-09-1.jpg,acer_palmatum
dataset/images/lab/Auto_cropped/catalpa_bignonioides/pi2718-03-1.jpg,catalpa_bignonioides
dataset/images/lab/Auto_cropped/broussonettia_papyrifera/ny1124-04-4.jpg,broussonettia_papyrifera
dataset/images/lab/Auto_cropped/carya_cordiformis/pi2337-03-3.jpg,carya_cordiformis
dataset/images/lab/Auto_cropped/prunus_sargentii/ny1094-08-4.jpg,prunus_sargentii
dataset/images/lab/Auto_cropped/liriodendron_tulipifera/pi2248-06-1.jpg,liriodendron_tulipifera
dataset/images/lab/Auto_cropped/maclura_pomifera/pi2774-09-4.jpg,maclura_pomifera
dataset/images/lab/Auto_cropped/prunus_sargentii/ny1094-01-4.jpg,prunus_sargentii
dataset/images/field/ptelea_trifoliata/13292213865269.jpg,ptelea_trifoliata
dataset/images/lab/Auto_cropped/ulmus_pumila/ny1048-03-2.jpg,ulmus_pumila
dataset/images/field/juglans_cinerea/13292191163932.jpg,juglans_cinerea
dataset/images/lab/Auto_cropped/asimina_triloba/pi2181-03-1.jpg,asimina_triloba
dataset/images/lab/Auto_cropped/styrax_japonica/ny1001-08-4.jpg,styrax_japonica
dataset/images/lab/Auto_cropped/prunus_virginiana/wb1321-07-2.jpg,prunus_virginiana
dataset/images/lab/Auto_cropped/cercis_canadensis/pi0014-03-4.jpg,cercis_canadensis
dataset/images/lab/Auto_cropped/juglans_cinerea/wb1489-09-3.jpg,juglans_cinerea
dataset/images/field/ilex_opaca/1259044643_0027.jpg,ilex_opaca
dataset/images/lab/Auto_cropped/prunus_virginiana/wb1320-05-2.jpg,prunus_virginiana
dataset/images/lab/Auto_cropped/ostrya_virginiana/pi2194-09-1.jpg,ostrya_virginiana
dataset/images/lab/Auto_cropped/ulmus_rubra/pi2613-05-1.jpg,ulmus_rubra
dataset/images/lab/Auto_cropped/fraxinus_nigra/ny1053-22-3.jpg,fraxinus_nigra
dataset/images/field/abies_concolor/12995309741331.jpg,abies_concolor
dataset/images/lab/Auto_cropped/prunus_sargentii/ny1095-01-3.jpg,prunus_sargentii
dataset/images/field/carya_cordiformis/13001257146237.jpg,carya_cordiformis
dataset/images/lab/Auto_cropped/chionanthus_virginicus/pi0034-09-1.jpg,chionanthus_virginicus
dataset/images/lab/Auto_cropped/fraxinus_nigra/ny1053-03-4.jpg,fraxinus_nigra
dataset/images/lab/Auto_cropped/asimina_triloba/pi2180-06-2.jpg,asimina_triloba
dataset/images/field/prunus_virginiana/13002166690534.jpg,prunus_virginiana
dataset/images/lab/Auto_cropped/asimina_triloba/pi2181-06-1.jpg,asimina_triloba
dataset/images/field/juglans_cinerea/13292191168711.jpg,juglans_cinerea
dataset/images/lab/Auto_cropped/aesculus_pavi/ny1019-04-3.jpg,aesculus_pavi
dataset/images/lab/Auto_cropped/ulmus_rubra/wb1219-09-2.jpg,ulmus_rubra
dataset/images/field/gleditsia_triacanthos/12992001100618.jpg,gleditsia_triacanthos
dataset/images/field/gleditsia_triacanthos/12992001025880.jpg,gleditsia_triacanthos
dataset/images/lab/Auto_cropped/diospyros_virginiana/pi2199-07-4.jpg,diospyros_virginiana
dataset/images/lab/Auto_cropped/ulmus_pumila/ny1048-02-4.jpg,ulmus_pumila
dataset/images/field/fraxinus_nigra/13291804059998.jpg,fraxinus_nigra
dataset/images/field/aesculus_pavi/13033299100406.jpg,aesculus_pavi
dataset/images/lab/Auto_cropped/juglans_cinerea/wb1488-07-4.jpg,juglans_cinerea
dataset/images/lab/Auto_cropped/cryptomeria_japonica/ny1055-05-4.jpg,cryptomeria_japonica
dataset/images/lab/Auto_cropped/acer_rubrum/pi2608-05-3.jpg,acer_rubrum
dataset/images/field/juglans_cinerea/13292191164774.jpg,juglans_cinerea
dataset/images/lab/Auto_cropped/diospyros_virginiana/pi0196-02-4.jpg,diospyros_virginiana
dataset/images/field/maclura_pomifera/1259040730_0006.jpg,maclura_pomifera
dataset/images/lab/Auto_cropped/acer_rubrum/pi2388-01-2.jpg,acer_rubrum
dataset/images/lab/Auto_cropped/ptelea_trifoliata/pi0005-06-1.jpg,ptelea_trifoliata
dataset/images/lab/Auto_cropped/acer_rubrum/pi2610-03-3.jpg,acer_rubrum
dataset/images/field/carya_cordiformis/13001257148801.jpg,carya_cordiformis
dataset/images/lab/Auto_cropped/carya_cordiformis/pi0139-03-3.jpg,carya_cordiformis
dataset/images/lab/Auto_cropped/broussonettia_papyrifera/wb1389-04-2.jpg,broussonettia_papyrifera
dataset/images/lab/Auto_cropped/gleditsia_triacanthos/pi2767-04-3.jpg,gleditsia_triacanthos
dataset/images/field/maclura_pomifera/1259040730_0002.jpg,maclura_pomifera
dataset/images/lab/Auto_cropped/styrax_japonica/ny1003-02-3.jpg,styrax_japonica
dataset/images/lab/Auto_cropped/carya_cordiformis/pi0053-05-2.jpg,carya_cordiformis
dataset/images/lab/Auto_cropped/ptelea_trifoliata/pi0003-01-1.jpg,ptelea_trifoliata
dataset/images/lab/Auto_cropped/liriodendron_tulipifera/pi0068-05-3.jpg,liriodendron_tulipifera
dataset/images/lab/Auto_cropped/acer_palmatum/wb1129-01-2.jpg,acer_palmatum
dataset/images/field/styrax_japonica/13002208608839.jpg,styrax_japonica
dataset/images/lab/Auto_cropped/quercus_montana/pi0040-06-2.jpg,quercus_montana
dataset/images/lab/Auto_cropped/maclura_pomifera/pi2776-04-4.jpg,maclura_pomifera
dataset/images/field/abies_concolor/12995309745919.jpg,abies_concolor
dataset/images/field/fraxinus_nigra/13291804052199.jpg,fraxinus_nigra
dataset/images/lab/Auto_cropped/ilex_opaca/pi1021-07-3.jpg,ilex_opaca
dataset/images/field/aesculus_pavi/13291655552031.jpg,aesculus_pavi
dataset/images/field/cercis_canadensis/12991999215149.jpg,cercis_canadensis
dataset/images/lab/Auto_cropped/prunus_virginiana/wb1320-03-2.jpg,prunus_virginiana
dataset/images/lab/Auto_cropped/ulmus_americana/pi2487-06-1.jpg,ulmus_americana
dataset/images/field/ulmus_pumila/13291724505469.jpg,ulmus_pumila
dataset/images/lab/Auto_cropped/ulmus_rubra/pi2615-06-1.jpg,ulmus_rubra
dataset/images/lab/Auto_cropped/quercus_muehlenbergii/wb1529-09-1.jpg,quercus_muehlenbergii
dataset/images/lab/Auto_cropped/fraxinus_nigra/ny1053-13-4.jpg,fraxinus_nigra
dataset/images/lab/Auto_cropped/quercus_montana/pi0037-10-2.jpg,quercus_montana
dataset/images/lab/Auto_cropped/liriodendron_tulipifera/pi0068-06-3.jpg,liriodendron_tulipifera
dataset/images/lab/Auto_cropped/abies_concolor/ny1178-01-3.jpg,abies_concolor
dataset/images/lab/Auto_cropped/chionanthus_virginicus/pi2217-06-2.jpg,chionanthus_virginicus
dataset/images/field/prunus_sargentii/13292214150626.jpg,prunus_sargentii
dataset/images/field/acer_rubrum/13001155904837.jpg,acer_rubrum
dataset/images/lab/Auto_cropped/fraxinus_nigra/ny1053-14-2.jpg,fraxinus_nigra
dataset/images/lab/Auto_cropped/broussonettia_papyrifera/wb1390-06-2.jpg,broussonettia_papyrifera
dataset/images/lab/Auto_cropped/staphylea_trifolia/pi0238-04-4.jpg,staphylea_trifolia
dataset/images/lab/Auto_cropped/ptelea_trifoliata/pi0005-03-1.jpg,ptelea_trifoliata
dataset/images/field/abies_concolor/12995309741655.jpg,abies_concolor
dataset/images/lab/Auto_cropped/aesculus_pavi/ny1019-08-1.jpg,aesculus_pavi
dataset/images/lab/Auto_cropped/chionanthus_virginicus/pi2216-06-4.jpg,chionanthus_virginicus
dataset/images/lab/Auto_cropped/chionanthus_virginicus/pi2216-04-4.jpg,chionanthus_virginicus
dataset/images/lab/Auto_cropped/gleditsia_triacanthos/pi1072-03-3.jpg,gleditsia_triacanthos
dataset/images/lab/Auto_cropped/broussonettia_papyrifera/wb1388-05-4.jpg,broussonettia_papyrifera
dataset/images/field/chionanthus_virginicus/13001305194992.jpg,chionanthus_virginicus
dataset/images/field/cercis_canadensis/12991999064088.jpg,cercis_canadensis
dataset/images/lab/Auto_cropped/gleditsia_triacanthos/pi2768-09-1.jpg,gleditsia_triacanthos
dataset/images/lab/Auto_cropped/acer_palmatum/wb1128-02-3.jpg,acer_palmatum
dataset/images/lab/Auto_cropped/acer_palmatum/wb1129-09-3.jpg,acer_palmatum
dataset/images/field/juglans_cinerea/13292191162549.jpg,juglans_cinerea
dataset/images/field/cercis_canadensis/12991999264760.jpg,cercis_canadensis
dataset/images/lab/Auto_cropped/abies_concolor/ny1157-29-1.jpg,abies_concolor
dataset/images/lab/Auto_cropped/ostrya_virginiana/pi2194-09-4.jpg,ostrya_virginiana
dataset/images/field/ilex_opaca/1259045059_0020.jpg,ilex_opaca
dataset/images/lab/Auto_cropped/asimina_triloba/pi2180-09-3.jpg,asimina_triloba
dataset/images/lab/Auto_cropped/diospyros_virginiana/pi2201-08-2.jpg,diospyros_virginiana
dataset/images/field/diospyros_virginiana/12991999969436.jpg,diospyros_virginiana
dataset/images/lab/Auto_cropped/ulmus_rubra/wb1218-02-3.jpg,ulmus_rubra
dataset/images/lab/Auto_cropped/cryptomeria_japonica/ny1054-10-2.jpg,cryptomeria_japonica
dataset/images/lab/Auto_cropped/ostrya_virginiana/pi2461-10-1.jpg,ostrya_virginiana
dataset/images/field/cryptomeria_japonica/13001326970558.jpg,cryptomeria_japonica
dataset/images/lab/Auto_cropped/ulmus_americana/pi2486-08-2.jpg,ulmus_americana
dataset/images/field/aesculus_pavi/13033299107808.jpg,aesculus_pavi
dataset/images/field/prunus_virginiana/13002169495622.jpg,prunus_virginiana
dataset/images/lab/Auto_cropped/fraxinus_nigra/ny1053-07-3.jpg,fraxinus_nigra
dataset/images/lab/Auto_cropped/ptelea_trifoliata/pi0019-06-4.jpg,ptelea_trifoliata
dataset/images/lab/Auto_cropped/gleditsia_triacanthos/pi2769-06-4.jpg,gleditsia_triacanthos
dataset/images/field/chionanthus_virginicus/13001305197392.jpg,chionanthus_virginicus
dataset/images/lab/Auto_cropped/ostrya_virginiana/pi2194-03-3.jpg,ostrya_virginiana
dataset/images/lab/Auto_cropped/ilex_opaca/pi2630-12-3.jpg,ilex_opaca
dataset/images/lab/Auto_cropped/prunus_sargentii/ny1095-06-1.jpg,prunus_sargentii
dataset/images/field/diospyros_virginiana/12992000059607.jpg,diospyros_virginiana
dataset/images/lab/Auto_cropped/carya_cordiformis/pi0054-02-2.jpg,carya_cordiformis
dataset/images/field/staphylea_trifolia/13291710345838.jpg,staphylea_trifolia
dataset/images/field/aesculus_pavi/13291655550530.jpg,aesculus_pavi
dataset/images/lab/Auto_cropped/ulmus_americana/pi2486-02-2.jpg,ulmus_americana
dataset/images/lab/Auto_cropped/diospyros_virginiana/pi2200-06-3.jpg,diospyros_virginiana
dataset/images/field/cryptomeria_japonica/13001326975030.jpg,cryptomeria_japonica
dataset/images/lab/Auto_cropped/acer_rubrum/pi2609-03-1.jpg,acer_rubrum
dataset/images/field/juglans_cinerea/13292191166470.jpg,juglans_cinerea
dataset/images/lab/Auto_cropped/quercus_montana/pi0036-05-2.jpg,quercus_montana
dataset/images/lab/Auto_cropped/gleditsia_triacanthos/pi2768-01-1.jpg,gleditsia_triacanthos
dataset/images/lab/Auto_cropped/prunus_virginiana/wb1319-02-3.jpg,prunus_virginiana
dataset/images/lab/Auto_cropped/aesculus_pavi/ny1021-09-1.jpg,aesculus_pavi
dataset/images/field/acer_palmatum/13001152968760.jpg,acer_palmatum
dataset/images/lab/Auto_cropped/diospyros_virginiana/pi2198-07-2.jpg,diospyros_virginiana
dataset/images/lab/Auto_cropped/ulmus_americana/pi0020-02-1.jpg,ulmus_americana
dataset/images/lab/Auto_cropped/ulmus_americana/pi2488-09-4.jpg,ulmus_americana
dataset/images/lab/Auto_cropped/catalpa_bignonioides/pi2784-04-4.jpg,catalpa_bignonioides
dataset/images/lab/Auto_cropped/ulmus_rubra/wb1219-07-3.jpg,ulmus_rubra
dataset/images/lab/Auto_cropped/juglans_cinerea/wb1489-03-2.jpg,juglans_cinerea
dataset/images/lab/Auto_cropped/prunus_virginiana/wb1319-08-2.jpg,prunus_virginiana
dataset/images/lab/Auto_cropped/quercus_muehlenbergii/wb1531-01-4.jpg,quercus_muehlenbergii
dataset/images/lab/Auto_cropped/asimina_triloba/pi2177-06-3.jpg,asimina_triloba
dataset/images/lab/Auto_cropped/ptelea_trifoliata/pi0006-03-3.jpg,ptelea_trifoliata
dataset/images/lab/Auto_cropped/ulmus_rubra/wb1218-08-1.jpg,ulmus_rubra
dataset/images/lab/Auto_cropped/acer_negundo/pi2025-01-2.jpg,acer_negundo
dataset/images/lab/Auto_cropped/acer_negundo/pi2025-10-4.jpg,acer_negundo
dataset/images/lab/Auto_cropped/prunus_virginiana/wb1319-03-3.jpg,prunus_virginiana
dataset/images/lab/Auto_cropped/ulmus_americana/pi0020-01-4.jpg,ulmus_americana
dataset/images/lab/Auto_cropped/ostrya_virginiana/pi2461-03-1.jpg,ostrya_virginiana
dataset/images/lab/Auto_cropped/asimina_triloba/pi2180-04-3.jpg,asimina_triloba
dataset/images/lab/Auto_cropped/asimina_triloba/pi2178-04-3.jpg,asimina_triloba
dataset/images/lab/Auto_cropped/ulmus_rubra/wb1219-07-4.jpg,ulmus_rubra
dataset/images/field/styrax_japonica/13002208602346.jpg,styrax_japonica
dataset/images/field/chionanthus_virginicus/13001305194632.jpg,chionanthus_virginicus
dataset/images/lab/Auto_cropped/acer_rubrum/pi2773-08-4.jpg,acer_rubrum
dataset/images/lab/Auto_cropped/liriodendron_tulipifera/pi2248-04-4.jpg,liriodendron_tulipifera
dataset/images/lab/Auto_cropped/acer_negundo/pi2026-09-2.jpg,acer_negundo
dataset/images/lab/Auto_cropped/ilex_opaca/pi0219-07-3.jpg,ilex_opaca
dataset/images/field/prunus_virginiana/13002166698261.jpg,prunus_virginiana
dataset/images/lab/Auto_cropped/ulmus_pumila/ny1048-05-4.jpg,ulmus_pumila
dataset/images/field/acer_rubrum/13001155905581.jpg,acer_rubrum
dataset/images/lab/Auto_cropped/chionanthus_virginicus/pi2216-10-3.jpg,chionanthus_virginicus
dataset/images/lab/Auto_cropped/acer_palmatum/wb1129-02-1.jpg,acer_palmatum
dataset/images/lab/Auto_cropped/chionanthus_virginicus/pi2215-04-1.jpg,chionanthus_virginicus
dataset/images/lab/Auto_cropped/broussonettia_papyrifera/ny1123-06-1.jpg,broussonettia_papyrifera
dataset/images/lab/Auto_cropped/maclura_pomifera/pi2774-07-4.jpg,maclura_pomifera
dataset/images/lab/Auto_cropped/acer_negundo/pi2026-03-3.jpg,acer_negundo
dataset/images/lab/Auto_cropped/maclura_pomifera/pi2719-03-4.jpg,maclura_pomifera
dataset/images/lab/Auto_cropped/prunus_sargentii/ny1094-14-3.jpg,prunus_sargentii
dataset/images/field/catalpa_bignonioides/13001269156568.jpg,catalpa_bignonioides
dataset/images/field/styrax_japonica/13002208609540.jpg,styrax_japonica
dataset/images/lab/Auto_cropped/acer_negundo/pi2025-07-4.jpg,acer_negundo
dataset/images/field/gleditsia_triacanthos/12992000921067.jpg,gleditsia_triacanthos
dataset/images/lab/Auto_cropped/aesculus_pavi/ny1020-05-2.jpg,aesculus_pavi
dataset/images/lab/Auto_cropped/diospyros_virginiana/pi0196-05-3.jpg,diospyros_virginiana
dataset/images/lab/Auto_cropped/gleditsia_triacanthos/pi2768-02-4.jpg,gleditsia_triacanthos
dataset/images/lab/Auto_cropped/abies_concolor/ny1179-02-2.jpg,abies_concolor
dataset/images/lab/Auto_cropped/quercus_montana/pi0040-08-2.jpg,quercus_montana
dataset/images/field/prunus_virginiana/13010820790995.jpg,prunus_virginiana
dataset/images/lab/Auto_cropped/asimina_triloba/pi2177-08-2.jpg,asimina_triloba
dataset/images/field/prunus_sargentii/13292214159128.jpg,prunus_sargentii
dataset/images/field/asimina_triloba/13001240196018.jpg,asimina_triloba
dataset/images/field/prunus_virginiana/13002169497262.jpg,prunus_virginiana
dataset/images/lab/Auto_cropped/quercus_montana/pi0039-03-4.jpg,quercus_montana
dataset/images/lab/Auto_cropped/gleditsia_triacanthos/pi2768-03-4.jpg,gleditsia_triacanthos
dataset/images/lab/Auto_cropped/juglans_cinerea/wb1487-04-4.jpg,juglans_cinerea
dataset/images/lab/Auto_cropped/catalpa_bignonioides/pi2783-07-4.jpg,catalpa_bignonioides
dataset/images/lab/Auto_cropped/quercus_montana/pi0040-04-1.jpg,quercus_montana
dataset/images/field/quercus_montana/13292231172999.jpg,quercus_montana
dataset/images/lab/Auto_cropped/prunus_virginiana/wb1321-03-4.jpg,prunus_virginiana
dataset/images/field/aesculus_pavi/13033299107802.jpg,aesculus_pavi
dataset/images/field/quercus_montana/13292231175094.jpg,quercus_montana
dataset/images/lab/Auto_cropped/asimina_triloba/pi2181-03-4.jpg,asimina_triloba
dataset/images/lab/Auto_cropped/asimina_triloba/pi2178-03-2.jpg,asimina_triloba
dataset/images/lab/Auto_cropped/abies_concolor/ny1179-01-3.jpg,abies_concolor
dataset/images/lab/Auto_cropped/acer_rubrum/pi2608-09-4.jpg,acer_rubrum
dataset/images/lab/Auto_cropped/chionanthus_virginicus/pi0034-01-2.jpg,chionanthus_virginicus
dataset/images/lab/Auto_cropped/gleditsia_triacanthos/pi1072-02-4.jpg,gleditsia_triacanthos
dataset/images/lab/Auto_cropped/ostrya_virginiana/pi2462-09-4.jpg,ostrya_virginiana
dataset/images/lab/Auto_cropped/acer_rubrum/pi2608-07-4.jpg,acer_rubrum
dataset/images/lab/Auto_cropped/staphylea_trifolia/pi2196-04-1.jpg,staphylea_trifolia
dataset/images/lab/Auto_cropped/maclura_pomifera/pi2235-07-3.jpg,maclura_pomifera
dataset/images/field/juglans_cinerea/13292191166506.jpg,juglans_cinerea
dataset/images/lab/Auto_cropped/staphylea_trifolia/pi2197-04-2.jpg,staphylea_trifolia
dataset/images/field/carya_cordiformis/13001257143219.jpg,carya_cordiformis
dataset/images/field/quercus_montana/13292231171458.jpg,quercus_montana
dataset/images/lab/Auto_cropped/ostrya_virginiana/pi2195-01-2.jpg,ostrya_virginiana
dataset/images/field/prunus_sargentii/13292214151693.jpg,prunus_sargentii
dataset/images/field/cercis_canadensis/12991998974691.jpg,cercis_canadensis
dataset/images/lab/Auto_cropped/styrax_japonica/ny1001-07-4.jpg,styrax_japonica
dataset/images/lab/Auto_cropped/cercis_canadensis/pi0001-03-2.jpg,cercis_canadensis
dataset/images/lab/Auto_cropped/ulmus_rubra/pi2615-09-1.jpg,ulmus_rubra
dataset/images/field/gleditsia_triacanthos/12992001089838.jpg,gleditsia_triacanthos
dataset/images/field/chionanthus_virginicus/13001305199305.jpg,chionanthus_virginicus
dataset/images/lab/Auto_cropped/aesculus_pavi/ny1021-02-4.jpg,aesculus_pavi
dataset/images/lab/Auto_cropped/prunus_virginiana/wb1319-06-4.jpg,prunus_virginiana
dataset/images/lab/Auto_cropped/ulmus_americana/pi2488-07-4.jpg,ulmus_americana
dataset/images/lab/Auto_cropped/ilex_opaca/pi1021-07-2.jpg,ilex_opaca
dataset/images/lab/Auto_cropped/diospyros_virginiana/pi2201-02-3.jpg,diospyros_virginiana
dataset/images/lab/Auto_cropped/maclura_pomifera/pi2774-04-4.jpg,maclura_pomifera
dataset/images/lab/Auto_cropped/acer_palmatum/wb1129-03-2.jpg,acer_palmatum
dataset/images/lab/Auto_cropped/ulmus_pumila/ny1049-10-2.jpg,ulmus_pumila
dataset/images/lab/Auto_cropped/broussonettia_papyrifera/ny1122-05-2.jpg,broussonettia_papyrifera
dataset/images/lab/Auto_cropped/broussonettia_papyrifera/wb1389-01-4.jpg,broussonettia_papyrifera
dataset/images/lab/Auto_cropped/styrax_japonica/ny1003-06-3.jpg,styrax_japonica
dataset/images/lab/Auto_cropped/ilex_opaca/pi0219-08-4.jpg,ilex_opaca
dataset/images/lab/Auto_cropped/acer_negundo/pi2027-02-4.jpg,acer_negundo
dataset/images/lab/Auto_cropped/liriodendron_tulipifera/pi2247-04-2.jpg,liriodendron_tulipifera
dataset/images/lab/Auto_cropped/acer_palmatum/wb1128-04-2.jpg,acer_palmatum
dataset/images/lab/Auto_cropped/acer_rubrum/pi2611-03-2.jpg,acer_rubrum
dataset/images/lab/Auto_cropped/quercus_muehlenbergii/wb1529-04-4.jpg,quercus_muehlenbergii
dataset/images/lab/Auto_cropped/broussonettia_papyrifera/wb1390-07-4.jpg,broussonettia_papyrifera
dataset/images/lab/Auto_cropped/juglans_cinerea/wb1489-09-2.jpg,juglans_cinerea
dataset/images/lab/Auto_cropped/ostrya_virginiana/pi2195-08-2.jpg,ostrya_virginiana
dataset/images/lab/Auto_cropped/ulmus_rubra/wb1219-04-1.jpg,ulmus_rubra
dataset/images/lab/Auto_cropped/ulmus_pumila/ny1050-01-4.jpg,ulmus_pumila
dataset/images/lab/Auto_cropped/acer_negundo/pi2029-04-1.jpg,acer_negundo
dataset/images/lab/Auto_cropped/diospyros_virginiana/pi2201-07-2.jpg,diospyros_virginiana
dataset/images/lab/Auto_cropped/ulmus_rubra/pi2534-04-4.jpg,ulmus_rubra
dataset/images/field/acer_negundo/13001151162671.jpg,acer_negundo
dataset/images/lab/Auto_cropped/ulmus_americana/pi2488-10-4.jpg,ulmus_americana
dataset/images/lab/Auto_cropped/chionanthus_virginicus/pi0034-01-4.jpg,chionanthus_virginicus
dataset/images/field/styrax_japonica/13002208602506.jpg,styrax_japonica
dataset/images/field/broussonettia_papyrifera/13001252074606.jpg,broussonettia_papyrifera
dataset/images/lab/Auto_cropped/aesculus_pavi/ny1021-09-4.jpg,aesculus_pavi
dataset/images/lab/Auto_cropped/broussonettia_papyrifera/wb1389-06-4.jpg,broussonettia_papyrifera
dataset/images/lab/Auto_cropped/ulmus_rubra/wb1218-01-4.jpg,ulmus_rubra
dataset/images/field/chionanthus_virginicus/13001305192272.jpg,chionanthus_virginicus
dataset/images/field/prunus_virginiana/13002169494667.jpg,prunus_virginiana
dataset/images/lab/Auto_cropped/ulmus_pumila/ny1049-01-3.jpg,ulmus_pumila
dataset/images/lab/Auto_cropped/asimina_triloba/pi2181-01-2.jpg,asimina_triloba
dataset/images/field/styrax_japonica/13002208608409.jpg,styrax_japonica
dataset/images/lab/Auto_cropped/acer_negundo/pi2025-08-4.jpg,acer_negundo
dataset/images/lab/Auto_cropped/acer_rubrum/pi2609-10-4.jpg,acer_rubrum
dataset/images/field/broussonettia_papyrifera/13001252072634.jpg,broussonettia_papyrifera
dataset/images/lab/Auto_cropped/abies_concolor/ny1179-02-3.jpg,abies_concolor
dataset/images/lab/Auto_cropped/staphylea_trifolia/pi2464-04-2.jpg,staphylea_trifolia
dataset/images/field/juglans_cinerea/13292191165056.jpg,juglans_cinerea
dataset/images/field/acer_palmatum/1259110850_0065.jpg,acer_palmatum
dataset/images/field/catalpa_bignonioides/13001269152197.jpg,catalpa_bignonioides
dataset/images/lab/Auto_cropped/acer_negundo/pi2028-06-4.jpg,acer_negundo
dataset/images/lab/Auto_cropped/quercus_montana/pi0039-03-3.jpg,quercus_montana
dataset/images/lab/Auto_cropped/juglans_cinerea/wb1487-01-1.jpg,juglans_cinerea
dataset/images/lab/Auto_cropped/staphylea_trifolia/pi2197-07-2.jpg,staphylea_trifolia
dataset/images/lab/Auto_cropped/quercus_muehlenbergii/wb1529-07-3.jpg,quercus_muehlenbergii
dataset/images/lab/Auto_cropped/ptelea_trifoliata/pi0004-02-2.jpg,ptelea_trifoliata
dataset/images/lab/Auto_cropped/ulmus_pumila/ny1049-09-4.jpg,ulmus_pumila
dataset/images/lab/Auto_cropped/cercis_canadensis/pi2492-08-2.jpg,cercis_canadensis
dataset/images/lab/Auto_cropped/ulmus_rubra/pi2614-05-2.jpg,ulmus_rubra
dataset/images/field/catalpa_bignonioides/13001269158443.jpg,catalpa_bignonioides
dataset/images/lab/Auto_cropped/abies_concolor/ny1157-24-3.jpg,abies_concolor
dataset/images/lab/Auto_cropped/acer_rubrum/pi2773-09-3.jpg,acer_rubrum
dataset/images/lab/Auto_cropped/cercis_canadensis/pi0001-10-1.jpg,cercis_canadensis
dataset/images/lab/Auto_cropped/juglans_cinerea/wb1489-10-4.jpg,juglans_cinerea
dataset/images/field/ulmus_pumila/13291724505677.jpg,ulmus_pumila
dataset/images/field/maclura_pomifera/1259040730_0013.jpg,maclura_pomifera
dataset/images/lab/Auto_cropped/fraxinus_nigra/ny1053-20-3.jpg,fraxinus_nigra
dataset/images/lab/Auto_cropped/ulmus_americana/pi2487-08-2.jpg,ulmus_americana
dataset/images/lab/Auto_cropped/styrax_japonica/ny1002-09-3.jpg,styrax_japonica
dataset/images/lab/Auto_cropped/ulmus_rubra/pi2615-06-4.jpg,ulmus_rubra
dataset/images/lab/Auto_cropped/acer_negundo/pi2029-10-3.jpg,acer_negundo
dataset/images/lab/Auto_cropped/broussonettia_papyrifera/ny1123-08-1.jpg,broussonettia_papyrifera
dataset/images/lab/Auto_cropped/liriodendron_tulipifera/pi2247-08-3.jpg,liriodendron_tulipifera
dataset/images/field/fraxinus_nigra/13291804056810.jpg,fraxinus_nigra
dataset/images/lab/Auto_cropped/quercus_muehlenbergii/wb1531-08-2.jpg,quercus_muehlenbergii
dataset/images/lab/Auto_cropped/acer_negundo/pi2028-01-4.jpg,acer_negundo
dataset/images/field/acer_palmatum/13001152966643.jpg,acer_palmatum
dataset/images/lab/Auto_cropped/ostrya_virginiana/pi2195-05-4.jpg,ostrya_virginiana
dataset/images/lab/Auto_cropped/abies_concolor/ny1157-25-4.jpg,abies_concolor
dataset/images/lab/Auto_cropped/fraxinus_nigra/ny1053-30-4.jpg,fraxinus_nigra
dataset/images/lab/Auto_cropped/carya_cordiformis/pi0055-08-3.jpg,carya_cordiformis
dataset/images/lab/Auto_cropped/ptelea_trifoliata/pi0003-07-3.jpg,ptelea_trifoliata
dataset/images/lab/Auto_cropped/cryptomeria_japonica/ny1055-10-2.jpg,cryptomeria_japonica
dataset/images/lab/Auto_cropped/acer_negundo/pi2029-02-3.jpg,acer_negundo
dataset/images/lab/Auto_cropped/prunus_virginiana/wb1320-05-4.jpg,prunus_virginiana
dataset/images/lab/Auto_cropped/ilex_opaca/pi0056-04-4.jpg,ilex_opaca
dataset/images/lab/Auto_cropped/asimina_triloba/pi2178-08-1.jpg,asimina_triloba
dataset/images/field/ostrya_virginiana/13001985587847.jpg,ostrya_virginiana
dataset/images/lab/Auto_cropped/styrax_japonica/ny1001-03-1.jpg,styrax_japonica
dataset/images/lab/Auto_cropped/cercis_canadensis/pi0014-03-3.jpg,cercis_canadensis
dataset/images/lab/Auto_cropped/broussonettia_papyrifera/wb1390-02-2.jpg,broussonettia_papyrifera
dataset/images/field/juglans_cinerea/13292191166943.jpg,juglans_cinerea
dataset/images/lab/Auto_cropped/chionanthus_virginicus/pi0034-09-4.jpg,chionanthus_virginicus
dataset/images/lab/Auto_cropped/carya_cordiformis/pi2337-04-3.jpg,carya_cordiformis
dataset/images/lab/Auto_cropped/ulmus_rubra/wb1219-06-2.jpg,ulmus_rubra
dataset/images/lab/Auto_cropped/fraxinus_nigra/ny1053-06-2.jpg,fraxinus_nigra
dataset/images/lab/Auto_cropped/ulmus_rubra/wb1217-02-3.jpg,ulmus_rubra
dataset/images/lab/Auto_cropped/ulmus_rubra/pi2615-04-3.jpg,ulmus_rubra
dataset/images/field/abies_concolor/12995309749691.jpg,abies_concolor
dataset/images/lab/Auto_cropped/broussonettia_papyrifera/wb1390-02-1.jpg,broussonettia_papyrifera
dataset/images/field/ilex_opaca/1259044643_0045.jpg,ilex_opaca
dataset/images/lab/Auto_cropped/catalpa_bignonioides/pi2718-11-1.jpg,catalpa_bignonioides
dataset/images/field/styrax_japonica/13002208602996.jpg,styrax_japonica
dataset/images/lab/Auto_cropped/broussonettia_papyrifera/wb1390-03-2.jpg,broussonettia_papyrifera
dataset/images/lab/Auto_cropped/chionanthus_virginicus/pi2217-10-3.jpg,chionanthus_virginicus
dataset/images/lab/Auto_cropped/ulmus_rubra/pi2614-08-4.jpg,ulmus_rubra
dataset/images/lab/Auto_cropped/prunus_sargentii/ny1095-15-2.jpg,prunus_sargentii
dataset/images/lab/Auto_cropped/cercis_canadensis/pi2492-04-2.jpg,cercis_canadensis
dataset/images/lab/Auto_cropped/cercis_canadensis/pi0014-01-3.jpg,cercis_canadensis
dataset/images/lab/Auto_cropped/ptelea_trifoliata/pi0003-08-2.jpg,ptelea_trifoliata
dataset/images/lab/Auto_cropped/maclura_pomifera/pi2719-05-1.jpg,maclura_pomifera
dataset/images/lab/Auto_cropped/juglans_cinerea/wb1488-05-2.jpg,juglans_cinerea
dataset/images/lab/Auto_cropped/acer_rubrum/pi2773-06-3.jpg,acer_rubrum
dataset/images/field/ptelea_trifoliata/13292213863666.jpg,ptelea_trifoliata
dataset/images/lab/Auto_cropped/ulmus_americana/pi2488-07-2.jpg,ulmus_americana
dataset/images/lab/Auto_cropped/acer_rubrum/pi2610-11-1.jpg,acer_rubrum
dataset/images/field/ulmus_rubra/13002228286924.jpg,ulmus_rubra
dataset/images/lab/Auto_cropped/prunus_virginiana/wb1319-07-3.jpg,prunus_virginiana
dataset/images/lab/Auto_cropped/chionanthus_virginicus/pi2217-10-2.jpg,chionanthus_virginicus
dataset/images/lab/Auto_cropped/abies_concolor/ny1157-07-3.jpg,abies_concolor
dataset/images/lab/Auto_cropped/ilex_opaca/pi2630-05-3.jpg,ilex_opaca
dataset/images/lab/Auto_cropped/chionanthus_virginicus/pi2214-05-3.jpg,chionanthus_virginicus
dataset/images/lab/Auto_cropped/carya_cordiformis/pi0054-08-2.jpg,carya_cordiformis
dataset/images/field/fraxinus_nigra/13291804052956.jpg,fraxinus_nigra
dataset/images/lab/Auto_cropped/cryptomeria_japonica/ny1055-05-1.jpg,cryptomeria_japonica
dataset/images/lab/Auto_cropped/asimina_triloba/pi2179-03-4.jpg,asimina_triloba
dataset/images/field/quercus_montana/13292231175402.jpg,quercus_montana
dataset/images/field/styrax_japonica/13002208602190.jpg,styrax_japonica
dataset/images/lab/Auto_cropped/quercus_montana/pi1025-03-4.jpg,quercus_montana
dataset/images/lab/Auto_cropped/acer_rubrum/pi2609-03-4.jpg,acer_rubrum
dataset/images/field/diospyros_virginiana/12991999997216.jpg,diospyros_virginiana
dataset/images/field/quercus_montana/13292231172987.jpg,quercus_montana
dataset/images/lab/Auto_cropped/cercis_canadensis/pi0015-03-4.jpg,cercis_canadensis
dataset/images/lab/Auto_cropped/quercus_montana/pi0039-02-3.jpg,quercus_montana
dataset/images/lab/Auto_cropped/staphylea_trifolia/pi2464-04-4.jpg,staphylea_trifolia
dataset/images/lab/Auto_cropped/ilex_opaca/pi2630-06-1.jpg,ilex_opaca
dataset/images/lab/Auto_cropped/prunus_virginiana/wb1319-06-1.jpg,prunus_virginiana
dataset/images/lab/Auto_cropped/acer_rubrum/pi2388-02-1.jpg,acer_rubrum
dataset/images/lab/Auto_cropped/fraxinus_nigra/ny1053-14-3.jpg,fraxinus_nigra
dataset/images/lab/Auto_cropped/cercis_canadensis/pi0014-03-1.jpg,cercis_canadensis
dataset/images/field/ulmus_rubra/13002228283598.jpg,ulmus_rubra
dataset/images/lab/Auto_cropped/acer_rubrum/pi2610-03-1.jpg,acer_rubrum
dataset/images/lab/Auto_cropped/catalpa_bignonioides/pi2718-11-4.jpg,catalpa_bignonioides
dataset/images/lab/Auto_cropped/fraxinus_nigra/ny1053-04-3.jpg,fraxinus_nigra
dataset/images/field/styrax_japonica/13002208603993.jpg,styrax_japonica
dataset/images/lab/Auto_cropped/abies_concolor/ny1157-17-2.jpg,abies_concolor
dataset/images/lab/Auto_cropped/abies_concolor/ny1179-03-1.jpg,abies_concolor
dataset/images/lab/Auto_cropped/quercus_montana/pi0036-02-1.jpg,quercus_montana
dataset/images/lab/Auto_cropped/asimina_triloba/pi2180-09-2.jpg,asimina_triloba
dataset/images/lab/Auto_cropped/staphylea_trifolia/pi2197-09-1.jpg,staphylea_trifolia
dataset/images/lab/Auto_cropped/broussonettia_papyrifera/ny1123-09-4.jpg,broussonettia_papyrifera
dataset/images/lab/Auto_cropped/ilex_opaca/pi0056-02-1.jpg,ilex_opaca
dataset/images/field/cryptomeria_japonica/13001326977294.jpg,cryptomeria_japonica
dataset/images/lab/Auto_cropped/abies_concolor/ny1179-06-4.jpg,abies_concolor
dataset/images/lab/Auto_cropped/gleditsia_triacanthos/pi2766-02-2.jpg,gleditsia_triacanthos
dataset/images/lab/Auto_cropped/carya_cordiformis/pi2337-04-2.jpg,carya_cordiformis
dataset/images/lab/Auto_cropped/broussonettia_papyrifera/ny1123-10-1.jpg,broussonettia_papyrifera
dataset/images/lab/Auto_cropped/liriodendron_tulipifera/pi0068-07-3.jpg,liriodendron_tulipifera
dataset/images/lab/Auto_cropped/ptelea_trifoliata/pi0006-05-3.jpg,ptelea_trifoliata
dataset/images/lab/Auto_cropped/diospyros_virginiana/pi2199-07-3.jpg,diospyros_virginiana
dataset/images/lab/Auto_cropped/aesculus_pavi/ny1020-02-4.jpg,aesculus_pavi
dataset/images/field/aesculus_pavi/13291655559940.jpg,aesculus_pavi
dataset/images/field/prunus_virginiana/13002166691656.jpg,prunus_virginiana
dataset/images/field/staphylea_trifolia/13291710342601.jpg,staphylea_trifolia
dataset/images/lab/Auto_cropped/acer_negundo/pi2029-04-2.jpg,acer_negundo
dataset/images/lab/Auto_cropped/aesculus_pavi/ny1021-10-4.jpg,aesculus_pavi
dataset/images/lab/Auto_cropped/abies_concolor/ny1157-29-2.jpg,abies_concolor
dataset/images/lab/Auto_cropped/ostrya_virginiana/pi2194-09-2.jpg,ostrya_virginiana
dataset/images/lab/Auto_cropped/ulmus_americana/pi2489-03-4.jpg,ulmus_americana
dataset/images/lab/Auto_cropped/liriodendron_tulipifera/pi0069-08-1.jpg,liriodendron_tulipifera
dataset/images/lab/Auto_cropped/ulmus_americana/pi2486-04-1.jpg,ulmus_americana
dataset/images/lab/Auto_cropped/liriodendron_tulipifera/pi2249-07-1.jpg,liriodendron_tulipifera
dataset/images/lab/Auto_cropped/broussonettia_papyrifera/wb1388-02-3.jpg,broussonettia_papyrifera
dataset/images/lab/Auto_cropped/ulmus_pumila/ny1049-05-2.jpg,ulmus_pumila
dataset/images/lab/Auto_cropped/ulmus_rubra/wb1218-01-2.jpg,ulmus_rubra
dataset/images/lab/Auto_cropped/acer_negundo/pi2025-03-1.jpg,acer_negundo
dataset/images/lab/Auto_cropped/gleditsia_triacanthos/pi2768-04-2.jpg,gleditsia_triacanthos
dataset/images/field/prunus_virginiana/13002169494784.jpg,prunus_virginiana
dataset/images/lab/Auto_cropped/ulmus_rubra/pi2534-05-4.jpg,ulmus_rubra
dataset/images/lab/Auto_cropped/acer_negundo/pi2027-03-4.jpg,acer_negundo
dataset/images/lab/Auto_cropped/abies_concolor/ny1157-16-1.jpg,abies_concolor
dataset/images/field/fraxinus_nigra/13291804052865.jpg,fraxinus_nigra
dataset/images/lab/Auto_cropped/acer_negundo/pi2028-01-2.jpg,acer_negundo
dataset/images/lab/Auto_cropped/ulmus_rubra/pi2534-03-1.jpg,ulmus_rubra
dataset/images/lab/Auto_cropped/styrax_japonica/ny1002-05-4.jpg,styrax_japonica
dataset/images/lab/Auto_cropped/ptelea_trifoliata/pi0019-06-3.jpg,ptelea_trifoliata
dataset/images/lab/Auto_cropped/chionanthus_virginicus/pi2214-04-2.jpg,chionanthus_virginicus
dataset/images/lab/Auto_cropped/catalpa_bignonioides/pi2784-08-3.jpg,catalpa_bignonioides
dataset/images/lab/Auto_cropped/ilex_opaca/pi0219-05-3.jpg,ilex_opaca
dataset/images/lab/Auto_cropped/chionanthus_virginicus/pi2217-08-2.jpg,chionanthus_virginicus
dataset/images/field/gleditsia_triacanthos/12992001196372.jpg,gleditsia_triacanthos
dataset/images/lab/Auto_cropped/ptelea_trifoliata/pi0004-01-1.jpg,ptelea_trifoliata
dataset/images/lab/Auto_cropped/acer_negundo/pi2028-05-4.jpg,acer_negundo
dataset/images/lab/Auto_cropped/asimina_triloba/pi2179-04-2.jpg,asimina_triloba
dataset/images/lab/Auto_cropped/fraxinus_nigra/ny1053-14-1.jpg,fraxinus_nigra
dataset/images/lab/Auto_cropped/ulmus_americana/pi2486-07-3.jpg,ulmus_americana
dataset/images/lab/Auto_cropped/catalpa_bignonioides/pi2788-03-2.jpg,catalpa_bignonioides
dataset/images/field/ulmus_pumila/13291724502987.jpg,ulmus_pumila
dataset/images/lab/Auto_cropped/staphylea_trifolia/pi2196-03-3.jpg,staphylea_trifolia
dataset/images/lab/Auto_cropped/broussonettia_papyrifera/wb1388-08-4.jpg,broussonettia_papyrifera
dataset/images/lab/Auto_cropped/acer_negundo/pi2027-04-4.jpg,acer_negundo
dataset/images/lab/Auto_cropped/staphylea_trifolia/pi2197-04-3.jpg,staphylea_trifolia
dataset/images/lab/Auto_cropped/juglans_cinerea/wb1488-01-3.jpg,juglans_cinerea
dataset/images/lab/Auto_cropped/quercus_montana/pi1025-03-3.jpg,quercus_montana
dataset/images/lab/Auto_cropped/ulmus_pumila/ny1050-06-1.jpg,ulmus_pumila
dataset/images/lab/Auto_cropped/quercus_montana/pi0039-02-1.jpg,quercus_montana
dataset/images/field/staphylea_trifolia/13291710347651.jpg,staphylea_trifolia
dataset/images/lab/Auto_cropped/acer_rubrum/pi2608-06-1.jpg,acer_rubrum
dataset/images/field/cryptomeria_japonica/13001326978610.jpg,cryptomeria_japonica
dataset/images/lab/Auto_cropped/ulmus_americana/pi2486-03-2.jpg,ulmus_americana
dataset/images/lab/Auto_cropped/juglans_cinerea/wb1488-02-3.jpg,juglans_cinerea
dataset/images/lab/Auto_cropped/ulmus_rubra/wb1218-09-3.jpg,ulmus_rubra
dataset/images/lab/Auto_cropped/liriodendron_tulipifera/pi2249-01-1.jpg,liriodendron_tulipifera
dataset/images/field/staphylea_trifolia/13291710347980.jpg,staphylea_trifolia
dataset/images/field/abies_concolor/12995309740671.jpg,abies_concolor
dataset/images/lab/Auto_cropped/abies_concolor/ny1157-19-1.jpg,abies_concolor
dataset/images/field/prunus_sargentii/13292214159529.jpg,prunus_sargentii
dataset/images/lab/Auto_cropped/acer_rubrum/pi2610-07-1.jpg,acer_rubrum
dataset/images/lab/Auto_cropped/prunus_virginiana/wb1319-07-1.jpg,prunus_virginiana
dataset/images/lab/Auto_cropped/ptelea_trifoliata/pi1014-02-2.jpg,ptelea_trifoliata
dataset/images/lab/Auto_cropped/abies_concolor/ny1157-12-3.jpg,abies_concolor
dataset/images/lab/Auto_cropped/acer_rubrum/pi2610-09-4.jpg,acer_rubrum
dataset/images/lab/Auto_cropped/liriodendron_tulipifera/pi0068-03-3.jpg,liriodendron_tulipifera
dataset/images/field/ulmus_rubra/13002228286973.jpg,ulmus_rubra
dataset/images/field/prunus_sargentii/13292214157187.jpg,prunus_sargentii
dataset/images/lab/Auto_cropped/broussonettia_papyrifera/wb1388-03-3.jpg,broussonettia_papyrifera
dataset/images/field/asimina_triloba/13001240199022.jpg,asimina_triloba
dataset/images/field/ulmus_americana/1249059004_0004.jpg,ulmus_americana
dataset/images/lab/Auto_cropped/quercus_montana/pi1025-06-2.jpg,quercus_montana
dataset/images/field/asimina_triloba/13001240191823.jpg,asimina_triloba
dataset/images/field/juglans_cinerea/13292191163469.jpg,juglans_cinerea
dataset/images/lab/Auto_cropped/ilex_opaca/pi0056-03-3.jpg,ilex_opaca
dataset/images/field/acer_palmatum/13001152962967.jpg,acer_palmatum
dataset/images/lab/Auto_cropped/staphylea_trifolia/pi2196-04-3.jpg,staphylea_trifolia
dataset/images/lab/Auto_cropped/ulmus_pumila/ny1048-03-3.jpg,ulmus_pumila
dataset/images/lab/Auto_cropped/prunus_virginiana/wb1319-08-4.jpg,prunus_virginiana
dataset/images/field/aesculus_pavi/13291655552243.jpg,aesculus_pavi
dataset/images/field/aesculus_pavi/13033299109355.jpg,aesculus_pavi
dataset/images/field/cryptomeria_japonica/13001326978680.jpg,cryptomeria_japonica
dataset/images/field/ptelea_trifoliata/13292213869649.jpg,ptelea_trifoliata
dataset/images/field/ptelea_trifoliata/13292213869045.jpg,ptelea_trifoliata
dataset/images/lab/Auto_cropped/broussonettia_papyrifera/ny1122-03-2.jpg,broussonettia_papyrifera
dataset/images/lab/Auto_cropped/staphylea_trifolia/pi2463-05-1.jpg,staphylea_trifolia
dataset/images/lab/Auto_cropped/quercus_montana/pi1025-02-1.jpg,quercus_montana
dataset/images/lab/Auto_cropped/diospyros_virginiana/pi0196-09-3.jpg,diospyros_virginiana
dataset/images/lab/Auto_cropped/aesculus_pavi/ny1021-06-4.jpg,aesculus_pavi
dataset/images/field/prunus_virginiana/13010820793800.jpg,prunus_virginiana
dataset/images/lab/Auto_cropped/cercis_canadensis/pi0015-04-3.jpg,cercis_canadensis
dataset/images/field/ptelea_trifoliata/13292213866957.jpg,ptelea_trifoliata
dataset/images/lab/Auto_cropped/gleditsia_triacanthos/pi2767-09-1.jpg,gleditsia_triacanthos
dataset/images/lab/Auto_cropped/broussonettia_papyrifera/wb1389-09-4.jpg,broussonettia_papyrifera
dataset/images/lab/Auto_cropped/ulmus_rubra/pi2614-01-4.jpg,ulmus_rubra
dataset/images/field/chionanthus_virginicus/13001305196894.jpg,chionanthus_virginicus
dataset/images/field/diospyros_virginiana/12991999873704.jpg,diospyros_virginiana
dataset/images/lab/Auto_cropped/acer_rubrum/pi2388-01-4.jpg,acer_rubrum
dataset/images/lab/Auto_cropped/gleditsia_triacanthos/pi2767-06-3.jpg,gleditsia_triacanthos
dataset/images/lab/Auto_cropped/diospyros_virginiana/pi2201-04-1.jpg,diospyros_virginiana
dataset/images/field/carya_cordiformis/13001257141595.jpg,carya_cordiformis
dataset/images/lab/Auto_cropped/acer_palmatum/wb1129-05-4.jpg,acer_palmatum
dataset/images/lab/Auto_cropped/ostrya_virginiana/pi2194-05-4.jpg,ostrya_virginiana
dataset/images/lab/Auto_cropped/quercus_montana/pi0039-03-1.jpg,quercus_montana
dataset/images/field/diospyros_virginiana/12991999957761.jpg,diospyros_virginiana
dataset/images/lab/Auto_cropped/ilex_opaca/pi2630-12-2.jpg,ilex_opaca
dataset/images/field/staphylea_trifolia/13291710347515.jpg,staphylea_trifolia
dataset/images/field/quercus_montana/13292231173527.jpg,quercus_montana
dataset/images/field/fraxinus_nigra/13291804059542.jpg,fraxinus_nigra
dataset/images/lab/Auto_cropped/prunus_virginiana/wb1319-03-1.jpg,prunus_virginiana
dataset/images/lab/Auto_cropped/abies_concolor/ny1179-07-4.jpg,abies_concolor
dataset/images/lab/Auto_cropped/asimina_triloba/pi2178-03-1.jpg,asimina_triloba
dataset/images/lab/Auto_cropped/ilex_opaca/pi0056-03-4.jpg,ilex_opaca
dataset/images/lab/Auto_cropped/ulmus_americana/pi2488-04-3.jpg,ulmus_americana
dataset/images/lab/Auto_cropped/acer_negundo/pi2025-08-2.jpg,acer_negundo
dataset/images/field/styrax_japonica/13002208609419.jpg,styrax_japonica
dataset/images/lab/Auto_cropped/ptelea_trifoliata/pi0003-04-4.jpg,ptelea_trifoliata
dataset/images/field/aesculus_pavi/13033299109148.jpg,aesculus_pavi
dataset/images/lab/Auto_cropped/ulmus_rubra/wb1219-05-3.jpg,ulmus_rubra
dataset/images/lab/Auto_cropped/ptelea_trifoliata/pi0019-05-2.jpg,ptelea_trifoliata
dataset/images/lab/Auto_cropped/ostrya_virginiana/pi2195-09-2.jpg,ostrya_virginiana
dataset/images/lab/Auto_cropped/chionanthus_virginicus/pi2214-06-4.jpg,chionanthus_virginicus
dataset/images/lab/Auto_cropped/ulmus_americana/pi2489-09-1.jpg,ulmus_americana
dataset/images/lab/Auto_cropped/ulmus_rubra/wb1218-04-4.jpg,ulmus_rubra
dataset/images/field/acer_palmatum/13001152961413.jpg,acer_palmatum
dataset/images/lab/Auto_cropped/asimina_triloba/pi2177-03-3.jpg,asimina_triloba
dataset/images/lab/Auto_cropped/acer_negundo/pi2026-10-3.jpg,acer_negundo
dataset/images/lab/Auto_cropped/catalpa_bignonioides/pi2718-05-4.jpg,catalpa_bignonioides
dataset/images/lab/Auto_cropped/ostrya_virginiana/pi2194-07-1.jpg,ostrya_virginiana
dataset/images/lab/Auto_cropped/ptelea_trifoliata/pi0003-03-3.jpg,ptelea_trifoliata
dataset/images/lab/Auto_cropped/maclura_pomifera/pi2775-09-4.jpg,maclura_pomifera
dataset/images/lab/Auto_cropped/ulmus_americana/pi2486-02-3.jpg,ulmus_americana
dataset/images/lab/Auto_cropped/prunus_sargentii/ny1095-07-4.jpg,prunus_sargentii
dataset/images/lab/Auto_cropped/acer_palmatum/wb1128-04-3.jpg,acer_palmatum
dataset/images/lab/Auto_cropped/gleditsia_triacanthos/pi2769-08-4.jpg,gleditsia_triacanthos
dataset/images/lab/Auto_cropped/ilex_opaca/pi2630-10-4.jpg,ilex_opaca
dataset/images/lab/Auto_cropped/juglans_cinerea/wb1487-03-4.jpg,juglans_cinerea
dataset/images/lab/Auto_cropped/maclura_pomifera/pi2235-09-4.jpg,maclura_pomifera
dataset/images/field/staphylea_trifolia/13291710342782.jpg,staphylea_trifolia
dataset/images/lab/Auto_cropped/quercus_montana/pi0036-05-4.jpg,quercus_montana
dataset/images/lab/Auto_cropped/ulmus_rubra/pi2534-02-3.jpg,ulmus_rubra
dataset/images/lab/Auto_cropped/acer_negundo/pi2028-04-1.jpg,acer_negundo
dataset/images/lab/Auto_cropped/ulmus_pumila/ny1048-02-3.jpg,ulmus_pumila
dataset/images/lab/Auto_cropped/aesculus_pavi/ny1019-09-4.jpg,aesculus_pavi
dataset/images/lab/Auto_cropped/staphylea_trifolia/pi2197-10-3.jpg,staphylea_trifolia
dataset/images/lab/Auto_cropped/ostrya_virginiana/pi2461-02-1.jpg,ostrya_virginiana
dataset/images/lab/Auto_cropped/asimina_triloba/pi2178-01-4.jpg,asimina_triloba
dataset/images/field/ptelea_trifoliata/13292213866750.jpg,ptelea_trifoliata
dataset/images/lab/Auto_cropped/ilex_opaca/pi0219-10-1.jpg,ilex_opaca
dataset/images/lab/Auto_cropped/asimina_triloba/pi2181-08-4.jpg,asimina_triloba
dataset/images/lab/Auto_cropped/ostrya_virginiana/pi2195-07-1.jpg,ostrya_virginiana
dataset/images/lab/Auto_cropped/ilex_opaca/pi2490-05-3.jpg,ilex_opaca
dataset/images/lab/Auto_cropped/juglans_cinerea/wb1489-01-2.jpg,juglans_cinerea
dataset/images/lab/Auto_cropped/juglans_cinerea/wb1487-01-2.jpg,juglans_cinerea
dataset/images/lab/Auto_cropped/ptelea_trifoliata/pi0004-08-3.jpg,ptelea_trifoliata
dataset/images/lab/Auto_cropped/carya_cordiformis/pi0055-07-3.jpg,carya_cordiformis
dataset/images/lab/Auto_cropped/acer_rubrum/pi2610-05-3.jpg,acer_rubrum
dataset/images/lab/Auto_cropped/acer_rubrum/pi2608-02-1.jpg,acer_rubrum
dataset/images/lab/Auto_cropped/fraxinus_nigra/ny1053-05-1.jpg,fraxinus_nigra
dataset/images/lab/Auto_cropped/maclura_pomifera/pi2775-01-4.jpg,maclura_pomifera
dataset/images/field/acer_negundo/13001151165933.jpg,acer_negundo
dataset/images/lab/Auto_cropped/ostrya_virginiana/pi2461-07-3.jpg,ostrya_virginiana
dataset/images/lab/Auto_cropped/ulmus_pumila/ny1050-05-4.jpg,ulmus_pumila
dataset/images/lab/Auto_cropped/prunus_sargentii/ny1094-03-1.jpg,prunus_sargentii
dataset/images/lab/Auto_cropped/quercus_muehlenbergii/wb1531-04-4.jpg,quercus_muehlenbergii
dataset/images/lab/Auto_cropped/aesculus_pavi/ny1020-03-1.jpg,aesculus_pavi
dataset/images/lab/Auto_cropped/quercus_montana/pi1025-01-4.jpg,quercus_montana
dataset/images/lab/Auto_cropped/carya_cordiformis/pi0054-08-3.jpg,carya_cordiformis
dataset/images/lab/Auto_cropped/quercus_muehlenbergii/wb1531-01-3.jpg,quercus_muehlenbergii
dataset/images/field/acer_palmatum/13001152960234.jpg,acer_palmatum
dataset/images/lab/Auto_cropped/diospyros_virginiana/pi2198-01-4.jpg,diospyros_virginiana
dataset/images/lab/Auto_cropped/diospyros_virginiana/pi2198-06-3.jpg,diospyros_virginiana
dataset/images/lab/Auto_cropped/ilex_opaca/pi2490-08-3.jpg,ilex_opaca
dataset/images/lab/Auto_cropped/acer_rubrum/pi2609-10-1.jpg,acer_rubrum
dataset/images/lab/Auto_cropped/ulmus_pumila/ny1050-05-3.jpg,ulmus_pumila
dataset/images/lab/Auto_cropped/gleditsia_triacanthos/pi2767-03-4.jpg,gleditsia_triacanthos
dataset/images/lab/Auto_cropped/ulmus_rubra/pi2613-03-1.jpg,ulmus_rubra
dataset/images/lab/Auto_cropped/staphylea_trifolia/pi0238-05-3.jpg,staphylea_trifolia
dataset/images/field/fraxinus_nigra/13291804050836.jpg,fraxinus_nigra
dataset/images/lab/Auto_cropped/acer_rubrum/pi2608-07-1.jpg,acer_rubrum
dataset/images/lab/Auto_cropped/cryptomeria_japonica/ny1055-04-4.jpg,cryptomeria_japonica
dataset/images/lab/Auto_cropped/abies_concolor/ny1157-13-2.jpg,abies_concolor
dataset/images/lab/Auto_cropped/ulmus_rubra/pi2614-05-1.jpg,ulmus_rubra
dataset/images/field/catalpa_bignonioides/13001269152328.jpg,catalpa_bignonioides
dataset/images/lab/Auto_cropped/ptelea_trifoliata/pi0003-06-4.jpg,ptelea_trifoliata
dataset/images/lab/Auto_cropped/prunus_virginiana/wb1320-09-2.jpg,prunus_virginiana
dataset/images/lab/Auto_cropped/acer_rubrum/pi2610-11-4.jpg,acer_rubrum
dataset/images/lab/Auto_cropped/aesculus_pavi/ny1021-09-2.jpg,aesculus_pavi
dataset/images/field/cryptomeria_japonica/13001326979935.jpg,cryptomeria_japonica
dataset/images/lab/Auto_cropped/ulmus_americana/pi2486-11-1.jpg,ulmus_americana
dataset/images/lab/Auto_cropped/ptelea_trifoliata/pi0019-05-1.jpg,ptelea_trifoliata
dataset/images/lab/Auto_cropped/quercus_muehlenbergii/wb1531-09-2.jpg,quercus_muehlenbergii
dataset/images/lab/Auto_cropped/chionanthus_virginicus/pi2217-08-4.jpg,chionanthus_virginicus
dataset/images/field/fraxinus_nigra/13291804055079.jpg,fraxinus_nigra
dataset/images/lab/Auto_cropped/diospyros_virginiana/pi0196-10-2.jpg,diospyros_virginiana
dataset/images/lab/Auto_cropped/quercus_montana/pi0039-05-2.jpg,quercus_montana
dataset/images/lab/Auto_cropped/ulmus_rubra/wb1217-10-1.jpg,ulmus_rubra
dataset/images/lab/Auto_cropped/asimina_triloba/pi2181-08-3.jpg,asimina_triloba
dataset/images/lab/Auto_cropped/catalpa_bignonioides/pi2784-07-1.jpg,catalpa_bignonioides
dataset/images/lab/Auto_cropped/ulmus_rubra/pi2534-03-2.jpg,ulmus_rubra
dataset/images/field/staphylea_trifolia/13291710343986.jpg,staphylea_trifolia
dataset/images/lab/Auto_cropped/quercus_montana/pi1025-06-1.jpg,quercus_montana
dataset/images/field/diospyros_virginiana/12992000135532.jpg,diospyros_virginiana
dataset/images/field/asimina_triloba/13001240196209.jpg,asimina_triloba
dataset/images/lab/Auto_cropped/fraxinus_nigra/ny1053-04-4.jpg,fraxinus_nigra
dataset/images/field/ulmus_rubra/13002228286176.jpg,ulmus_rubra
dataset/images/field/juglans_cinerea/13292191160862.jpg,juglans_cinerea
dataset/images/lab/Auto_cropped/ostrya_virginiana/pi2194-05-3.jpg,ostrya_virginiana
dataset/images/field/gleditsia_triacanthos/12992001098734.jpg,gleditsia_triacanthos
dataset/images/field/acer_negundo/13001151166181.jpg,acer_negundo
dataset/images/lab/Auto_cropped/ilex_opaca/pi2490-02-3.jpg,ilex_opaca
dataset/images/lab/Auto_cropped/diospyros_virginiana/pi2200-08-4.jpg,diospyros_virginiana
dataset/images/lab/Auto_cropped/ulmus_rubra/pi2615-10-3.jpg,ulmus_rubra
dataset/images/lab/Auto_cropped/chionanthus_virginicus/pi2216-11-2.jpg,chionanthus_virginicus
dataset/images/lab/Auto_cropped/ptelea_trifoliata/pi0004-11-4.jpg,ptelea_trifoliata
dataset/images/lab/Auto_cropped/staphylea_trifolia/pi2197-10-4.jpg,staphylea_trifolia
dataset/images/lab/Auto_cropped/acer_rubrum/pi2388-10-2.jpg,acer_rubrum
dataset/images/lab/Auto_cropped/ulmus_americana/pi0020-05-3.jpg,ulmus_americana
dataset/images/lab/Auto_cropped/abies_concolor/ny1157-06-1.jpg,abies_concolor
dataset/images/lab/Auto_cropped/styrax_japonica/ny1001-03-2.jpg,styrax_japonica
dataset/images/lab/Auto_cropped/maclura_pomifera/pi2235-08-4.jpg,maclura_pomifera
dataset/images/lab/Auto_cropped/acer_rubrum/pi2608-04-2.jpg,acer_rubrum
dataset/images/lab/Auto_cropped/catalpa_bignonioides/pi2718-05-3.jpg,catalpa_bignonioides
dataset/images/lab/Auto_cropped/ilex_opaca/pi0219-07-4.jpg,ilex_opaca
dataset/images/lab/Auto_cropped/maclura_pomifera/pi2776-02-2.jpg,maclura_pomifera
dataset/images/lab/Auto_cropped/ulmus_pumila/ny1050-07-2.jpg,ulmus_pumila
dataset/images/lab/Auto_cropped/staphylea_trifolia/pi2463-01-3.jpg,staphylea_trifolia
dataset/images/lab/Auto_cropped/styrax_japonica/ny1003-03-1.jpg,styrax_japonica
dataset/images/field/prunus_virginiana/13010820798972.jpg,prunus_virginiana
dataset/images/lab/Auto_cropped/asimina_triloba/pi2177-03-2.jpg,asimina_triloba
dataset/images/field/juglans_cinerea/13292191166437.jpg,juglans_cinerea
dataset/images/lab/Auto_cropped/acer_rubrum/pi2388-06-1.jpg,acer_rubrum
dataset/images/field/catalpa_bignonioides/13001269155660.jpg,catalpa_bignonioides
dataset/images/lab/Auto_cropped/broussonettia_papyrifera/wb1390-08-4.jpg,broussonettia_papyrifera
dataset/images/lab/Auto_cropped/carya_cordiformis/pi2337-01-4.jpg,carya_cordiformis
dataset/images/lab/Auto_cropped/ulmus_pumila/ny1049-10-4.jpg,ulmus_pumila
dataset/images/lab/Auto_cropped/acer_negundo/pi2028-09-3.jpg,acer_negundo
dataset/images/lab/Auto_cropped/ilex_opaca/pi0219-08-2.jpg,ilex_opaca
dataset/images/lab/Auto_cropped/acer_rubrum/pi2609-10-3.jpg,acer_rubrum
dataset/images/field/catalpa_bignonioides/13001269154862.jpg,catalpa_bignonioides
dataset/images/field/cryptomeria_japonica/13001326971421.jpg,cryptomeria_japonica
dataset/images/lab/Auto_cropped/maclura_pomifera/pi2235-02-3.jpg,maclura_pomifera
dataset/images/lab/Auto_cropped/diospyros_virginiana/pi0196-05-1.jpg,diospyros_virginiana
dataset/images/lab/Auto_cropped/liriodendron_tulipifera/pi2248-06-2.jpg,liriodendron_tulipifera
dataset/images/field/acer_negundo/13001151167202.jpg,acer_negundo
dataset/images/field/fraxinus_nigra/13291804056537.jpg,fraxinus_nigra
dataset/images/lab/Auto_cropped/ostrya_virginiana/pi2462-10-4.jpg,ostrya_virginiana
dataset/images/lab/Auto_cropped/ulmus_americana/pi2486-09-4.jpg,ulmus_americana
dataset/images/lab/Auto_cropped/staphylea_trifolia/pi2463-03-2.jpg,staphylea_trifolia
dataset/images/lab/Auto_cropped/diospyros_virginiana/pi2200-07-3.jpg,diospyros_virginiana
dataset/images/lab/Auto_cropped/juglans_cinerea/wb1487-04-2.jpg,juglans_cinerea
dataset/images/lab/Auto_cropped/cercis_canadensis/pi0015-06-4.jpg,cercis_canadensis
dataset/images/lab/Auto_cropped/cercis_canadensis/pi0001-10-3.jpg,cercis_canadensis
dataset/images/field/cryptomeria_japonica/13001326976567.jpg,cryptomeria_japonica
dataset/images/lab/Auto_cropped/asimina_triloba/pi2177-08-4.jpg,asimina_triloba
dataset/images/lab/Auto_cropped/asimina_triloba/pi2181-01-4.jpg,asimina_triloba
dataset/images/lab/Auto_cropped/liriodendron_tulipifera/pi2249-09-2.jpg,liriodendron_tulipifera
dataset/images/lab/Auto_cropped/prunus_sargentii/ny1095-14-4.jpg,prunus_sargentii
dataset/images/lab/Auto_cropped/ulmus_pumila/ny1050-04-4.jpg,ulmus_pumila
dataset/images/lab/Auto_cropped/acer_rubrum/pi2388-10-4.jpg,acer_rubrum
dataset/images/lab/Auto_cropped/acer_negundo/pi2029-10-1.jpg,acer_negundo
dataset/images/lab/Auto_cropped/ptelea_trifoliata/pi0007-04-4.jpg,ptelea_trifoliata
dataset/images/field/maclura_pomifera/1259040122_0010.jpg,maclura_pomifera
dataset/images/lab/Auto_cropped/acer_negundo/pi2025-09-1.jpg,acer_negundo
dataset/images/lab/Auto_cropped/maclura_pomifera/pi2776-08-2.jpg,maclura_pomifera
dataset/images/lab/Auto_cropped/ilex_opaca/pi0056-04-2.jpg,ilex_opaca
dataset/images/lab/Auto_cropped/cercis_canadensis/pi2492-08-1.jpg,cercis_canadensis
dataset/images/lab/Auto_cropped/quercus_montana/pi1025-03-2.jpg,quercus_montana
dataset/images/lab/Auto_cropped/ulmus_americana/pi2487-05-1.jpg,ulmus_americana
dataset/images/lab/Auto_cropped/gleditsia_triacanthos/pi2769-10-3.jpg,gleditsia_triacanthos
dataset/images/lab/Auto_cropped/maclura_pomifera/pi2775-03-4.jpg,maclura_pomifera
dataset/images/lab/Auto_cropped/staphylea_trifolia/pi2196-08-4.jpg,staphylea_trifolia
dataset/images/lab/Auto_cropped/maclura_pomifera/pi2776-03-1.jpg,maclura_pomifera
dataset/images/field/asimina_triloba/13001240190681.jpg,asimina_triloba
dataset/images/lab/Auto_cropped/diospyros_virginiana/pi2198-01-2.jpg,diospyros_virginiana
dataset/images/lab/Auto_cropped/cercis_canadensis/pi0001-09-4.jpg,cercis_canadensis
dataset/images/lab/Auto_cropped/aesculus_pavi/ny1021-01-1.jpg,aesculus_pavi
dataset/images/field/carya_cordiformis/13001257140652.jpg,carya_cordiformis
dataset/images/lab/Auto_cropped/ptelea_trifoliata/pi1014-01-4.jpg,ptelea_trifoliata
dataset/images/field/ulmus_pumila/13291724504455.jpg,ulmus_pumila
dataset/images/lab/Auto_cropped/staphylea_trifolia/pi2197-01-2.jpg,staphylea_trifolia
dataset/images/lab/Auto_cropped/acer_palmatum/wb1127-01-1.jpg,acer_palmatum
dataset/images/lab/Auto_cropped/carya_cordiformis/pi0054-08-4.jpg,carya_cordiformis
dataset/images/lab/Auto_cropped/acer_rubrum/pi2388-03-2.jpg,acer_rubrum
dataset/images/field/juglans_cinerea/13292191160453.jpg,juglans_cinerea
dataset/images/field/staphylea_trifolia/13291710346148.jpg,staphylea_trifolia
dataset/images/lab/Auto_cropped/ptelea_trifoliata/pi0004-08-2.jpg,ptelea_trifoliata
dataset/images/lab/Auto_cropped/styrax_japonica/ny1003-06-1.jpg,styrax_japonica
dataset/images/lab/Auto_cropped/catalpa_bignonioides/pi2784-10-4.jpg,catalpa_bignonioides
dataset/images/field/fraxinus_nigra/13291804058716.jpg,fraxinus_nigra
dataset/images/lab/Auto_cropped/quercus_montana/pi0040-08-4.jpg,quercus_montana
dataset/images/lab/Auto_cropped/acer_negundo/pi2025-05-3.jpg,acer_negundo
dataset/images/lab/Auto_cropped/acer_negundo/pi2027-04-3.jpg,acer_negundo
dataset/images/lab/Auto_cropped/quercus_montana/pi0038-03-2.jpg,quercus_montana
dataset/images/lab/Auto_cropped/ulmus_rubra/pi2534-05-3.jpg,ulmus_rubra
dataset/images/lab/Auto_cropped/prunus_sargentii/ny1094-08-3.jpg,prunus_sargentii
dataset/images/lab/Auto_cropped/ostrya_virginiana/pi1052-05-4.jpg,ostrya_virginiana
dataset/images/field/acer_negundo/13001151164033.jpg,acer_negundo
dataset/images/lab/Auto_cropped/abies_concolor/ny1178-02-1.jpg,abies_concolor
dataset/images/lab/Auto_cropped/asimina_triloba/pi2179-03-3.jpg,asimina_triloba
dataset/images/lab/Auto_cropped/liriodendron_tulipifera/pi0068-05-2.jpg,liriodendron_tulipifera
dataset/images/field/ptelea_trifoliata/13292213862867.jpg,ptelea_trifoliata
dataset/images/field/quercus_montana/13292231170753.jpg,quercus_montana
dataset/images/field/cryptomeria_japonica/13001326971587.jpg,cryptomeria_japonica
dataset/images/lab/Auto_cropped/ulmus_americana/pi2486-09-3.jpg,ulmus_americana
dataset/images/lab/Auto_cropped/carya_cordiformis/pi0055-02-4.jpg,carya_cordiformis
dataset/images/lab/Auto_cropped/catalpa_bignonioides/pi2788-07-1.jpg,catalpa_bignonioides
dataset/images/lab/Auto_cropped/cercis_canadensis/pi0001-01-3.jpg,cercis_canadensis
dataset/images/lab/Auto_cropped/ulmus_americana/pi2486-08-1.jpg,ulmus_americana
dataset/images/lab/Auto_cropped/acer_rubrum/pi2608-01-1.jpg,acer_rubrum
dataset/images/lab/Auto_cropped/aesculus_pavi/ny1020-05-1.jpg,aesculus_pavi
dataset/images/lab/Auto_cropped/staphylea_trifolia/pi0238-05-1.jpg,staphylea_trifolia
dataset/images/field/acer_palmatum/13001152967590.jpg,acer_palmatum
dataset/images/lab/Auto_cropped/prunus_virginiana/wb1320-05-1.jpg,prunus_virginiana
dataset/images/lab/Auto_cropped/asimina_triloba/pi2178-01-3.jpg,asimina_triloba
dataset/images/field/maclura_pomifera/1259040730_0012.jpg,maclura_pomifera
dataset/images/field/prunus_virginiana/13002169498649.jpg,prunus_virginiana
dataset/images/lab/Auto_cropped/prunus_virginiana/wb1321-06-2.jpg,prunus_virginiana
dataset/images/lab/Auto_cropped/ilex_opaca/pi0219-10-2.jpg,ilex_opaca
dataset/images/lab/Auto_cropped/carya_cordiformis/pi2337-08-4.jpg,carya_cordiformis
dataset/images/lab/Auto_cropped/chionanthus_virginicus/pi2216-07-1.jpg,chionanthus_virginicus
dataset/images/lab/Auto_cropped/maclura_pomifera/pi2775-07-1.jpg,maclura_pomifera
dataset/images/field/quercus_montana/13292231177092.jpg,quercus_montana
dataset/images/lab/Auto_cropped/maclura_pomifera/pi2719-02-1.jpg,maclura_pomifera
dataset/images/lab/Auto_cropped/ostrya_virginiana/pi2195-09-4.jpg,ostrya_virginiana
dataset/images/lab/Auto_cropped/diospyros_virginiana/pi2200-01-1.jpg,diospyros_virginiana
dataset/images/lab/Auto_cropped/juglans_cinerea/wb1489-06-2.jpg,juglans_cinerea
dataset/images/lab/Auto_cropped/ptelea_trifoliata/pi0007-01-1.jpg,ptelea_trifoliata
dataset/images/lab/Auto_cropped/chionanthus_virginicus/pi2214-05-4.jpg,chionanthus_virginicus
dataset/images/lab/Auto_cropped/chionanthus_virginicus/pi2215-03-4.jpg,chionanthus_virginicus
dataset/images/lab/Auto_cropped/quercus_montana/pi0040-04-4.jpg,quercus_montana
dataset/images/lab/Auto_cropped/asimina_triloba/pi2181-06-3.jpg,asimina_triloba
dataset/images/lab/Auto_cropped/abies_concolor/ny1178-01-4.jpg,abies_concolor
dataset/images/lab/Auto_cropped/aesculus_pavi/ny1021-02-2.jpg,aesculus_pavi
dataset/images/lab/Auto_cropped/aesculus_pavi/ny1019-04-4.jpg,aesculus_pavi
dataset/images/lab/Auto_cropped/aesculus_pavi/ny1021-08-2.jpg,aesculus_pavi
dataset/images/lab/Auto_cropped/ulmus_pumila/ny1049-01-2.jpg,ulmus_pumila
dataset/images/lab/Auto_cropped/ptelea_trifoliata/pi0004-08-4.jpg,ptelea_trifoliata
dataset/images/lab/Auto_cropped/styrax_japonica/ny1001-05-2.jpg,styrax_japonica
dataset/images/field/asimina_triloba/13001240195113.jpg,asimina_triloba
dataset/images/lab/Auto_cropped/quercus_montana/pi0039-05-4.jpg,quercus_montana
dataset/images/field/cryptomeria_japonica/13001326978044.jpg,cryptomeria_japonica
dataset/images/field/aesculus_pavi/13291655554665.jpg,aesculus_pavi
dataset/images/lab/Auto_cropped/prunus_virginiana/wb1320-08-2.jpg,prunus_virginiana
dataset/images/lab/Auto_cropped/diospyros_virginiana/pi2201-04-4.jpg,diospyros_virginiana
dataset/images/lab/Auto_cropped/ilex_opaca/pi2490-06-2.jpg,ilex_opaca
dataset/images/lab/Auto_cropped/ulmus_pumila/ny1049-10-3.jpg,ulmus_pumila
dataset/images/lab/Auto_cropped/acer_palmatum/wb1128-08-1.jpg,acer_palmatum
dataset/images/field/aesculus_pavi/13291655553755.jpg,aesculus_pavi
dataset/images/lab/Auto_cropped/fraxinus_nigra/ny1053-27-1.jpg,fraxinus_nigra
dataset/images/lab/Auto_cropped/ulmus_americana/pi2489-08-4.jpg,ulmus_americana
dataset/images/field/ulmus_americana/1259110850_0029.jpg,ulmus_americana
dataset/images/field/carya_cordiformis/13001257146113.jpg,carya_cordiformis
dataset/images/lab/Auto_cropped/acer_negundo/pi2029-08-3.jpg,acer_negundo
dataset/images/field/quercus_montana/13292231179691.jpg,quercus_montana
dataset/images/lab/Auto_cropped/carya_cordiformis/pi0055-07-4.jpg,carya_cordiformis
dataset/images/lab/Auto_cropped/carya_cordiformis/pi2337-01-3.jpg,carya_cordiformis
dataset/images/field/carya_cordiformis/13001257145108.jpg,carya_cordiformis
dataset/images/lab/Auto_cropped/staphylea_trifolia/pi2463-05-4.jpg,staphylea_trifolia
dataset/images/lab/Auto_cropped/ulmus_rubra/pi2615-10-4.jpg,ulmus_rubra
dataset/images/lab/Auto_cropped/prunus_virginiana/wb1320-07-2.jpg,prunus_virginiana
dataset/images/field/asimina_triloba/13001240193786.jpg,asimina_triloba
dataset/images/lab/Auto_cropped/chionanthus_virginicus/pi2217-01-3.jpg,chionanthus_virginicus
dataset/images/lab/Auto_cropped/carya_cordiformis/pi0054-07-4.jpg,carya_cordiformis
dataset/images/lab/Auto_cropped/abies_concolor/ny1179-04-1.jpg,abies_concolor
dataset/images/field/abies_concolor/12995309746810.jpg,abies_concolor
dataset/images/lab/Auto_cropped/asimina_triloba/pi2179-08-3.jpg,asimina_triloba
dataset/images/lab/Auto_cropped/quercus_muehlenbergii/wb1529-01-1.jpg,quercus_muehlenbergii
dataset/images/lab/Auto_cropped/juglans_cinerea/wb1488-03-3.jpg,juglans_cinerea
dataset/images/lab/Auto_cropped/ptelea_trifoliata/pi0006-02-2.jpg,ptelea_trifoliata
dataset/images/lab/Auto_cropped/broussonettia_papyrifera/ny1123-03-3.jpg,broussonettia_papyrifera
dataset/images/lab/Auto_cropped/abies_concolor/ny1178-06-4.jpg,abies_concolor
dataset/images/lab/Auto_cropped/acer_rubrum/pi2608-08-1.jpg,acer_rubrum
dataset/images/field/fraxinus_nigra/13291804054382.jpg,fraxinus_nigra
dataset/images/lab/Auto_cropped/broussonettia_papyrifera/ny1124-02-2.jpg,broussonettia_papyrifera
dataset/images/field/aesculus_pavi/13291655556409.jpg,aesculus_pavi
dataset/images/field/aesculus_pavi/13291655559432.jpg,aesculus_pavi
dataset/images/lab/Auto_cropped/abies_concolor/ny1157-24-4.jpg,abies_concolor
dataset/images/lab/Auto_cropped/liriodendron_tulipifera/pi0069-08-3.jpg,liriodendron_tulipifera
dataset/images/lab/Auto_cropped/ptelea_trifoliata/pi0007-01-3.jpg,ptelea_trifoliata
dataset/images/lab/Auto_cropped/prunus_virginiana/wb1321-06-4.jpg,prunus_virginiana
dataset/images/lab/Auto_cropped/staphylea_trifolia/pi0238-03-3.jpg,staphylea_trifolia
dataset/images/lab/Auto_cropped/maclura_pomifera/pi2776-09-3.jpg,maclura_pomifera
dataset/images/lab/Auto_cropped/cercis_canadensis/pi2492-04-4.jpg,cercis_canadensis
dataset/images/lab/Auto_cropped/broussonettia_papyrifera/wb1390-05-4.jpg,broussonettia_papyrifera
dataset/images/lab/Auto_cropped/fraxinus_nigra/ny1053-05-4.jpg,fraxinus_nigra
dataset/images/lab/Auto_cropped/acer_negundo/pi2027-02-1.jpg,acer_negundo
dataset/images/lab/Auto_cropped/asimina_triloba/pi2181-09-2.jpg,asimina_triloba
dataset/images/lab/Auto_cropped/liriodendron_tulipifera/pi0069-10-4.jpg,liriodendron_tulipifera
dataset/images/lab/Auto_cropped/gleditsia_triacanthos/pi2767-01-3.jpg,gleditsia_triacanthos
dataset/images/lab/Auto_cropped/ulmus_americana/pi2489-06-3.jpg,ulmus_americana
dataset/images/lab/Auto_cropped/chionanthus_virginicus/pi2215-03-3.jpg,chionanthus_virginicus
dataset/images/lab/Auto_cropped/ulmus_rubra/pi2615-09-3.jpg,ulmus_rubra
dataset/images/lab/Auto_cropped/quercus_muehlenbergii/wb1531-02-4.jpg,quercus_muehlenbergii
dataset/images/lab/Auto_cropped/catalpa_bignonioides/pi2788-09-2.jpg,catalpa_bignonioides
dataset/images/field/ptelea_trifoliata/13292213865721.jpg,ptelea_trifoliata
dataset/images/lab/Auto_cropped/juglans_cinerea/wb1489-03-3.jpg,juglans_cinerea
dataset/images/lab/Auto_cropped/staphylea_trifolia/pi2197-03-1.jpg,staphylea_trifolia
dataset/images/field/acer_palmatum/13001152960212.jpg,acer_palmatum
dataset/images/field/ilex_opaca/1248105728_0005.jpg,ilex_opaca
dataset/images/lab/Auto_cropped/juglans_cinerea/wb1489-07-1.jpg,juglans_cinerea
dataset/images/field/acer_palmatum/13001152967070.jpg,acer_palmatum
dataset/images/lab/Auto_cropped/ulmus_americana/pi2486-03-1.jpg,ulmus_americana
dataset/images/lab/Auto_cropped/styrax_japonica/ny1003-07-3.jpg,styrax_japonica
dataset/images/lab/Auto_cropped/ulmus_americana/pi2487-03-3.jpg,ulmus_americana
dataset/images/lab/Auto_cropped/catalpa_bignonioides/pi2718-01-2.jpg,catalpa_bignonioides
dataset/images/field/abies_concolor/12995309748933.jpg,abies_concolor
dataset/images/lab/Auto_cropped/quercus_montana/pi0036-02-2.jpg,quercus_montana
dataset/images/lab/Auto_cropped/liriodendron_tulipifera/pi2249-07-2.jpg,liriodendron_tulipifera
dataset/images/lab/Auto_cropped/cercis_canadensis/pi2492-09-3.jpg,cercis_canadensis
dataset/images/field/fraxinus_nigra/13291804058908.jpg,fraxinus_nigra
dataset/images/field/styrax_japonica/13002208608529.jpg,styrax_japonica
dataset/images/lab/Auto_cropped/ilex_opaca/pi2630-11-4.jpg,ilex_opaca
dataset/images/field/cryptomeria_japonica/13001326971667.jpg,cryptomeria_japonica
dataset/images/field/staphylea_trifolia/13291710348278.jpg,staphylea_trifolia
dataset/images/field/juglans_cinerea/13292191163550.jpg,juglans_cinerea
dataset/images/field/fraxinus_nigra/13291804051608.jpg,fraxinus_nigra
dataset/images/field/ostrya_virginiana/13001985588946.jpg,ostrya_virginiana
dataset/images/field/quercus_montana/13292231171500.jpg,quercus_montana
dataset/images/field/acer_negundo/13001151161072.jpg,acer_negundo
dataset/images/lab/Auto_cropped/juglans_cinerea/wb1488-01-4.jpg,juglans_cinerea
dataset/images/lab/Auto_cropped/juglans_cinerea/wb1487-04-3.jpg,juglans_cinerea
dataset/images/lab/Auto_cropped/ilex_opaca/pi0219-01-1.jpg,ilex_opaca
dataset/images/field/broussonettia_papyrifera/13001252071549.jpg,broussonettia_papyrifera
dataset/images/lab/Auto_cropped/cercis_canadensis/pi0014-06-2.jpg,cercis_canadensis
dataset/images/lab/Auto_cropped/quercus_montana/pi0040-05-3.jpg,quercus_montana
dataset/images/lab/Auto_cropped/quercus_montana/pi0039-04-4.jpg,quercus_montana
dataset/images/lab/Auto_cropped/carya_cordiformis/pi0054-05-2.jpg,carya_cordiformis
dataset/images/field/liriodendron_tulipifera/12992002651296.jpg,liriodendron_tulipifera
dataset/images/lab/Auto_cropped/fraxinus_nigra/ny1053-11-2.jpg,fraxinus_nigra
dataset/images/lab/Auto_cropped/carya_cordiformis/pi0055-06-3.jpg,carya_cordiformis
dataset/images/lab/Auto_cropped/diospyros_virginiana/pi2200-06-4.jpg,diospyros_virginiana
dataset/images/field/staphylea_trifolia/13291710341375.jpg,staphylea_trifolia
dataset/images/lab/Auto_cropped/maclura_pomifera/pi2775-08-1.jpg,maclura_pomifera
dataset/images/field/fraxinus_nigra/13291804058821.jpg,fraxinus_nigra
dataset/images/lab/Auto_cropped/gleditsia_triacanthos/pi1072-01-1.jpg,gleditsia_triacanthos
dataset/images/lab/Auto_cropped/diospyros_virginiana/pi2200-01-3.jpg,diospyros_virginiana
dataset/images/field/fraxinus_nigra/13291804052455.jpg,fraxinus_nigra
dataset/images/lab/Auto_cropped/broussonettia_papyrifera/wb1388-04-3.jpg,broussonettia_papyrifera
dataset/images/lab/Auto_cropped/maclura_pomifera/pi2235-06-3.jpg,maclura_pomifera
dataset/images/lab/Auto_cropped/acer_negundo/pi2028-03-2.jpg,acer_negundo
dataset/images/lab/Auto_cropped/quercus_montana/pi1025-02-2.jpg,quercus_montana
dataset/images/lab/Auto_cropped/gleditsia_triacanthos/pi2769-09-4.jpg,gleditsia_triacanthos
dataset/images/lab/Auto_cropped/staphylea_trifolia/pi2197-09-2.jpg,staphylea_trifolia
dataset/images/lab/Auto_cropped/liriodendron_tulipifera/pi0069-10-2.jpg,liriodendron_tulipifera
dataset/images/lab/Auto_cropped/cryptomeria_japonica/ny1054-01-4.jpg,cryptomeria_japonica
dataset/images/lab/Auto_cropped/maclura_pomifera/pi2719-04-2.jpg,maclura_pomifera
dataset/images/lab/Auto_cropped/chionanthus_virginicus/pi2216-11-3.jpg,chionanthus_virginicus
dataset/images/field/staphylea_trifolia/13291710347817.jpg,staphylea_trifolia
dataset/images/lab/Auto_cropped/ulmus_pumila/ny1048-01-4.jpg,ulmus_pumila
dataset/images/field/fraxinus_nigra/13291804054480.jpg,fraxinus_nigra
dataset/images/lab/Auto_cropped/cercis_canadensis/pi0015-08-4.jpg,cercis_canadensis
dataset/images/field/catalpa_bignonioides/13001269159167.jpg,catalpa_bignonioides
dataset/images/lab/Auto_cropped/ulmus_rubra/pi2614-01-3.jpg,ulmus_rubra
dataset/images/field/gleditsia_triacanthos/12992000851559.jpg,gleditsia_triacanthos
dataset/images/lab/Auto_cropped/broussonettia_papyrifera/ny1123-07-4.jpg,broussonettia_papyrifera
dataset/images/lab/Auto_cropped/ulmus_rubra/wb1218-03-3.jpg,ulmus_rubra
dataset/images/lab/Auto_cropped/asimina_triloba/pi2178-02-4.jpg,asimina_triloba
dataset/images/lab/Auto_cropped/ptelea_trifoliata/pi0005-04-3.jpg,ptelea_trifoliata
dataset/images/lab/Auto_cropped/cercis_canadensis/pi0001-05-3.jpg,cercis_canadensis
dataset/images/lab/Auto_cropped/ulmus_americana/pi2487-06-4.jpg,ulmus_americana
dataset/images/lab/Auto_cropped/aesculus_pavi/ny1019-05-4.jpg,aesculus_pavi
dataset/images/lab/Auto_cropped/catalpa_bignonioides/pi2784-08-1.jpg,catalpa_bignonioides
dataset/images/field/diospyros_virginiana/12991999887824.jpg,diospyros_virginiana
dataset/images/lab/Auto_cropped/aesculus_pavi/ny1021-05-2.jpg,aesculus_pavi
dataset/images/field/ulmus_rubra/13002228289542.jpg,ulmus_rubra
dataset/images/field/ulmus_pumila/13291724506406.jpg,ulmus_pumila
dataset/images/field/fraxinus_nigra/13291804057872.jpg,fraxinus_nigra
dataset/images/lab/Auto_cropped/carya_cordiformis/pi2337-03-4.jpg,carya_cordiformis
dataset/images/lab/Auto_cropped/abies_concolor/ny1157-04-3.jpg,abies_concolor
dataset/images/field/acer_palmatum/13001152960119.jpg,acer_palmatum
dataset/images/lab/Auto_cropped/abies_concolor/ny1157-28-3.jpg,abies_concolor
dataset/images/lab/Auto_cropped/juglans_cinerea/wb1489-01-4.jpg,juglans_cinerea
dataset/images/field/ulmus_pumila/13291724506612.jpg,ulmus_pumila
dataset/images/field/fraxinus_nigra/13291804057012.jpg,fraxinus_nigra
dataset/images/lab/Auto_cropped/gleditsia_triacanthos/pi2767-09-2.jpg,gleditsia_triacanthos
dataset/images/field/prunus_virginiana/13002166694609.jpg,prunus_virginiana
dataset/images/lab/Auto_cropped/ulmus_americana/pi2486-01-2.jpg,ulmus_americana
dataset/images/lab/Auto_cropped/prunus_virginiana/wb1319-01-4.jpg,prunus_virginiana
dataset/images/lab/Auto_cropped/acer_rubrum/pi2388-03-3.jpg,acer_rubrum
dataset/images/lab/Auto_cropped/ilex_opaca/pi1021-01-4.jpg,ilex_opaca
dataset/images/lab/Auto_cropped/carya_cordiformis/pi0055-02-2.jpg,carya_cordiformis
dataset/images/lab/Auto_cropped/ulmus_americana/pi2487-03-4.jpg,ulmus_americana
dataset/images/lab/Auto_cropped/catalpa_bignonioides/pi2784-06-4.jpg,catalpa_bignonioides
dataset/images/lab/Auto_cropped/carya_cordiformis/pi2337-06-2.jpg,carya_cordiformis
dataset/images/lab/Auto_cropped/ostrya_virginiana/pi2194-08-3.jpg,ostrya_virginiana
dataset/images/field/styrax_japonica/13002208604700.jpg,styrax_japonica
dataset/images/field/ostrya_virginiana/13001985583127.jpg,ostrya_virginiana
dataset/images/field/aesculus_pavi/13033299108065.jpg,aesculus_pavi
dataset/images/lab/Auto_cropped/ulmus_americana/pi0020-06-4.jpg,ulmus_americana
dataset/images/field/abies_concolor/12995309744055.jpg,abies_concolor
dataset/images/lab/Auto_cropped/cercis_canadensis/pi0015-04-4.jpg,cercis_canadensis
dataset/images/lab/Auto_cropped/ostrya_virginiana/pi2194-07-4.jpg,ostrya_virginiana
dataset/images/lab/Auto_cropped/ostrya_virginiana/pi2461-08-1.jpg,ostrya_virginiana
dataset/images/lab/Auto_cropped/abies_concolor/ny1179-02-1.jpg,abies_concolor
dataset/images/lab/Auto_cropped/liriodendron_tulipifera/pi2247-07-1.jpg,liriodendron_tulipifera
dataset/images/lab/Auto_cropped/ilex_opaca/pi0219-01-4.jpg,ilex_opaca
dataset/images/lab/Auto_cropped/acer_palmatum/wb1129-04-3.jpg,acer_palmatum
dataset/images/lab/Auto_cropped/carya_cordiformis/pi0053-05-3.jpg,carya_cordiformis
dataset/images/lab/Auto_cropped/quercus_montana/pi1025-01-1.jpg,quercus_montana
dataset/images/lab/Auto_cropped/quercus_montana/pi0038-01-2.jpg,quercus_montana
dataset/images/lab/Auto_cropped/maclura_pomifera/pi2235-08-3.jpg,maclura_pomifera
dataset/images/lab/Auto_cropped/ulmus_rubra/wb1218-06-4.jpg,ulmus_rubra
dataset/images/lab/Auto_cropped/ulmus_rubra/wb1219-08-3.jpg,ulmus_rubra
dataset/images/lab/Auto_cropped/acer_negundo/pi2025-04-3.jpg,acer_negundo
dataset/images/lab/Auto_cropped/prunus_sargentii/ny1094-04-2.jpg,prunus_sargentii
dataset/images/lab/Auto_cropped/ilex_opaca/pi2490-07-4.jpg,ilex_opaca
dataset/images/lab/Auto_cropped/broussonettia_papyrifera/wb1388-09-2.jpg,broussonettia_papyrifera
dataset/images/lab/Auto_cropped/ostrya_virginiana/pi2461-09-1.jpg,ostrya_virginiana
dataset/images/field/asimina_triloba/13001240193603.jpg,asimina_triloba
dataset/images/lab/Auto_cropped/liriodendron_tulipifera/pi2248-02-4.jpg,liriodendron_tulipifera
dataset/images/field/quercus_montana/13292231174818.jpg,quercus_montana
dataset/images/lab/Auto_cropped/quercus_montana/pi1025-03-1.jpg,quercus_montana
dataset/images/field/cercis_canadensis/12991999176986.jpg,cercis_canadensis
dataset/images/lab/Auto_cropped/quercus_montana/pi0037-09-1.jpg,quercus_montana
dataset/images/field/cercis_canadensis/12991999278914.jpg,cercis_canadensis
dataset/images/lab/Auto_cropped/carya_cordiformis/pi0055-02-1.jpg,carya_cordiformis
dataset/images/lab/Auto_cropped/catalpa_bignonioides/pi2784-10-3.jpg,catalpa_bignonioides
dataset/images/field/acer_rubrum/13001155905684.jpg,acer_rubrum
dataset/images/lab/Auto_cropped/catalpa_bignonioides/pi2783-05-4.jpg,catalpa_bignonioides
dataset/images/field/ulmus_rubra/13002228288363.jpg,ulmus_rubra
dataset/images/lab/Auto_cropped/gleditsia_triacanthos/pi2769-04-1.jpg,gleditsia_triacanthos
dataset/images/field/juglans_cinerea/13292191163871.jpg,juglans_cinerea
dataset/images/lab/Auto_cropped/liriodendron_tulipifera/pi0068-06-2.jpg,liriodendron_tulipifera
dataset/images/lab/Auto_cropped/acer_rubrum/pi2610-07-3.jpg,acer_rubrum
dataset/images/lab/Auto_cropped/ostrya_virginiana/pi2461-04-1.jpg,ostrya_virginiana
dataset/images/lab/Auto_cropped/chionanthus_virginicus/pi2216-05-2.jpg,chionanthus_virginicus
dataset/images/lab/Auto_cropped/catalpa_bignonioides/pi1080-01-3.jpg,catalpa_bignonioides
dataset/images/lab/Auto_cropped/ptelea_trifoliata/pi0003-02-4.jpg,ptelea_trifoliata
dataset/images/lab/Auto_cropped/ulmus_rubra/wb1219-02-1.jpg,ulmus_rubra
dataset/images/lab/Auto_cropped/fraxinus_nigra/ny1053-10-4.jpg,fraxinus_nigra
dataset/images/lab/Auto_cropped/ostrya_virginiana/pi2195-10-2.jpg,ostrya_virginiana
dataset/images/lab/Auto_cropped/asimina_triloba/pi2178-04-1.jpg,asimina_triloba
dataset/images/lab/Auto_cropped/styrax_japonica/ny1003-03-3.jpg,styrax_japonica
dataset/images/field/staphylea_trifolia/13291710343901.jpg,staphylea_trifolia
dataset/images/lab/Auto_cropped/acer_rubrum/pi2773-07-2.jpg,acer_rubrum
dataset/images/field/broussonettia_papyrifera/13001252073788.jpg,broussonettia_papyrifera
dataset/images/lab/Auto_cropped/catalpa_bignonioides/pi2783-08-3.jpg,catalpa_bignonioides
dataset/images/field/ostrya_virginiana/13001985584109.jpg,ostrya_virginiana
dataset/images/lab/Auto_cropped/styrax_japonica/ny1003-04-3.jpg,styrax_japonica
dataset/images/lab/Auto_cropped/ilex_opaca/pi2490-06-4.jpg,ilex_opaca
dataset/images/lab/Auto_cropped/chionanthus_virginicus/pi2216-06-2.jpg,chionanthus_virginicus
dataset/images/field/ptelea_trifoliata/13292213861567.jpg,ptelea_trifoliata
dataset/images/lab/Auto_cropped/acer_palmatum/wb1129-03-1.jpg,acer_palmatum
dataset/images/lab/Auto_cropped/cryptomeria_japonica/ny1055-07-1.jpg,cryptomeria_japonica
dataset/images/field/fraxinus_nigra/13291804059710.jpg,fraxinus_nigra
dataset/images/field/quercus_montana/13292231174963.jpg,quercus_montana
dataset/images/lab/Auto_cropped/ulmus_pumila/ny1048-04-3.jpg,ulmus_pumila
dataset/images/field/styrax_japonica/13002208604371.jpg,styrax_japonica
dataset/images/lab/Auto_cropped/gleditsia_triacanthos/pi2769-02-3.jpg,gleditsia_triacanthos
dataset/images/lab/Auto_cropped/ulmus_americana/pi0020-05-1.jpg,ulmus_americana
dataset/images/field/chionanthus_virginicus/13001305199039.jpg,chionanthus_virginicus
dataset/images/lab/Auto_cropped/ilex_opaca/pi0056-10-4.jpg,ilex_opaca
dataset/images/lab/Auto_cropped/acer_rubrum/pi2773-05-3.jpg,acer_rubrum
dataset/images/lab/Auto_cropped/carya_cordiformis/pi0055-09-2.jpg,carya_cordiformis
dataset/images/field/prunus_sargentii/13292214153733.jpg,prunus_sargentii
dataset/images/lab/Auto_cropped/ulmus_americana/pi2487-03-2.jpg,ulmus_americana
dataset/images/lab/Auto_cropped/quercus_muehlenbergii/wb1531-06-4.jpg,quercus_muehlenbergii
dataset/images/lab/Auto_cropped/acer_palmatum/wb1128-03-1.jpg,acer_palmatum
dataset/images/lab/Auto_cropped/juglans_cinerea/wb1489-03-1.jpg,juglans_cinerea
dataset/images/field/asimina_triloba/13001240191075.jpg,asimina_triloba
dataset/images/field/aesculus_pavi/13033299109126.jpg,aesculus_pavi
dataset/images/lab/Auto_cropped/liriodendron_tulipifera/pi2248-01-1.jpg,liriodendron_tulipifera
dataset/images/lab/Auto_cropped/liriodendron_tulipifera/pi2247-03-1.jpg,liriodendron_tulipifera
dataset/images/lab/Auto_cropped/ulmus_americana/pi2488-09-2.jpg,ulmus_americana
dataset/images/field/liriodendron_tulipifera/12992002801738.jpg,liriodendron_tulipifera
dataset/images/lab/Auto_cropped/staphylea_trifolia/pi2197-09-3.jpg,staphylea_trifolia
dataset/images/lab/Auto_cropped/gleditsia_triacanthos/pi2766-02-4.jpg,gleditsia_triacanthos
dataset/images/lab/Auto_cropped/diospyros_virginiana/pi0196-05-4.jpg,diospyros_virginiana
dataset/images/lab/Auto_cropped/maclura_pomifera/pi2774-06-1.jpg,maclura_pomifera
dataset/images/field/asimina_triloba/13001240193964.jpg,asimina_triloba
dataset/images/lab/Auto_cropped/prunus_sargentii/ny1094-07-1.jpg,prunus_sargentii
dataset/images/lab/Auto_cropped/diospyros_virginiana/pi2198-06-4.jpg,diospyros_virginiana
dataset/images/lab/Auto_cropped/acer_rubrum/pi2608-07-3.jpg,acer_rubrum
dataset/images/lab/Auto_cropped/cryptomeria_japonica/ny1054-06-3.jpg,cryptomeria_japonica
dataset/images/lab/Auto_cropped/acer_negundo/pi2025-08-3.jpg,acer_negundo
dataset/images/lab/Auto_cropped/ulmus_rubra/pi2615-04-4.jpg,ulmus_rubra
dataset/images/field/fraxinus_nigra/13291804059775.jpg,fraxinus_nigra
dataset/images/field/cercis_canadensis/12991999185825.jpg,cercis_canadensis
dataset/images/lab/Auto_cropped/broussonettia_papyrifera/ny1122-05-4.jpg,broussonettia_papyrifera
dataset/images/field/abies_concolor/12995309743623.jpg,abies_concolor
dataset/images/lab/Auto_cropped/diospyros_virginiana/pi2198-08-3.jpg,diospyros_virginiana
dataset/images/lab/Auto_cropped/fraxinus_nigra/ny1053-15-4.jpg,fraxinus_nigra
dataset/images/lab/Auto_cropped/ulmus_rubra/pi2534-02-4.jpg,ulmus_rubra
dataset/images/lab/Auto_cropped/quercus_montana/pi0037-03-4.jpg,quercus_montana
dataset/images/lab/Auto_cropped/acer_negundo/pi2025-05-2.jpg,acer_negundo
dataset/images/lab/Auto_cropped/cercis_canadensis/pi0015-06-2.jpg,cercis_canadensis
dataset/images/field/acer_palmatum/13001152968353.jpg,acer_palmatum
dataset/images/field/acer_palmatum/1249061360_0000.jpg,acer_palmatum
dataset/images/lab/Auto_cropped/abies_concolor/ny1157-17-3.jpg,abies_concolor
dataset/images/field/ostrya_virginiana/13001985580823.jpg,ostrya_virginiana
dataset/images/lab/Auto_cropped/ilex_opaca/pi2630-11-1.jpg,ilex_opaca
dataset/images/lab/Auto_cropped/ilex_opaca/pi2630-05-1.jpg,ilex_opaca
dataset/images/lab/Auto_cropped/acer_palmatum/wb1129-01-1.jpg,acer_palmatum
dataset/images/lab/Auto_cropped/ostrya_virginiana/pi2195-01-3.jpg,ostrya_virginiana
dataset/images/lab/Auto_cropped/prunus_virginiana/wb1321-09-2.jpg,prunus_virginiana
dataset/images/lab/Auto_cropped/ptelea_trifoliata/pi0006-07-4.jpg,ptelea_trifoliata
dataset/images/lab/Auto_cropped/acer_negundo/pi2026-03-2.jpg,acer_negundo
dataset/images/lab/Auto_cropped/catalpa_bignonioides/pi2718-11-2.jpg,catalpa_bignonioides
dataset/images/field/juglans_cinerea/13292191161167.jpg,juglans_cinerea
dataset/images/lab/Auto_cropped/liriodendron_tulipifera/pi2248-02-1.jpg,liriodendron_tulipifera
dataset/images/field/ilex_opaca/1258479670_0005.jpg,ilex_opaca
dataset/images/lab/Auto_cropped/acer_rubrum/pi2388-03-1.jpg,acer_rubrum
dataset/images/lab/Auto_cropped/diospyros_virginiana/pi2200-03-1.jpg,diospyros_virginiana
dataset/images/lab/Auto_cropped/gleditsia_triacanthos/pi2767-06-1.jpg,gleditsia_triacanthos
dataset/images/field/acer_palmatum/13001152963752.jpg,acer_palmatum
dataset/images/field/styrax_japonica/13002208607288.jpg,styrax_japonica
dataset/images/lab/Auto_cropped/ulmus_pumila/ny1050-03-2.jpg,ulmus_pumila
dataset/images/lab/Auto_cropped/catalpa_bignonioides/pi2718-05-1.jpg,catalpa_bignonioides
dataset/images/lab/Auto_cropped/catalpa_bignonioides/pi2788-07-2.jpg,catalpa_bignonioides
dataset/images/lab/Auto_cropped/ulmus_americana/pi0020-07-2.jpg,ulmus_americana
dataset/images/field/broussonettia_papyrifera/13001252070840.jpg,broussonettia_papyrifera
dataset/images/lab/Auto_cropped/quercus_montana/pi0039-03-2.jpg,quercus_montana
dataset/images/lab/Auto_cropped/juglans_cinerea/wb1488-05-1.jpg,juglans_cinerea
dataset/images/lab/Auto_cropped/ptelea_trifoliata/pi0003-03-2.jpg,ptelea_trifoliata
dataset/images/field/prunus_virginiana/13002166696244.jpg,prunus_virginiana
dataset/images/field/aesculus_pavi/13291655550629.jpg,aesculus_pavi
dataset/images/field/cryptomeria_japonica/13001326971057.jpg,cryptomeria_japonica
dataset/images/lab/Auto_cropped/liriodendron_tulipifera/pi2248-01-3.jpg,liriodendron_tulipifera
dataset/images/field/juglans_cinerea/13292191167191.jpg,juglans_cinerea
dataset/images/lab/Auto_cropped/styrax_japonica/ny1002-10-1.jpg,styrax_japonica
dataset/images/lab/Auto_cropped/staphylea_trifolia/pi2463-02-4.jpg,staphylea_trifolia
dataset/images/lab/Auto_cropped/staphylea_trifolia/pi2196-10-4.jpg,staphylea_trifolia
dataset/images/lab/Auto_cropped/quercus_montana/pi0038-08-2.jpg,quercus_montana
dataset/images/lab/Auto_cropped/ilex_opaca/pi2490-05-4.jpg,ilex_opaca
dataset/images/lab/Auto_cropped/cryptomeria_japonica/ny1054-09-3.jpg,cryptomeria_japonica
dataset/images/lab/Auto_cropped/ulmus_americana/pi0020-01-2.jpg,ulmus_americana
dataset/images/lab/Auto_cropped/maclura_pomifera/pi2235-02-1.jpg,maclura_pomifera
dataset/images/lab/Auto_cropped/acer_rubrum/pi2388-07-2.jpg,acer_rubrum
dataset/images/lab/Auto_cropped/broussonettia_papyrifera/wb1388-08-1.jpg,broussonettia_papyrifera
dataset/images/field/catalpa_bignonioides/13001269156844.jpg,catalpa_bignonioides
dataset/images/lab/Auto_cropped/broussonettia_papyrifera/ny1122-02-4.jpg,broussonettia_papyrifera
dataset/images/lab/Auto_cropped/quercus_muehlenbergii/wb1530-02-4.jpg,quercus_muehlenbergii
dataset/images/lab/Auto_cropped/ulmus_americana/pi2487-02-3.jpg,ulmus_americana
dataset/images/lab/Auto_cropped/ulmus_americana/pi2489-03-3.jpg,ulmus_americana
dataset/images/lab/Auto_cropped/maclura_pomifera/pi2719-03-3.jpg,maclura_pomifera
dataset/images/lab/Auto_cropped/ptelea_trifoliata/pi0003-06-3.jpg,ptelea_trifoliata
dataset/images/lab/Auto_cropped/ostrya_virginiana/pi2462-08-2.jpg,ostrya_virginiana
dataset/images/field/ulmus_rubra/13002228281993.jpg,ulmus_rubra
dataset/images/lab/Auto_cropped/quercus_montana/pi0039-06-2.jpg,quercus_montana
dataset/images/lab/Auto_cropped/quercus_muehlenbergii/wb1531-02-2.jpg,quercus_muehlenbergii
dataset/images/lab/Auto_cropped/ulmus_pumila/ny1049-06-3.jpg,ulmus_pumila
dataset/images/field/juglans_cinerea/13292191167300.jpg,juglans_cinerea
dataset/images/lab/Auto_cropped/chionanthus_virginicus/pi2214-07-2.jpg,chionanthus_virginicus
dataset/images/field/ulmus_pumila/13291724506217.jpg,ulmus_pumila
dataset/images/field/prunus_virginiana/13002166693536.jpg,prunus_virginiana
dataset/images/lab/Auto_cropped/gleditsia_triacanthos/pi2766-01-1.jpg,gleditsia_triacanthos
dataset/images/lab/Auto_cropped/catalpa_bignonioides/pi2788-10-3.jpg,catalpa_bignonioides
dataset/images/lab/Auto_cropped/styrax_japonica/ny1002-01-2.jpg,styrax_japonica
dataset/images/lab/Auto_cropped/ptelea_trifoliata/pi1014-01-1.jpg,ptelea_trifoliata
dataset/images/lab/Auto_cropped/ulmus_rubra/wb1219-02-4.jpg,ulmus_rubra
dataset/images/lab/Auto_cropped/prunus_sargentii/ny1095-01-1.jpg,prunus_sargentii
dataset/images/lab/Auto_cropped/acer_negundo/pi2029-08-2.jpg,acer_negundo
dataset/images/lab/Auto_cropped/ostrya_virginiana/pi2461-07-1.jpg,ostrya_virginiana
dataset/images/lab/Auto_cropped/asimina_triloba/pi2179-01-3.jpg,asimina_triloba
dataset/images/lab/Auto_cropped/ilex_opaca/pi1021-01-3.jpg,ilex_opaca
dataset/images/lab/Auto_cropped/acer_negundo/pi2025-03-2.jpg,acer_negundo
dataset/images/field/ulmus_rubra/13002228285070.jpg,ulmus_rubra
dataset/images/lab/Auto_cropped/ptelea_trifoliata/pi0003-02-1.jpg,ptelea_trifoliata
dataset/images/lab/Auto_cropped/ostrya_virginiana/pi2461-09-4.jpg,ostrya_virginiana
dataset/images/field/liriodendron_tulipifera/12992002700345.jpg,liriodendron_tulipifera
dataset/images/lab/Auto_cropped/staphylea_trifolia/pi0238-01-2.jpg,staphylea_trifolia
dataset/images/lab/Auto_cropped/chionanthus_virginicus/pi2214-04-4.jpg,chionanthus_virginicus
dataset/images/lab/Auto_cropped/acer_rubrum/pi2388-06-4.jpg,acer_rubrum
dataset/images/lab/Auto_cropped/liriodendron_tulipifera/pi0069-01-1.jpg,liriodendron_tulipifera
dataset/images/lab/Auto_cropped/staphylea_trifolia/pi2464-06-1.jpg,staphylea_trifolia
dataset/images/field/broussonettia_papyrifera/13001252078970.jpg,broussonettia_papyrifera
dataset/images/lab/Auto_cropped/staphylea_trifolia/pi2196-09-4.jpg,staphylea_trifolia
dataset/images/lab/Auto_cropped/cercis_canadensis/pi2492-02-2.jpg,cercis_canadensis
dataset/images/field/quercus_montana/13292231176555.jpg,quercus_montana
dataset/images/lab/Auto_cropped/staphylea_trifolia/pi2464-07-3.jpg,staphylea_trifolia
dataset/images/lab/Auto_cropped/ulmus_pumila/ny1050-06-2.jpg,ulmus_pumila
dataset/images/lab/Auto_cropped/maclura_pomifera/pi2719-06-1.jpg,maclura_pomifera
dataset/images/field/acer_palmatum/13001152966520.jpg,acer_palmatum
dataset/images/lab/Auto_cropped/acer_palmatum/wb1128-10-2.jpg,acer_palmatum
dataset/images/lab/Auto_cropped/aesculus_pavi/ny1019-05-3.jpg,aesculus_pavi
dataset/images/lab/Auto_cropped/ptelea_trifoliata/pi0007-03-2.jpg,ptelea_trifoliata
dataset/images/lab/Auto_cropped/ulmus_pumila/ny1048-02-2.jpg,ulmus_pumila
dataset/images/field/aesculus_pavi/13033299104968.jpg,aesculus_pavi
dataset/images/lab/Auto_cropped/acer_palmatum/wb1127-06-2.jpg,acer_palmatum
dataset/images/lab/Auto_cropped/quercus_muehlenbergii/wb1530-09-1.jpg,quercus_muehlenbergii
dataset/images/lab/Auto_cropped/chionanthus_virginicus/pi2216-04-2.jpg,chionanthus_virginicus
dataset/images/lab/Auto_cropped/ptelea_trifoliata/pi0004-11-1.jpg,ptelea_trifoliata
dataset/images/lab/Auto_cropped/asimina_triloba/pi2179-01-4.jpg,asimina_triloba
dataset/images/lab/Auto_cropped/prunus_sargentii/ny1094-12-3.jpg,prunus_sargentii
dataset/images/lab/Auto_cropped/liriodendron_tulipifera/pi0068-03-4.jpg,liriodendron_tulipifera
dataset/images/lab/Auto_cropped/gleditsia_triacanthos/pi2767-04-1.jpg,gleditsia_triacanthos
dataset/images/lab/Auto_cropped/aesculus_pavi/ny1019-11-2.jpg,aesculus_pavi
dataset/images/lab/Auto_cropped/ptelea_trifoliata/pi0006-01-4.jpg,ptelea_trifoliata
dataset/images/lab/Auto_cropped/fraxinus_nigra/ny1053-05-2.jpg,fraxinus_nigra
dataset/images/lab/Auto_cropped/ulmus_rubra/pi2534-07-2.jpg,ulmus_rubra
dataset/images/field/staphylea_trifolia/13291710345574.jpg,staphylea_trifolia
dataset/images/lab/Auto_cropped/prunus_virginiana/wb1319-05-2.jpg,prunus_virginiana
dataset/images/lab/Auto_cropped/ilex_opaca/pi2630-08-4.jpg,ilex_opaca
dataset/images/lab/Auto_cropped/styrax_japonica/ny1003-05-2.jpg,styrax_japonica
dataset/images/field/styrax_japonica/13002208606830.jpg,styrax_japonica
dataset/images/field/prunus_virginiana/13010820795432.jpg,prunus_virginiana
dataset/images/field/styrax_japonica/13002208602541.jpg,styrax_japonica
dataset/images/field/prunus_virginiana/13002166694673.jpg,prunus_virginiana
dataset/images/lab/Auto_cropped/ulmus_americana/pi0020-02-4.jpg,ulmus_americana
dataset/images/lab/Auto_cropped/quercus_montana/pi0040-03-2.jpg,quercus_montana
dataset/images/lab/Auto_cropped/diospyros_virginiana/pi0196-02-3.jpg,diospyros_virginiana
dataset/images/lab/Auto_cropped/cryptomeria_japonica/ny1054-09-2.jpg,cryptomeria_japonica
dataset/images/lab/Auto_cropped/maclura_pomifera/pi2776-01-4.jpg,maclura_pomifera
dataset/images/lab/Auto_cropped/asimina_triloba/pi2178-06-1.jpg,asimina_triloba
dataset/images/field/prunus_virginiana/13002169496143.jpg,prunus_virginiana
dataset/images/field/acer_negundo/13001151164737.jpg,acer_negundo
dataset/images/field/abies_concolor/12995309745884.jpg,abies_concolor
dataset/images/lab/Auto_cropped/abies_concolor/ny1157-28-1.jpg,abies_concolor
dataset/images/field/acer_palmatum/13001152963992.jpg,acer_palmatum
dataset/images/lab/Auto_cropped/aesculus_pavi/ny1019-02-2.jpg,aesculus_pavi
dataset/images/lab/Auto_cropped/liriodendron_tulipifera/pi0069-01-3.jpg,liriodendron_tulipifera
dataset/images/lab/Auto_cropped/ulmus_americana/pi2489-05-4.jpg,ulmus_americana
dataset/images/lab/Auto_cropped/carya_cordiformis/pi2337-09-2.jpg,carya_cordiformis
dataset/images/lab/Auto_cropped/ulmus_rubra/wb1217-08-4.jpg,ulmus_rubra
dataset/images/field/catalpa_bignonioides/13001269158642.jpg,catalpa_bignonioides
dataset/images/lab/Auto_cropped/aesculus_pavi/ny1019-07-3.jpg,aesculus_pavi
dataset/images/field/abies_concolor/12995309749948.jpg,abies_concolor
dataset/images/lab/Auto_cropped/acer_rubrum/pi2773-09-1.jpg,acer_rubrum
dataset/images/lab/Auto_cropped/catalpa_bignonioides/pi2718-01-4.jpg,catalpa_bignonioides
dataset/images/lab/Auto_cropped/acer_palmatum/wb1129-10-1.jpg,acer_palmatum
dataset/images/lab/Auto_cropped/ilex_opaca/pi2490-04-1.jpg,ilex_opaca
dataset/images/lab/Auto_cropped/ilex_opaca/pi2630-01-3.jpg,ilex_opaca
dataset/images/lab/Auto_cropped/fraxinus_nigra/ny1053-10-3.jpg,fraxinus_nigra
dataset/images/lab/Auto_cropped/acer_rubrum/pi2608-02-4.jpg,acer_rubrum
dataset/images/lab/Auto_cropped/ulmus_rubra/wb1217-08-1.jpg,ulmus_rubra
dataset/images/lab/Auto_cropped/aesculus_pavi/ny1021-06-2.jpg,aesculus_pavi
dataset/images/lab/Auto_cropped/maclura_pomifera/pi2775-07-2.jpg,maclura_pomifera
dataset/images/field/staphylea_trifolia/13291710349078.jpg,staphylea_trifolia
dataset/images/lab/Auto_cropped/cercis_canadensis/pi0001-09-2.jpg,cercis_canadensis
dataset/images/lab/Auto_cropped/styrax_japonica/ny1002-06-2.jpg,styrax_japonica
dataset/images/lab/Auto_cropped/quercus_muehlenbergii/wb1530-09-4.jpg,quercus_muehlenbergii
dataset/images/lab/Auto_cropped/gleditsia_triacanthos/pi2769-05-3.jpg,gleditsia_triacanthos
dataset/images/field/quercus_montana/13292231174806.jpg,quercus_montana
dataset/images/lab/Auto_cropped/quercus_montana/pi0040-05-4.jpg,quercus_montana
dataset/images/field/acer_palmatum/13001152968578.jpg,acer_palmatum
dataset/images/lab/Auto_cropped/liriodendron_tulipifera/pi0068-07-1.jpg,liriodendron_tulipifera
dataset/images/lab/Auto_cropped/ptelea_trifoliata/pi0004-03-3.jpg,ptelea_trifoliata
dataset/images/field/prunus_sargentii/13292214159487.jpg,prunus_sargentii
dataset/images/lab/Auto_cropped/fraxinus_nigra/ny1053-30-2.jpg,fraxinus_nigra
dataset/images/lab/Auto_cropped/acer_rubrum/pi2608-08-2.jpg,acer_rubrum
dataset/images/lab/Auto_cropped/acer_negundo/pi2025-06-1.jpg,acer_negundo
dataset/images/field/aesculus_pavi/13291655554365.jpg,aesculus_pavi
dataset/images/lab/Auto_cropped/ulmus_rubra/pi2615-06-3.jpg,ulmus_rubra
dataset/images/lab/Auto_cropped/abies_concolor/ny1178-09-1.jpg,abies_concolor
dataset/images/lab/Auto_cropped/aesculus_pavi/ny1020-03-4.jpg,aesculus_pavi
dataset/images/lab/Auto_cropped/acer_negundo/pi2028-04-3.jpg,acer_negundo
dataset/images/field/juglans_cinerea/13292191167873.jpg,juglans_cinerea
dataset/images/lab/Auto_cropped/cercis_canadensis/pi0001-09-1.jpg,cercis_canadensis
dataset/images/lab/Auto_cropped/fraxinus_nigra/ny1053-26-3.jpg,fraxinus_nigra
dataset/images/lab/Auto_cropped/prunus_virginiana/wb1320-09-4.jpg,prunus_virginiana
dataset/images/field/carya_cordiformis/13001257147235.jpg,carya_cordiformis
dataset/images/field/abies_concolor/12995309749648.jpg,abies_concolor
dataset/images/lab/Auto_cropped/acer_rubrum/pi2608-09-2.jpg,acer_rubrum
dataset/images/lab/Auto_cropped/ulmus_americana/pi0020-03-3.jpg,ulmus_americana
dataset/images/field/ptelea_trifoliata/13292213865042.jpg,ptelea_trifoliata
dataset/images/lab/Auto_cropped/prunus_sargentii/ny1095-12-3.jpg,prunus_sargentii
dataset/images/lab/Auto_cropped/cercis_canadensis/pi0001-05-1.jpg,cercis_canadensis
dataset/images/lab/Auto_cropped/acer_negundo/pi2026-09-3.jpg,acer_negundo
dataset/images/lab/Auto_cropped/carya_cordiformis/pi0055-06-4.jpg,carya_cordiformis
dataset/images/lab/Auto_cropped/catalpa_bignonioides/pi2783-09-3.jpg,catalpa_bignonioides
dataset/images/lab/Auto_cropped/prunus_virginiana/wb1321-02-1.jpg,prunus_virginiana
dataset/images/field/asimina_triloba/13001240197908.jpg,asimina_triloba
dataset/images/field/broussonettia_papyrifera/13001252078312.jpg,broussonettia_papyrifera
dataset/images/field/acer_negundo/13001151164597.jpg,acer_negundo
dataset/images/field/liriodendron_tulipifera/12992002669268.jpg,liriodendron_tulipifera
dataset/images/field/liriodendron_tulipifera/12992002409359.jpg,liriodendron_tulipifera
dataset/images/lab/Auto_cropped/ulmus_rubra/pi2613-10-3.jpg,ulmus_rubra
dataset/images/field/diospyros_virginiana/12992000075499.jpg,diospyros_virginiana
dataset/images/lab/Auto_cropped/quercus_montana/pi0036-02-3.jpg,quercus_montana
dataset/images/lab/Auto_cropped/prunus_virginiana/wb1319-01-1.jpg,prunus_virginiana
dataset/images/field/diospyros_virginiana/12992000088883.jpg,diospyros_virginiana
dataset/images/lab/Auto_cropped/ulmus_pumila/ny1048-10-4.jpg,ulmus_pumila
dataset/images/lab/Auto_cropped/aesculus_pavi/ny1019-08-3.jpg,aesculus_pavi
dataset/images/lab/Auto_cropped/aesculus_pavi/ny1021-08-1.jpg,aesculus_pavi
dataset/images/lab/Auto_cropped/diospyros_virginiana/pi2201-08-3.jpg,diospyros_virginiana
dataset/images/field/fraxinus_nigra/13291804059699.jpg,fraxinus_nigra
dataset/images/lab/Auto_cropped/fraxinus_nigra/ny1053-22-4.jpg,fraxinus_nigra
dataset/images/lab/Auto_cropped/carya_cordiformis/pi0054-02-4.jpg,carya_cordiformis
dataset/images/lab/Auto_cropped/fraxinus_nigra/ny1053-01-1.jpg,fraxinus_nigra
dataset/images/field/abies_concolor/12995307070714.jpg,abies_concolor
dataset/images/field/asimina_triloba/13001240197007.jpg,asimina_triloba
dataset/images/lab/Auto_cropped/aesculus_pavi/ny1021-10-1.jpg,aesculus_pavi
dataset/images/lab/Auto_cropped/abies_concolor/ny1157-02-4.jpg,abies_concolor
dataset/images/field/prunus_virginiana/13002169499916.jpg,prunus_virginiana
dataset/images/lab/Auto_cropped/quercus_muehlenbergii/wb1531-07-4.jpg,quercus_muehlenbergii
dataset/images/field/chionanthus_virginicus/13001305197160.jpg,chionanthus_virginicus
dataset/images/lab/Auto_cropped/ulmus_americana/pi2486-04-4.jpg,ulmus_americana
dataset/images/lab/Auto_cropped/acer_rubrum/pi2611-09-4.jpg,acer_rubrum
dataset/images/field/ulmus_pumila/13291724507734.jpg,ulmus_pumila
dataset/images/lab/Auto_cropped/ptelea_trifoliata/pi0005-06-4.jpg,ptelea_trifoliata
dataset/images/field/styrax_japonica/13002208602500.jpg,styrax_japonica
dataset/images/lab/Auto_cropped/prunus_virginiana/wb1319-10-1.jpg,prunus_virginiana
dataset/images/lab/Auto_cropped/acer_rubrum/pi2608-09-1.jpg,acer_rubrum
dataset/images/lab/Auto_cropped/asimina_triloba/pi2181-07-1.jpg,asimina_triloba
dataset/images/lab/Auto_cropped/ulmus_americana/pi2487-08-4.jpg,ulmus_americana
dataset/images/field/broussonettia_papyrifera/13001252075437.jpg,broussonettia_papyrifera
dataset/images/lab/Auto_cropped/fraxinus_nigra/ny1053-09-1.jpg,fraxinus_nigra
dataset/images/lab/Auto_cropped/acer_rubrum/pi2773-02-3.jpg,acer_rubrum
dataset/images/lab/Auto_cropped/prunus_sargentii/ny1094-04-3.jpg,prunus_sargentii
dataset/images/lab/Auto_cropped/cryptomeria_japonica/ny1054-01-3.jpg,cryptomeria_japonica
dataset/images/lab/Auto_cropped/acer_palmatum/wb1127-10-2.jpg,acer_palmatum
dataset/images/lab/Auto_cropped/carya_cordiformis/pi0053-03-4.jpg,carya_cordiformis
dataset/images/lab/Auto_cropped/asimina_triloba/pi2177-10-2.jpg,asimina_triloba
dataset/images/lab/Auto_cropped/asimina_triloba/pi2179-03-2.jpg,asimina_triloba
dataset/images/field/acer_palmatum/13001152965258.jpg,acer_palmatum
dataset/images/field/cercis_canadensis/12991999030900.jpg,cercis_canadensis
dataset/images/lab/Auto_cropped/acer_negundo/pi2028-09-4.jpg,acer_negundo
dataset/images/field/diospyros_virginiana/12991999838005.jpg,diospyros_virginiana
dataset/images/lab/Auto_cropped/staphylea_trifolia/pi2464-04-1.jpg,staphylea_trifolia
dataset/images/lab/Auto_cropped/liriodendron_tulipifera/pi2249-01-3.jpg,liriodendron_tulipifera
dataset/images/lab/Auto_cropped/aesculus_pavi/ny1019-11-1.jpg,aesculus_pavi
dataset/images/field/cryptomeria_japonica/13001326974426.jpg,cryptomeria_japonica
dataset/images/lab/Auto_cropped/ptelea_trifoliata/pi0004-11-2.jpg,ptelea_trifoliata
dataset/images/lab/Auto_cropped/acer_negundo/pi2027-06-4.jpg,acer_negundo
dataset/images/field/styrax_japonica/13002208601177.jpg,styrax_japonica
dataset/images/lab/Auto_cropped/acer_negundo/pi2025-10-3.jpg,acer_negundo
dataset/images/lab/Auto_cropped/ptelea_trifoliata/pi0003-02-3.jpg,ptelea_trifoliata
dataset/images/lab/Auto_cropped/chionanthus_virginicus/pi0034-03-1.jpg,chionanthus_virginicus
dataset/images/lab/Auto_cropped/acer_rubrum/pi2609-08-2.jpg,acer_rubrum
dataset/images/lab/Auto_cropped/quercus_muehlenbergii/wb1531-09-1.jpg,quercus_muehlenbergii
dataset/images/lab/Auto_cropped/abies_concolor/ny1157-04-2.jpg,abies_concolor
dataset/images/lab/Auto_cropped/ulmus_rubra/wb1218-06-1.jpg,ulmus_rubra
dataset/images/field/juglans_cinerea/13292191164929.jpg,juglans_cinerea
dataset/images/lab/Auto_cropped/styrax_japonica/ny1003-01-1.jpg,styrax_japonica
dataset/images/lab/Auto_cropped/quercus_muehlenbergii/wb1530-02-2.jpg,quercus_muehlenbergii
dataset/images/lab/Auto_cropped/quercus_montana/pi1025-08-3.jpg,quercus_montana
dataset/images/lab/Auto_cropped/prunus_sargentii/ny1095-07-3.jpg,prunus_sargentii
dataset/images/lab/Auto_cropped/acer_negundo/pi2026-04-2.jpg,acer_negundo
dataset/images/lab/Auto_cropped/acer_rubrum/pi2773-01-2.jpg,acer_rubrum
dataset/images/lab/Auto_cropped/prunus_virginiana/wb1319-08-3.jpg,prunus_virginiana
dataset/images/field/prunus_virginiana/13002169491790.jpg,prunus_virginiana
dataset/images/field/carya_cordiformis/13001257144000.jpg,carya_cordiformis
dataset/images/lab/Auto_cropped/styrax_japonica/ny1001-04-4.jpg,styrax_japonica
dataset/images/field/juglans_cinerea/13292191166241.jpg,juglans_cinerea
dataset/images/lab/Auto_cropped/broussonettia_papyrifera/wb1390-07-2.jpg,broussonettia_papyrifera
dataset/images/field/carya_cordiformis/13001257148814.jpg,carya_cordiformis
dataset/images/lab/Auto_cropped/acer_rubrum/pi2610-05-4.jpg,acer_rubrum
dataset/images/lab/Auto_cropped/cercis_canadensis/pi0015-06-3.jpg,cercis_canadensis
dataset/images/lab/Auto_cropped/ostrya_virginiana/pi2194-05-2.jpg,ostrya_virginiana
dataset/images/lab/Auto_cropped/abies_concolor/ny1179-03-2.jpg,abies_concolor
dataset/images/lab/Auto_cropped/ulmus_pumila/ny1050-07-4.jpg,ulmus_pumila
dataset/images/lab/Auto_cropped/ulmus_rubra/pi2613-09-3.jpg,ulmus_rubra
dataset/images/lab/Auto_cropped/asimina_triloba/pi2181-02-3.jpg,asimina_triloba
dataset/images/lab/Auto_cropped/asimina_triloba/pi2178-01-1.jpg,asimina_triloba
dataset/images/field/acer_palmatum/13001152964354.jpg,acer_palmatum
dataset/images/lab/Auto_cropped/chionanthus_virginicus/pi0034-03-3.jpg,chionanthus_virginicus
dataset/images/lab/Auto_cropped/chionanthus_virginicus/pi2216-08-3.jpg,chionanthus_virginicus
dataset/images/field/staphylea_trifolia/13291710345960.jpg,staphylea_trifolia
dataset/images/lab/Auto_cropped/fraxinus_nigra/ny1053-27-2.jpg,fraxinus_nigra
dataset/images/lab/Auto_cropped/ptelea_trifoliata/pi0003-01-4.jpg,ptelea_trifoliata
dataset/images/lab/Auto_cropped/liriodendron_tulipifera/pi2248-05-3.jpg,liriodendron_tulipifera
dataset/images/lab/Auto_cropped/ilex_opaca/pi0219-07-2.jpg,ilex_opaca
dataset/images/lab/Auto_cropped/catalpa_bignonioides/pi2783-05-3.jpg,catalpa_bignonioides
dataset/images/lab/Auto_cropped/styrax_japonica/ny1003-05-1.jpg,styrax_japonica
dataset/images/field/prunus_virginiana/13002166695366.jpg,prunus_virginiana
dataset/images/lab/Auto_cropped/catalpa_bignonioides/pi2718-04-3.jpg,catalpa_bignonioides
dataset/images/lab/Auto_cropped/cercis_canadensis/pi0014-03-2.jpg,cercis_canadensis
dataset/images/lab/Auto_cropped/ulmus_pumila/ny1048-04-4.jpg,ulmus_pumila
dataset/images/lab/Auto_cropped/gleditsia_triacanthos/pi1072-01-3.jpg,gleditsia_triacanthos
dataset/images/lab/Auto_cropped/maclura_pomifera/pi2719-08-3.jpg,maclura_pomifera
dataset/images/field/ostrya_virginiana/13001985586137.jpg,ostrya_virginiana
dataset/images/lab/Auto_cropped/cercis_canadensis/pi0001-02-3.jpg,cercis_canadensis
dataset/images/field/ulmus_rubra/13002228286358.jpg,ulmus_rubra
dataset/images/lab/Auto_cropped/ulmus_rubra/pi2613-09-4.jpg,ulmus_rubra
dataset/images/lab/Auto_cropped/maclura_pomifera/pi2235-08-1.jpg,maclura_pomifera
dataset/images/lab/Auto_cropped/cercis_canadensis/pi0015-08-1.jpg,cercis_canadensis
dataset/images/lab/Auto_cropped/ulmus_pumila/ny1050-10-4.jpg,ulmus_pumila
dataset/images/lab/Auto_cropped/asimina_triloba/pi2177-08-1.jpg,asimina_triloba
dataset/images/lab/Auto_cropped/quercus_muehlenbergii/wb1529-04-3.jpg,quercus_muehlenbergii
dataset/images/lab/Auto_cropped/ptelea_trifoliata/pi0006-06-1.jpg,ptelea_trifoliata
dataset/images/lab/Auto_cropped/acer_palmatum/wb1128-10-1.jpg,acer_palmatum
dataset/images/lab/Auto_cropped/chionanthus_virginicus/pi2215-01-4.jpg,chionanthus_virginicus
dataset/images/field/ulmus_pumila/13291724505956.jpg,ulmus_pumila
dataset/images/lab/Auto_cropped/ulmus_pumila/ny1050-02-1.jpg,ulmus_pumila
dataset/images/lab/Auto_cropped/quercus_muehlenbergii/wb1531-01-1.jpg,quercus_muehlenbergii
dataset/images/lab/Auto_cropped/aesculus_pavi/ny1019-03-3.jpg,aesculus_pavi
dataset/images/lab/Auto_cropped/ostrya_virginiana/pi2462-05-4.jpg,ostrya_virginiana
dataset/images/lab/Auto_cropped/gleditsia_triacanthos/pi2769-05-1.jpg,gleditsia_triacanthos
dataset/images/field/ulmus_rubra/13002228288206.jpg,ulmus_rubra
dataset/images/field/broussonettia_papyrifera/13001252079957.jpg,broussonettia_papyrifera
dataset/images/lab/Auto_cropped/liriodendron_tulipifera/pi2248-07-1.jpg,liriodendron_tulipifera
dataset/images/lab/Auto_cropped/abies_concolor/ny1157-27-2.jpg,abies_concolor
dataset/images/field/cryptomeria_japonica/13001326978030.jpg,cryptomeria_japonica
dataset/images/field/gleditsia_triacanthos/12992001151037.jpg,gleditsia_triacanthos
dataset/images/lab/Auto_cropped/maclura_pomifera/pi2775-02-4.jpg,maclura_pomifera
dataset/images/lab/Auto_cropped/acer_negundo/pi2026-10-1.jpg,acer_negundo
dataset/images/lab/Auto_cropped/cercis_canadensis/pi2492-04-3.jpg,cercis_canadensis
dataset/images/lab/Auto_cropped/cercis_canadensis/pi0015-08-3.jpg,cercis_canadensis
dataset/images/lab/Auto_cropped/ostrya_virginiana/pi1052-05-1.jpg,ostrya_virginiana
dataset/images/field/aesculus_pavi/13291655556443.jpg,aesculus_pavi
dataset/images/field/ulmus_rubra/13002228280378.jpg,ulmus_rubra
dataset/images/lab/Auto_cropped/fraxinus_nigra/ny1053-19-1.jpg,fraxinus_nigra
dataset/images/lab/Auto_cropped/abies_concolor/ny1157-13-4.jpg,abies_concolor
dataset/images/field/broussonettia_papyrifera/13001252078272.jpg,broussonettia_papyrifera
dataset/images/field/styrax_japonica/13002208601371.jpg,styrax_japonica
dataset/images/field/ptelea_trifoliata/13292213863706.jpg,ptelea_trifoliata
dataset/images/lab/Auto_cropped/broussonettia_papyrifera/wb1390-03-3.jpg,broussonettia_papyrifera
dataset/images/lab/Auto_cropped/quercus_muehlenbergii/wb1531-03-3.jpg,quercus_muehlenbergii
dataset/images/field/cercis_canadensis/12991999217995.jpg,cercis_canadensis
dataset/images/lab/Auto_cropped/ulmus_rubra/pi2615-09-2.jpg,ulmus_rubra
dataset/images/lab/Auto_cropped/ulmus_americana/pi2487-08-3.jpg,ulmus_americana
dataset/images/lab/Auto_cropped/chionanthus_virginicus/pi0034-01-1.jpg,chionanthus_virginicus
dataset/images/lab/Auto_cropped/juglans_cinerea/wb1487-04-1.jpg,juglans_cinerea
dataset/images/lab/Auto_cropped/broussonettia_papyrifera/ny1124-01-4.jpg,broussonettia_papyrifera
dataset/images/lab/Auto_cropped/ostrya_virginiana/pi2462-09-3.jpg,ostrya_virginiana
dataset/images/field/acer_rubrum/13001155906909.jpg,acer_rubrum
dataset/images/lab/Auto_cropped/acer_negundo/pi2028-02-4.jpg,acer_negundo
dataset/images/lab/Auto_cropped/acer_rubrum/pi2388-02-3.jpg,acer_rubrum
dataset/images/lab/Auto_cropped/catalpa_bignonioides/pi2783-07-1.jpg,catalpa_bignonioides
dataset/images/lab/Auto_cropped/catalpa_bignonioides/pi2784-07-3.jpg,catalpa_bignonioides
dataset/images/lab/Auto_cropped/quercus_muehlenbergii/wb1529-10-2.jpg,quercus_muehlenbergii
dataset/images/lab/Auto_cropped/ulmus_rubra/wb1219-03-3.jpg,ulmus_rubra
dataset/images/lab/Auto_cropped/maclura_pomifera/pi2235-01-3.jpg,maclura_pomifera
dataset/images/lab/Auto_cropped/asimina_triloba/pi2180-09-4.jpg,asimina_triloba
dataset/images/field/acer_negundo/13001151163555.jpg,acer_negundo
dataset/images/lab/Auto_cropped/prunus_virginiana/wb1321-07-4.jpg,prunus_virginiana
dataset/images/lab/Auto_cropped/ulmus_rubra/pi2613-05-2.jpg,ulmus_rubra
dataset/images/lab/Auto_cropped/ulmus_rubra/wb1218-07-3.jpg,ulmus_rubra
dataset/images/field/aesculus_pavi/13033299103311.jpg,aesculus_pavi
dataset/images/lab/Auto_cropped/diospyros_virginiana/pi2201-06-4.jpg,diospyros_virginiana
dataset/images/lab/Auto_cropped/diospyros_virginiana/pi2199-07-1.jpg,diospyros_virginiana
dataset/images/lab/Auto_cropped/acer_rubrum/pi2611-09-2.jpg,acer_rubrum
dataset/images/lab/Auto_cropped/prunus_sargentii/ny1094-07-2.jpg,prunus_sargentii
dataset/images/field/asimina_triloba/13001240196086.jpg,asimina_triloba
dataset/images/field/styrax_japonica/13002208604162.jpg,styrax_japonica
dataset/images/lab/Auto_cropped/acer_palmatum/wb1127-02-1.jpg,acer_palmatum
dataset/images/lab/Auto_cropped/ostrya_virginiana/pi2461-07-4.jpg,ostrya_virginiana
dataset/images/field/quercus_montana/13292231178868.jpg,quercus_montana
dataset/images/lab/Auto_cropped/diospyros_virginiana/pi0196-05-2.jpg,diospyros_virginiana
dataset/images/lab/Auto_cropped/maclura_pomifera/pi2775-09-2.jpg,maclura_pomifera
dataset/images/lab/Auto_cropped/broussonettia_papyrifera/ny1124-01-1.jpg,broussonettia_papyrifera
dataset/images/lab/Auto_cropped/ulmus_pumila/ny1049-08-3.jpg,ulmus_pumila
dataset/images/lab/Auto_cropped/staphylea_trifolia/pi2463-02-1.jpg,staphylea_trifolia
dataset/images/lab/Auto_cropped/ostrya_virginiana/pi2462-03-1.jpg,ostrya_virginiana
dataset/images/lab/Auto_cropped/ilex_opaca/pi2490-02-1.jpg,ilex_opaca
dataset/images/lab/Auto_cropped/quercus_montana/pi0039-06-3.jpg,quercus_montana
dataset/images/lab/Auto_cropped/acer_rubrum/pi2608-10-1.jpg,acer_rubrum
dataset/images/lab/Auto_cropped/ilex_opaca/pi0056-05-1.jpg,ilex_opaca
dataset/images/lab/Auto_cropped/chionanthus_virginicus/pi2216-03-2.jpg,chionanthus_virginicus
dataset/images/lab/Auto_cropped/ilex_opaca/pi1021-05-4.jpg,ilex_opaca
dataset/images/lab/Auto_cropped/asimina_triloba/pi2179-10-2.jpg,asimina_triloba
dataset/images/lab/Auto_cropped/ulmus_rubra/wb1218-03-4.jpg,ulmus_rubra
dataset/images/lab/Auto_cropped/ulmus_rubra/pi2615-06-2.jpg,ulmus_rubra
dataset/images/lab/Auto_cropped/fraxinus_nigra/ny1053-15-3.jpg,fraxinus_nigra
dataset/images/lab/Auto_cropped/aesculus_pavi/ny1019-03-4.jpg,aesculus_pavi
dataset/images/lab/Auto_cropped/liriodendron_tulipifera/pi2249-08-1.jpg,liriodendron_tulipifera
dataset/images/lab/Auto_cropped/quercus_muehlenbergii/wb1531-03-1.jpg,quercus_muehlenbergii
dataset/images/lab/Auto_cropped/chionanthus_virginicus/pi2216-01-4.jpg,chionanthus_virginicus
dataset/images/lab/Auto_cropped/ulmus_rubra/pi2614-08-2.jpg,ulmus_rubra
dataset/images/lab/Auto_cropped/ulmus_pumila/ny1049-07-1.jpg,ulmus_pumila
dataset/images/lab/Auto_cropped/maclura_pomifera/pi2774-08-1.jpg,maclura_pomifera
dataset/images/lab/Auto_cropped/acer_palmatum/wb1127-08-1.jpg,acer_palmatum
dataset/images/lab/Auto_cropped/gleditsia_triacanthos/pi2766-03-1.jpg,gleditsia_triacanthos
dataset/images/lab/Auto_cropped/ostrya_virginiana/pi2462-05-3.jpg,ostrya_virginiana
dataset/images/field/broussonettia_papyrifera/13001252079229.jpg,broussonettia_papyrifera
dataset/images/lab/Auto_cropped/aesculus_pavi/ny1019-04-1.jpg,aesculus_pavi
dataset/images/lab/Auto_cropped/carya_cordiformis/pi0055-05-4.jpg,carya_cordiformis
dataset/images/field/juglans_cinerea/13292191169891.jpg,juglans_cinerea
dataset/images/lab/Auto_cropped/acer_negundo/pi2025-05-4.jpg,acer_negundo
dataset/images/lab/Auto_cropped/ulmus_pumila/ny1050-09-4.jpg,ulmus_pumila
dataset/images/lab/Auto_cropped/broussonettia_papyrifera/ny1122-08-1.jpg,broussonettia_papyrifera
dataset/images/lab/Auto_cropped/diospyros_virginiana/pi2201-02-1.jpg,diospyros_virginiana
dataset/images/field/acer_palmatum/13001152963177.jpg,acer_palmatum
dataset/images/lab/Auto_cropped/styrax_japonica/ny1003-06-2.jpg,styrax_japonica
dataset/images/field/styrax_japonica/13002208605498.jpg,styrax_japonica
dataset/images/lab/Auto_cropped/catalpa_bignonioides/pi2784-08-4.jpg,catalpa_bignonioides
dataset/images/lab/Auto_cropped/maclura_pomifera/pi2235-05-2.jpg,maclura_pomifera
dataset/images/field/styrax_japonica/13002208608370.jpg,styrax_japonica
dataset/images/lab/Auto_cropped/chionanthus_virginicus/pi0034-08-3.jpg,chionanthus_virginicus
dataset/images/lab/Auto_cropped/acer_rubrum/pi2610-08-2.jpg,acer_rubrum
dataset/images/lab/Auto_cropped/quercus_montana/pi0040-05-2.jpg,quercus_montana
dataset/images/lab/Auto_cropped/ulmus_rubra/wb1219-01-1.jpg,ulmus_rubra
dataset/images/field/ptelea_trifoliata/13292213862788.jpg,ptelea_trifoliata
dataset/images/lab/Auto_cropped/abies_concolor/ny1179-01-1.jpg,abies_concolor
dataset/images/field/juglans_cinerea/13292191161612.jpg,juglans_cinerea
dataset/images/lab/Auto_cropped/ostrya_virginiana/pi2461-04-4.jpg,ostrya_virginiana
dataset/images/field/gleditsia_triacanthos/12992000892448.jpg,gleditsia_triacanthos
dataset/images/lab/Auto_cropped/catalpa_bignonioides/pi2788-04-1.jpg,catalpa_bignonioides
dataset/images/lab/Auto_cropped/diospyros_virginiana/pi2201-03-3.jpg,diospyros_virginiana
dataset/images/lab/Auto_cropped/cercis_canadensis/pi0015-02-3.jpg,cercis_canadensis
dataset/images/lab/Auto_cropped/chionanthus_virginicus/pi0034-03-2.jpg,chionanthus_virginicus
dataset/images/field/gleditsia_triacanthos/12992001137244.jpg,gleditsia_triacanthos
dataset/images/lab/Auto_cropped/ulmus_americana/pi0020-02-2.jpg,ulmus_americana
dataset/images/lab/Auto_cropped/chionanthus_virginicus/pi2216-03-3.jpg,chionanthus_virginicus
dataset/images/lab/Auto_cropped/ulmus_americana/pi2488-10-1.jpg,ulmus_americana
dataset/images/lab/Auto_cropped/juglans_cinerea/wb1488-10-2.jpg,juglans_cinerea
dataset/images/lab/Auto_cropped/carya_cordiformis/pi2337-05-4.jpg,carya_cordiformis
dataset/images/lab/Auto_cropped/acer_rubrum/pi2388-02-2.jpg,acer_rubrum
dataset/images/lab/Auto_cropped/acer_negundo/pi2026-05-3.jpg,acer_negundo
dataset/images/lab/Auto_cropped/ptelea_trifoliata/pi0005-03-4.jpg,ptelea_trifoliata
dataset/images/field/juglans_cinerea/13292191161322.jpg,juglans_cinerea
dataset/images/lab/Auto_cropped/acer_negundo/pi2025-03-4.jpg,acer_negundo
dataset/images/lab/Auto_cropped/cercis_canadensis/pi0001-04-1.jpg,cercis_canadensis
dataset/images/lab/Auto_cropped/ptelea_trifoliata/pi0019-01-3.jpg,ptelea_trifoliata
dataset/images/lab/Auto_cropped/ulmus_rubra/pi2615-02-3.jpg,ulmus_rubra
dataset/images/lab/Auto_cropped/maclura_pomifera/pi2719-09-2.jpg,maclura_pomifera
dataset/images/lab/Auto_cropped/asimina_triloba/pi2178-06-2.jpg,asimina_triloba
dataset/images/lab/Auto_cropped/catalpa_bignonioides/pi2784-09-1.jpg,catalpa_bignonioides
dataset/images/lab/Auto_cropped/staphylea_trifolia/pi2196-05-2.jpg,staphylea_trifolia
dataset/images/lab/Auto_cropped/staphylea_trifolia/pi2197-10-2.jpg,staphylea_trifolia
dataset/images/field/juglans_cinerea/13292191167186.jpg,juglans_cinerea
dataset/images/lab/Auto_cropped/ulmus_rubra/wb1219-06-1.jpg,ulmus_rubra
dataset/images/lab/Auto_cropped/juglans_cinerea/wb1488-09-4.jpg,juglans_cinerea
dataset/images/lab/Auto_cropped/acer_rubrum/pi2773-01-3.jpg,acer_rubrum
dataset/images/lab/Auto_cropped/carya_cordiformis/pi0055-01-1.jpg,carya_cordiformis
dataset/images/lab/Auto_cropped/carya_cordiformis/pi0139-03-2.jpg,carya_cordiformis
dataset/images/lab/Auto_cropped/carya_cordiformis/pi2337-09-1.jpg,carya_cordiformis
dataset/images/lab/Auto_cropped/catalpa_bignonioides/pi2718-03-2.jpg,catalpa_bignonioides
dataset/images/lab/Auto_cropped/juglans_cinerea/wb1487-03-1.jpg,juglans_cinerea
dataset/images/lab/Auto_cropped/ptelea_trifoliata/pi0006-02-1.jpg,ptelea_trifoliata
dataset/images/lab/Auto_cropped/asimina_triloba/pi2179-02-3.jpg,asimina_triloba
dataset/images/lab/Auto_cropped/aesculus_pavi/ny1021-06-3.jpg,aesculus_pavi
dataset/images/lab/Auto_cropped/maclura_pomifera/pi2776-01-1.jpg,maclura_pomifera
dataset/images/field/styrax_japonica/13002208600819.jpg,styrax_japonica
dataset/images/field/aesculus_pavi/13033299109472.jpg,aesculus_pavi
dataset/images/lab/Auto_cropped/juglans_cinerea/wb1487-08-4.jpg,juglans_cinerea
dataset/images/lab/Auto_cropped/quercus_montana/pi0040-06-3.jpg,quercus_montana
dataset/images/field/liriodendron_tulipifera/12992002639287.jpg,liriodendron_tulipifera
dataset/images/lab/Auto_cropped/quercus_montana/pi1025-07-2.jpg,quercus_montana
dataset/images/lab/Auto_cropped/ostrya_virginiana/pi2462-03-4.jpg,ostrya_virginiana
dataset/images/lab/Auto_cropped/abies_concolor/ny1178-03-1.jpg,abies_concolor
dataset/images/lab/Auto_cropped/broussonettia_papyrifera/wb1390-03-4.jpg,broussonettia_papyrifera
dataset/images/lab/Auto_cropped/broussonettia_papyrifera/wb1388-04-4.jpg,broussonettia_papyrifera
dataset/images/lab/Auto_cropped/ulmus_americana/pi2489-05-1.jpg,ulmus_americana
dataset/images/lab/Auto_cropped/gleditsia_triacanthos/pi2769-08-1.jpg,gleditsia_triacanthos
dataset/images/field/juglans_cinerea/13292191167820.jpg,juglans_cinerea
dataset/images/field/broussonettia_papyrifera/13001252078895.jpg,broussonettia_papyrifera
dataset/images/lab/Auto_cropped/prunus_virginiana/wb1321-09-3.jpg,prunus_virginiana
dataset/images/lab/Auto_cropped/cercis_canadensis/pi1041-02-3.jpg,cercis_canadensis
dataset/images/lab/Auto_cropped/ptelea_trifoliata/pi0003-04-1.jpg,ptelea_trifoliata
dataset/images/lab/Auto_cropped/ulmus_rubra/pi2534-05-1.jpg,ulmus_rubra
dataset/images/field/ulmus_rubra/13002228280806.jpg,ulmus_rubra
dataset/images/lab/Auto_cropped/broussonettia_papyrifera/wb1389-03-3.jpg,broussonettia_papyrifera
dataset/images/lab/Auto_cropped/catalpa_bignonioides/pi2784-09-2.jpg,catalpa_bignonioides
dataset/images/lab/Auto_cropped/acer_palmatum/wb1128-09-2.jpg,acer_palmatum
dataset/images/lab/Auto_cropped/catalpa_bignonioides/pi2783-01-2.jpg,catalpa_bignonioides
dataset/images/lab/Auto_cropped/acer_rubrum/pi2609-08-3.jpg,acer_rubrum
dataset/images/field/aesculus_pavi/13033299103637.jpg,aesculus_pavi
dataset/images/field/fraxinus_nigra/13291804055764.jpg,fraxinus_nigra
dataset/images/lab/Auto_cropped/diospyros_virginiana/pi0196-02-2.jpg,diospyros_virginiana
dataset/images/field/styrax_japonica/13002208600779.jpg,styrax_japonica
dataset/images/lab/Auto_cropped/diospyros_virginiana/pi2201-08-4.jpg,diospyros_virginiana
dataset/images/lab/Auto_cropped/carya_cordiformis/pi2337-05-2.jpg,carya_cordiformis
dataset/images/field/quercus_montana/13292231172342.jpg,quercus_montana
dataset/images/lab/Auto_cropped/prunus_sargentii/ny1094-12-4.jpg,prunus_sargentii
dataset/images/field/diospyros_virginiana/12992000156973.jpg,diospyros_virginiana
dataset/images/lab/Auto_cropped/ptelea_trifoliata/pi1014-03-4.jpg,ptelea_trifoliata
dataset/images/lab/Auto_cropped/quercus_muehlenbergii/wb1529-04-1.jpg,quercus_muehlenbergii
dataset/images/lab/Auto_cropped/cryptomeria_japonica/ny1054-10-1.jpg,cryptomeria_japonica
dataset/images/lab/Auto_cropped/quercus_montana/pi1025-01-3.jpg,quercus_montana
dataset/images/lab/Auto_cropped/diospyros_virginiana/pi2199-06-1.jpg,diospyros_virginiana
dataset/images/lab/Auto_cropped/aesculus_pavi/ny1020-04-2.jpg,aesculus_pavi
dataset/images/lab/Auto_cropped/ptelea_trifoliata/pi0019-10-4.jpg,ptelea_trifoliata
dataset/images/lab/Auto_cropped/asimina_triloba/pi2181-10-2.jpg,asimina_triloba
dataset/images/lab/Auto_cropped/abies_concolor/ny1157-09-2.jpg,abies_concolor
dataset/images/lab/Auto_cropped/chionanthus_virginicus/pi2216-10-4.jpg,chionanthus_virginicus
dataset/images/lab/Auto_cropped/abies_concolor/ny1157-09-3.jpg,abies_concolor
dataset/images/lab/Auto_cropped/cercis_canadensis/pi0001-08-3.jpg,cercis_canadensis
dataset/images/lab/Auto_cropped/abies_concolor/ny1179-08-2.jpg,abies_concolor
dataset/images/field/liriodendron_tulipifera/12992002354369.jpg,liriodendron_tulipifera
dataset/images/lab/Auto_cropped/ulmus_rubra/pi2615-04-2.jpg,ulmus_rubra
dataset/images/field/ostrya_virginiana/13001985587139.jpg,ostrya_virginiana
dataset/images/lab/Auto_cropped/asimina_triloba/pi2179-02-1.jpg,asimina_triloba
dataset/images/lab/Auto_cropped/maclura_pomifera/pi2719-05-3.jpg,maclura_pomifera
dataset/images/field/prunus_virginiana/13002166699094.jpg,prunus_virginiana
dataset/images/lab/Auto_cropped/fraxinus_nigra/ny1053-28-3.jpg,fraxinus_nigra
dataset/images/lab/Auto_cropped/ilex_opaca/pi2630-09-2.jpg,ilex_opaca
dataset/images/lab/Auto_cropped/broussonettia_papyrifera/ny1123-05-4.jpg,broussonettia_papyrifera
dataset/images/field/acer_palmatum/13001152968333.jpg,acer_palmatum
dataset/images/field/diospyros_virginiana/12991999975033.jpg,diospyros_virginiana
dataset/images/lab/Auto_cropped/ulmus_americana/pi2489-04-1.jpg,ulmus_americana
dataset/images/field/aesculus_pavi/13291655552179.jpg,aesculus_pavi
dataset/images/lab/Auto_cropped/broussonettia_papyrifera/ny1124-02-3.jpg,broussonettia_papyrifera
dataset/images/lab/Auto_cropped/ilex_opaca/pi2630-08-3.jpg,ilex_opaca
dataset/images/lab/Auto_cropped/liriodendron_tulipifera/pi0068-06-1.jpg,liriodendron_tulipifera
dataset/images/lab/Auto_cropped/gleditsia_triacanthos/pi1072-03-4.jpg,gleditsia_triacanthos
dataset/images/lab/Auto_cropped/asimina_triloba/pi2181-02-1.jpg,asimina_triloba
dataset/images/lab/Auto_cropped/ulmus_rubra/pi2534-04-1.jpg,ulmus_rubra
dataset/images/lab/Auto_cropped/ilex_opaca/pi0219-08-3.jpg,ilex_opaca
dataset/images/lab/Auto_cropped/quercus_muehlenbergii/wb1531-08-4.jpg,quercus_muehlenbergii
dataset/images/lab/Auto_cropped/prunus_sargentii/ny1094-03-3.jpg,prunus_sargentii
dataset/images/lab/Auto_cropped/maclura_pomifera/pi2776-02-4.jpg,maclura_pomifera
dataset/images/field/abies_concolor/12995309749148.jpg,abies_concolor
dataset/images/lab/Auto_cropped/prunus_virginiana/wb1319-07-2.jpg,prunus_virginiana
dataset/images/lab/Auto_cropped/catalpa_bignonioides/pi2784-08-2.jpg,catalpa_bignonioides
dataset/images/lab/Auto_cropped/cercis_canadensis/pi2492-01-2.jpg,cercis_canadensis
dataset/images/lab/Auto_cropped/ilex_opaca/pi0056-05-3.jpg,ilex_opaca
dataset/images/lab/Auto_cropped/cryptomeria_japonica/ny1054-10-3.jpg,cryptomeria_japonica
dataset/images/lab/Auto_cropped/maclura_pomifera/pi2776-08-4.jpg,maclura_pomifera
dataset/images/lab/Auto_cropped/ulmus_americana/pi0020-03-2.jpg,ulmus_americana
dataset/images/field/carya_cordiformis/13001257146566.jpg,carya_cordiformis
dataset/images/lab/Auto_cropped/chionanthus_virginicus/pi0034-03-4.jpg,chionanthus_virginicus
dataset/images/lab/Auto_cropped/ostrya_virginiana/pi2195-08-3.jpg,ostrya_virginiana
dataset/images/lab/Auto_cropped/ptelea_trifoliata/pi0006-05-1.jpg,ptelea_trifoliata
dataset/images/lab/Auto_cropped/carya_cordiformis/pi0053-05-1.jpg,carya_cordiformis
dataset/images/lab/Auto_cropped/ulmus_rubra/wb1217-04-2.jpg,ulmus_rubra
dataset/images/lab/Auto_cropped/asimina_triloba/pi2178-08-4.jpg,asimina_triloba
dataset/images/lab/Auto_cropped/ilex_opaca/pi2630-12-1.jpg,ilex_opaca
dataset/images/field/asimina_triloba/13001240198188.jpg,asimina_triloba
dataset/images/field/ulmus_americana/1249315489_0000.jpg,ulmus_americana
dataset/images/lab/Auto_cropped/liriodendron_tulipifera/pi2248-02-2.jpg,liriodendron_tulipifera
dataset/images/lab/Auto_cropped/prunus_virginiana/wb1320-08-1.jpg,prunus_virginiana
dataset/images/field/cercis_canadensis/12991999052780.jpg,cercis_canadensis
dataset/images/lab/Auto_cropped/liriodendron_tulipifera/pi0068-07-4.jpg,liriodendron_tulipifera
dataset/images/lab/Auto_cropped/catalpa_bignonioides/pi2783-07-2.jpg,catalpa_bignonioides
dataset/images/lab/Auto_cropped/asimina_triloba/pi2179-06-3.jpg,asimina_triloba
dataset/images/lab/Auto_cropped/ulmus_rubra/pi2534-03-3.jpg,ulmus_rubra
dataset/images/lab/Auto_cropped/gleditsia_triacanthos/pi2769-05-4.jpg,gleditsia_triacanthos
dataset/images/lab/Auto_cropped/broussonettia_papyrifera/wb1388-03-2.jpg,broussonettia_papyrifera
dataset/images/field/prunus_virginiana/13002166691722.jpg,prunus_virginiana
dataset/images/field/acer_rubrum/13001155908147.jpg,acer_rubrum
dataset/images/lab/Auto_cropped/ptelea_trifoliata/pi0006-03-2.jpg,ptelea_trifoliata
dataset/images/lab/Auto_cropped/juglans_cinerea/wb1488-05-3.jpg,juglans_cinerea
dataset/images/lab/Auto_cropped/ulmus_pumila/ny1050-09-3.jpg,ulmus_pumila
dataset/images/lab/Auto_cropped/broussonettia_papyrifera/wb1390-02-4.jpg,broussonettia_papyrifera
dataset/images/lab/Auto_cropped/aesculus_pavi/ny1019-09-1.jpg,aesculus_pavi
dataset/images/field/staphylea_trifolia/13291710346064.jpg,staphylea_trifolia
dataset/images/lab/Auto_cropped/gleditsia_triacanthos/pi2766-01-4.jpg,gleditsia_triacanthos
dataset/images/field/chionanthus_virginicus/13001305190572.jpg,chionanthus_virginicus
dataset/images/lab/Auto_cropped/juglans_cinerea/wb1488-07-3.jpg,juglans_cinerea
dataset/images/lab/Auto_cropped/acer_negundo/pi2028-05-1.jpg,acer_negundo
dataset/images/lab/Auto_cropped/prunus_sargentii/ny1094-06-3.jpg,prunus_sargentii
dataset/images/field/styrax_japonica/13002208608454.jpg,styrax_japonica
dataset/images/field/cercis_canadensis/12991999195962.jpg,cercis_canadensis
dataset/images/lab/Auto_cropped/aesculus_pavi/ny1019-05-1.jpg,aesculus_pavi
dataset/images/field/prunus_virginiana/13002166695090.jpg,prunus_virginiana
dataset/images/lab/Auto_cropped/quercus_muehlenbergii/wb1530-04-3.jpg,quercus_muehlenbergii
dataset/images/lab/Auto_cropped/chionanthus_virginicus/pi2214-07-3.jpg,chionanthus_virginicus
dataset/images/field/juglans_cinerea/13292191166575.jpg,juglans_cinerea
dataset/images/lab/Auto_cropped/ulmus_rubra/pi2534-07-1.jpg,ulmus_rubra
dataset/images/field/acer_palmatum/13001152969277.jpg,acer_palmatum
dataset/images/lab/Auto_cropped/ulmus_rubra/pi1077-02-4.jpg,ulmus_rubra
dataset/images/lab/Auto_cropped/broussonettia_papyrifera/wb1388-03-1.jpg,broussonettia_papyrifera
dataset/images/lab/Auto_cropped/ilex_opaca/pi0219-07-1.jpg,ilex_opaca
dataset/images/field/prunus_virginiana/13002166695484.jpg,prunus_virginiana
dataset/images/lab/Auto_cropped/acer_negundo/pi2027-04-1.jpg,acer_negundo
dataset/images/lab/Auto_cropped/catalpa_bignonioides/pi2788-03-1.jpg,catalpa_bignonioides
dataset/images/lab/Auto_cropped/ostrya_virginiana/pi2462-03-2.jpg,ostrya_virginiana
dataset/images/lab/Auto_cropped/asimina_triloba/pi2181-07-2.jpg,asimina_triloba
dataset/images/lab/Auto_cropped/ptelea_trifoliata/pi0007-02-2.jpg,ptelea_trifoliata
dataset/images/lab/Auto_cropped/acer_negundo/pi2026-09-4.jpg,acer_negundo
dataset/images/lab/Auto_cropped/asimina_triloba/pi2178-04-4.jpg,asimina_triloba
dataset/images/lab/Auto_cropped/catalpa_bignonioides/pi2783-09-1.jpg,catalpa_bignonioides
dataset/images/lab/Auto_cropped/cercis_canadensis/pi2492-10-2.jpg,cercis_canadensis
dataset/images/lab/Auto_cropped/acer_palmatum/wb1128-04-1.jpg,acer_palmatum
dataset/images/field/acer_palmatum/1249316680_0003.jpg,acer_palmatum
dataset/images/lab/Auto_cropped/cryptomeria_japonica/ny1055-01-4.jpg,cryptomeria_japonica
dataset/images/lab/Auto_cropped/quercus_muehlenbergii/wb1529-09-4.jpg,quercus_muehlenbergii
dataset/images/lab/Auto_cropped/ptelea_trifoliata/pi0007-03-3.jpg,ptelea_trifoliata
dataset/images/lab/Auto_cropped/ilex_opaca/pi2490-01-1.jpg,ilex_opaca
dataset/images/lab/Auto_cropped/gleditsia_triacanthos/pi2766-01-3.jpg,gleditsia_triacanthos
dataset/images/field/styrax_japonica/13002208604360.jpg,styrax_japonica
dataset/images/field/prunus_virginiana/13010820792211.jpg,prunus_virginiana
dataset/images/lab/Auto_cropped/diospyros_virginiana/pi2199-02-3.jpg,diospyros_virginiana
dataset/images/lab/Auto_cropped/aesculus_pavi/ny1021-01-3.jpg,aesculus_pavi
dataset/images/lab/Auto_cropped/carya_cordiformis/pi0055-06-1.jpg,carya_cordiformis
dataset/images/field/fraxinus_nigra/13291804059205.jpg,fraxinus_nigra
dataset/images/lab/Auto_cropped/catalpa_bignonioides/pi2783-04-1.jpg,catalpa_bignonioides
dataset/images/lab/Auto_cropped/acer_rubrum/pi2773-06-4.jpg,acer_rubrum
dataset/images/lab/Auto_cropped/broussonettia_papyrifera/ny1124-01-2.jpg,broussonettia_papyrifera
dataset/images/lab/Auto_cropped/asimina_triloba/pi2179-10-1.jpg,asimina_triloba
dataset/images/lab/Auto_cropped/acer_negundo/pi2025-11-1.jpg,acer_negundo
dataset/images/lab/Auto_cropped/diospyros_virginiana/pi2201-01-4.jpg,diospyros_virginiana
dataset/images/lab/Auto_cropped/cercis_canadensis/pi0015-02-1.jpg,cercis_canadensis
dataset/images/field/maclura_pomifera/1258480798_0001.jpg,maclura_pomifera
dataset/images/lab/Auto_cropped/juglans_cinerea/wb1489-02-4.jpg,juglans_cinerea
dataset/images/field/juglans_cinerea/13292191160131.jpg,juglans_cinerea
dataset/images/lab/Auto_cropped/cercis_canadensis/pi0001-01-2.jpg,cercis_canadensis
dataset/images/lab/Auto_cropped/ulmus_pumila/ny1048-03-4.jpg,ulmus_pumila
dataset/images/field/cercis_canadensis/12991999077666.jpg,cercis_canadensis
dataset/images/lab/Auto_cropped/ulmus_americana/pi2487-02-4.jpg,ulmus_americana
dataset/images/lab/Auto_cropped/acer_rubrum/pi2773-02-1.jpg,acer_rubrum
dataset/images/lab/Auto_cropped/fraxinus_nigra/ny1053-06-1.jpg,fraxinus_nigra
dataset/images/lab/Auto_cropped/quercus_montana/pi0037-09-2.jpg,quercus_montana
dataset/images/lab/Auto_cropped/maclura_pomifera/pi2776-08-1.jpg,maclura_pomifera
dataset/images/lab/Auto_cropped/staphylea_trifolia/pi2197-01-4.jpg,staphylea_trifolia
dataset/images/field/broussonettia_papyrifera/13001252079308.jpg,broussonettia_papyrifera
dataset/images/lab/Auto_cropped/chionanthus_virginicus/pi2217-08-1.jpg,chionanthus_virginicus
dataset/images/lab/Auto_cropped/acer_palmatum/wb1127-06-3.jpg,acer_palmatum
dataset/images/lab/Auto_cropped/acer_negundo/pi2025-11-4.jpg,acer_negundo
dataset/images/field/catalpa_bignonioides/13001269150310.jpg,catalpa_bignonioides
dataset/images/lab/Auto_cropped/broussonettia_papyrifera/ny1123-03-4.jpg,broussonettia_papyrifera
dataset/images/lab/Auto_cropped/prunus_sargentii/ny1095-02-2.jpg,prunus_sargentii
dataset/images/lab/Auto_cropped/acer_negundo/pi2026-05-4.jpg,acer_negundo
dataset/images/lab/Auto_cropped/broussonettia_papyrifera/ny1123-03-2.jpg,broussonettia_papyrifera
dataset/images/field/carya_cordiformis/13001257142666.jpg,carya_cordiformis
dataset/images/field/ulmus_americana/1259110850_0116.jpg,ulmus_americana
dataset/images/lab/Auto_cropped/asimina_triloba/pi2181-08-1.jpg,asimina_triloba
dataset/images/lab/Auto_cropped/gleditsia_triacanthos/pi2768-02-2.jpg,gleditsia_triacanthos
dataset/images/lab/Auto_cropped/styrax_japonica/ny1001-09-1.jpg,styrax_japonica
dataset/images/field/broussonettia_papyrifera/13001252072190.jpg,broussonettia_papyrifera
dataset/images/lab/Auto_cropped/broussonettia_papyrifera/wb1390-06-4.jpg,broussonettia_papyrifera
dataset/images/lab/Auto_cropped/carya_cordiformis/pi2337-04-4.jpg,carya_cordiformis
dataset/images/lab/Auto_cropped/prunus_virginiana/wb1320-03-3.jpg,prunus_virginiana
dataset/images/lab/Auto_cropped/cercis_canadensis/pi2492-08-3.jpg,cercis_canadensis
dataset/images/field/prunus_virginiana/13010820791568.jpg,prunus_virginiana
dataset/images/lab/Auto_cropped/carya_cordiformis/pi2337-01-2.jpg,carya_cordiformis
dataset/images/lab/Auto_cropped/acer_palmatum/wb1128-02-2.jpg,acer_palmatum
dataset/images/field/quercus_montana/13292231172420.jpg,quercus_montana
dataset/images/field/diospyros_virginiana/12991999800320.jpg,diospyros_virginiana
dataset/images/lab/Auto_cropped/ulmus_rubra/wb1217-01-4.jpg,ulmus_rubra
dataset/images/field/acer_palmatum/13001152961503.jpg,acer_palmatum
dataset/images/field/ulmus_pumila/13291724509139.jpg,ulmus_pumila
dataset/images/field/liriodendron_tulipifera/12992002741196.jpg,liriodendron_tulipifera
dataset/images/lab/Auto_cropped/quercus_montana/pi1025-07-3.jpg,quercus_montana
dataset/images/field/acer_palmatum/13001152966158.jpg,acer_palmatum
dataset/images/field/broussonettia_papyrifera/13001252072792.jpg,broussonettia_papyrifera
dataset/images/field/asimina_triloba/13001240194607.jpg,asimina_triloba
dataset/images/lab/Auto_cropped/acer_rubrum/pi2773-07-1.jpg,acer_rubrum
dataset/images/lab/Auto_cropped/acer_rubrum/pi2388-03-4.jpg,acer_rubrum
dataset/images/lab/Auto_cropped/abies_concolor/ny1157-19-2.jpg,abies_concolor
dataset/images/lab/Auto_cropped/ptelea_trifoliata/pi0003-05-3.jpg,ptelea_trifoliata
dataset/images/field/ptelea_trifoliata/13292213867549.jpg,ptelea_trifoliata
dataset/images/field/fraxinus_nigra/13291804059799.jpg,fraxinus_nigra
dataset/images/lab/Auto_cropped/broussonettia_papyrifera/wb1389-09-1.jpg,broussonettia_papyrifera
dataset/images/field/cryptomeria_japonica/13001326978480.jpg,cryptomeria_japonica
dataset/images/lab/Auto_cropped/styrax_japonica/ny1003-03-4.jpg,styrax_japonica
dataset/images/field/styrax_japonica/13002208602650.jpg,styrax_japonica
dataset/images/lab/Auto_cropped/broussonettia_papyrifera/wb1390-05-3.jpg,broussonettia_papyrifera
dataset/images/lab/Auto_cropped/liriodendron_tulipifera/pi0068-05-4.jpg,liriodendron_tulipifera
dataset/images/field/acer_rubrum/13001155901395.jpg,acer_rubrum
dataset/images/lab/Auto_cropped/acer_rubrum/pi2773-01-1.jpg,acer_rubrum
dataset/images/lab/Auto_cropped/diospyros_virginiana/pi2201-10-1.jpg,diospyros_virginiana
dataset/images/lab/Auto_cropped/liriodendron_tulipifera/pi0069-05-3.jpg,liriodendron_tulipifera
dataset/images/field/ilex_opaca/1258479670_0007.jpg,ilex_opaca
dataset/images/lab/Auto_cropped/carya_cordiformis/pi0055-04-2.jpg,carya_cordiformis
dataset/images/field/fraxinus_nigra/13291804058862.jpg,fraxinus_nigra
dataset/images/lab/Auto_cropped/carya_cordiformis/pi2337-02-2.jpg,carya_cordiformis
dataset/images/lab/Auto_cropped/cercis_canadensis/pi1041-01-3.jpg,cercis_canadensis
dataset/images/lab/Auto_cropped/styrax_japonica/ny1003-07-4.jpg,styrax_japonica
dataset/images/lab/Auto_cropped/carya_cordiformis/pi0055-07-1.jpg,carya_cordiformis
dataset/images/lab/Auto_cropped/ostrya_virginiana/pi2194-09-3.jpg,ostrya_virginiana
dataset/images/field/juglans_cinerea/13292191163237.jpg,juglans_cinerea
dataset/images/lab/Auto_cropped/quercus_montana/pi0037-03-2.jpg,quercus_montana
dataset/images/lab/Auto_cropped/ulmus_pumila/ny1049-08-2.jpg,ulmus_pumila
dataset/images/lab/Auto_cropped/acer_negundo/pi2026-08-3.jpg,acer_negundo
dataset/images/lab/Auto_cropped/broussonettia_papyrifera/wb1388-05-2.jpg,broussonettia_papyrifera
dataset/images/lab/Auto_cropped/cercis_canadensis/pi0001-02-2.jpg,cercis_canadensis
dataset/images/field/juglans_cinerea/13292191167433.jpg,juglans_cinerea
dataset/images/lab/Auto_cropped/acer_rubrum/pi2611-03-3.jpg,acer_rubrum
dataset/images/lab/Auto_cropped/cryptomeria_japonica/ny1054-09-4.jpg,cryptomeria_japonica
dataset/images/field/acer_rubrum/13001155907676.jpg,acer_rubrum
dataset/images/lab/Auto_cropped/ilex_opaca/pi2630-10-3.jpg,ilex_opaca
dataset/images/lab/Auto_cropped/acer_palmatum/wb1129-09-2.jpg,acer_palmatum
dataset/images/field/fraxinus_nigra/13291804059848.jpg,fraxinus_nigra
dataset/images/lab/Auto_cropped/maclura_pomifera/pi2775-10-1.jpg,maclura_pomifera
dataset/images/lab/Auto_cropped/catalpa_bignonioides/pi2783-06-1.jpg,catalpa_bignonioides
dataset/images/lab/Auto_cropped/ptelea_trifoliata/pi0006-01-1.jpg,ptelea_trifoliata
dataset/images/field/fraxinus_nigra/13291804053740.jpg,fraxinus_nigra
dataset/images/lab/Auto_cropped/broussonettia_papyrifera/ny1122-03-4.jpg,broussonettia_papyrifera
dataset/images/lab/Auto_cropped/acer_palmatum/wb1127-01-4.jpg,acer_palmatum
dataset/images/lab/Auto_cropped/styrax_japonica/ny1003-01-3.jpg,styrax_japonica
dataset/images/field/aesculus_pavi/13033299107508.jpg,aesculus_pavi
dataset/images/lab/Auto_cropped/acer_rubrum/pi2773-06-1.jpg,acer_rubrum
dataset/images/lab/Auto_cropped/maclura_pomifera/pi2775-10-3.jpg,maclura_pomifera
dataset/images/lab/Auto_cropped/ptelea_trifoliata/pi0003-08-1.jpg,ptelea_trifoliata
dataset/images/field/ptelea_trifoliata/13292213868256.jpg,ptelea_trifoliata
dataset/images/lab/Auto_cropped/prunus_virginiana/wb1320-07-1.jpg,prunus_virginiana
dataset/images/lab/Auto_cropped/prunus_virginiana/wb1319-02-2.jpg,prunus_virginiana
dataset/images/lab/Auto_cropped/asimina_triloba/pi2177-06-4.jpg,asimina_triloba
dataset/images/lab/Auto_cropped/staphylea_trifolia/pi0238-02-2.jpg,staphylea_trifolia
dataset/images/lab/Auto_cropped/abies_concolor/ny1179-04-4.jpg,abies_concolor
dataset/images/lab/Auto_cropped/cercis_canadensis/pi2492-02-4.jpg,cercis_canadensis
dataset/images/lab/Auto_cropped/ostrya_virginiana/pi2461-04-3.jpg,ostrya_virginiana
dataset/images/field/juglans_cinerea/13292191165001.jpg,juglans_cinerea
dataset/images/lab/Auto_cropped/acer_rubrum/pi2773-03-3.jpg,acer_rubrum
dataset/images/lab/Auto_cropped/diospyros_virginiana/pi0196-03-1.jpg,diospyros_virginiana
dataset/images/lab/Auto_cropped/cercis_canadensis/pi0001-04-2.jpg,cercis_canadensis
dataset/images/lab/Auto_cropped/ulmus_rubra/wb1219-01-2.jpg,ulmus_rubra
dataset/images/lab/Auto_cropped/acer_negundo/pi2025-04-4.jpg,acer_negundo
dataset/images/field/ulmus_pumila/13291724505096.jpg,ulmus_pumila
dataset/images/lab/Auto_cropped/asimina_triloba/pi2178-06-4.jpg,asimina_triloba
dataset/images/lab/Auto_cropped/cercis_canadensis/pi0001-04-4.jpg,cercis_canadensis
dataset/images/lab/Auto_cropped/ostrya_virginiana/pi2195-03-4.jpg,ostrya_virginiana
dataset/images/field/broussonettia_papyrifera/13001252070242.jpg,broussonettia_papyrifera
dataset/images/lab/Auto_cropped/fraxinus_nigra/ny1053-13-1.jpg,fraxinus_nigra
dataset/images/lab/Auto_cropped/staphylea_trifolia/pi2197-06-3.jpg,staphylea_trifolia
dataset/images/field/ptelea_trifoliata/13292213862122.jpg,ptelea_trifoliata
dataset/images/field/cryptomeria_japonica/13001326971450.jpg,cryptomeria_japonica
dataset/images/lab/Auto_cropped/abies_concolor/ny1178-03-3.jpg,abies_concolor
dataset/images/lab/Auto_cropped/diospyros_virginiana/pi2200-09-3.jpg,diospyros_virginiana
dataset/images/lab/Auto_cropped/acer_rubrum/pi2610-09-1.jpg,acer_rubrum
dataset/images/lab/Auto_cropped/ulmus_americana/pi2488-04-4.jpg,ulmus_americana
dataset/images/lab/Auto_cropped/ilex_opaca/pi1021-02-1.jpg,ilex_opaca
dataset/images/lab/Auto_cropped/juglans_cinerea/wb1488-01-2.jpg,juglans_cinerea
dataset/images/lab/Auto_cropped/staphylea_trifolia/pi2197-07-4.jpg,staphylea_trifolia
dataset/images/lab/Auto_cropped/diospyros_virginiana/pi2200-05-3.jpg,diospyros_virginiana
dataset/images/field/prunus_virginiana/13010820799389.jpg,prunus_virginiana
dataset/images/field/fraxinus_nigra/13291804050569.jpg,fraxinus_nigra
dataset/images/lab/Auto_cropped/chionanthus_virginicus/pi2215-04-2.jpg,chionanthus_virginicus
dataset/images/lab/Auto_cropped/maclura_pomifera/pi2774-09-3.jpg,maclura_pomifera
dataset/images/lab/Auto_cropped/ulmus_pumila/ny1048-03-1.jpg,ulmus_pumila
dataset/images/field/asimina_triloba/13001240194352.jpg,asimina_triloba
dataset/images/lab/Auto_cropped/styrax_japonica/ny1002-06-1.jpg,styrax_japonica
dataset/images/lab/Auto_cropped/broussonettia_papyrifera/wb1388-10-3.jpg,broussonettia_papyrifera
dataset/images/lab/Auto_cropped/ulmus_americana/pi2486-10-2.jpg,ulmus_americana
dataset/images/lab/Auto_cropped/maclura_pomifera/pi2719-08-2.jpg,maclura_pomifera
dataset/images/field/gleditsia_triacanthos/12992001013700.jpg,gleditsia_triacanthos
dataset/images/lab/Auto_cropped/quercus_montana/pi0037-02-1.jpg,quercus_montana
dataset/images/lab/Auto_cropped/staphylea_trifolia/pi0238-05-4.jpg,staphylea_trifolia
dataset/images/lab/Auto_cropped/gleditsia_triacanthos/pi2769-01-1.jpg,gleditsia_triacanthos
dataset/images/field/quercus_montana/13292231173642.jpg,quercus_montana
dataset/images/field/aesculus_pavi/13033299103120.jpg,aesculus_pavi
dataset/images/lab/Auto_cropped/asimina_triloba/pi2180-08-1.jpg,asimina_triloba
dataset/images/field/aesculus_pavi/13033299109385.jpg,aesculus_pavi
dataset/images/field/ulmus_pumila/13291724501161.jpg,ulmus_pumila
dataset/images/lab/Auto_cropped/ilex_opaca/pi0056-04-1.jpg,ilex_opaca
dataset/images/field/abies_concolor/12995309740463.jpg,abies_concolor
dataset/images/lab/Auto_cropped/ilex_opaca/pi2490-04-2.jpg,ilex_opaca
dataset/images/lab/Auto_cropped/ulmus_rubra/wb1218-07-4.jpg,ulmus_rubra
dataset/images/field/fraxinus_nigra/13291804050290.jpg,fraxinus_nigra
dataset/images/lab/Auto_cropped/liriodendron_tulipifera/pi2247-06-3.jpg,liriodendron_tulipifera
dataset/images/lab/Auto_cropped/ulmus_pumila/ny1050-03-3.jpg,ulmus_pumila
dataset/images/field/gleditsia_triacanthos/12992000957042.jpg,gleditsia_triacanthos
dataset/images/lab/Auto_cropped/broussonettia_papyrifera/wb1388-05-3.jpg,broussonettia_papyrifera
dataset/images/lab/Auto_cropped/prunus_sargentii/ny1094-04-4.jpg,prunus_sargentii
dataset/images/lab/Auto_cropped/chionanthus_virginicus/pi0034-09-2.jpg,chionanthus_virginicus
dataset/images/lab/Auto_cropped/abies_concolor/ny1157-12-4.jpg,abies_concolor
dataset/images/lab/Auto_cropped/ostrya_virginiana/pi2461-02-2.jpg,ostrya_virginiana
dataset/images/lab/Auto_cropped/broussonettia_papyrifera/ny1124-10-2.jpg,broussonettia_papyrifera
dataset/images/lab/Auto_cropped/gleditsia_triacanthos/pi2767-04-2.jpg,gleditsia_triacanthos
dataset/images/field/carya_cordiformis/13001257143623.jpg,carya_cordiformis
dataset/images/lab/Auto_cropped/ulmus_rubra/pi2614-05-3.jpg,ulmus_rubra
dataset/images/lab/Auto_cropped/styrax_japonica/ny1001-09-3.jpg,styrax_japonica
dataset/images/lab/Auto_cropped/styrax_japonica/ny1002-03-1.jpg,styrax_japonica
dataset/images/lab/Auto_cropped/asimina_triloba/pi2177-05-3.jpg,asimina_triloba
dataset/images/lab/Auto_cropped/broussonettia_papyrifera/wb1389-06-1.jpg,broussonettia_papyrifera
dataset/images/lab/Auto_cropped/broussonettia_papyrifera/wb1388-10-2.jpg,broussonettia_papyrifera
dataset/images/lab/Auto_cropped/broussonettia_papyrifera/ny1123-06-3.jpg,broussonettia_papyrifera
dataset/images/lab/Auto_cropped/chionanthus_virginicus/pi2216-09-2.jpg,chionanthus_virginicus
dataset/images/lab/Auto_cropped/prunus_sargentii/ny1095-07-1.jpg,prunus_sargentii
dataset/images/lab/Auto_cropped/catalpa_bignonioides/pi1080-02-2.jpg,catalpa_bignonioides
dataset/images/lab/Auto_cropped/acer_palmatum/wb1128-09-1.jpg,acer_palmatum
dataset/images/lab/Auto_cropped/catalpa_bignonioides/pi2784-02-4.jpg,catalpa_bignonioides
dataset/images/lab/Auto_cropped/asimina_triloba/pi2178-04-2.jpg,asimina_triloba
dataset/images/field/ostrya_virginiana/13001985581907.jpg,ostrya_virginiana
dataset/images/lab/Auto_cropped/gleditsia_triacanthos/pi2769-11-4.jpg,gleditsia_triacanthos
dataset/images/lab/Auto_cropped/acer_rubrum/pi2610-04-2.jpg,acer_rubrum
dataset/images/lab/Auto_cropped/styrax_japonica/ny1001-05-1.jpg,styrax_japonica
dataset/images/field/prunus_sargentii/13292214155782.jpg,prunus_sargentii
dataset/images/lab/Auto_cropped/ulmus_pumila/ny1049-04-2.jpg,ulmus_pumila
dataset/images/field/diospyros_virginiana/12992000085235.jpg,diospyros_virginiana
dataset/images/field/gleditsia_triacanthos/12992001142656.jpg,gleditsia_triacanthos
dataset/images/lab/Auto_cropped/styrax_japonica/ny1001-07-3.jpg,styrax_japonica
dataset/images/field/styrax_japonica/13002208607504.jpg,styrax_japonica
dataset/images/lab/Auto_cropped/liriodendron_tulipifera/pi0069-04-2.jpg,liriodendron_tulipifera
dataset/images/lab/Auto_cropped/liriodendron_tulipifera/pi2249-08-3.jpg,liriodendron_tulipifera
dataset/images/lab/Auto_cropped/maclura_pomifera/pi2235-06-2.jpg,maclura_pomifera
dataset/images/field/ulmus_pumila/1258770451_0004.jpg,ulmus_pumila
dataset/images/lab/Auto_cropped/broussonettia_papyrifera/wb1389-09-2.jpg,broussonettia_papyrifera
dataset/images/lab/Auto_cropped/maclura_pomifera/pi2775-06-1.jpg,maclura_pomifera
dataset/images/field/diospyros_virginiana/12991999813493.jpg,diospyros_virginiana
dataset/images/lab/Auto_cropped/asimina_triloba/pi2180-04-2.jpg,asimina_triloba
dataset/images/lab/Auto_cropped/liriodendron_tulipifera/pi0069-04-3.jpg,liriodendron_tulipifera
dataset/images/lab/Auto_cropped/prunus_virginiana/wb1319-03-2.jpg,prunus_virginiana
dataset/images/lab/Auto_cropped/cercis_canadensis/pi1041-02-2.jpg,cercis_canadensis
dataset/images/lab/Auto_cropped/acer_negundo/pi2028-05-3.jpg,acer_negundo
dataset/images/lab/Auto_cropped/ostrya_virginiana/pi2462-04-2.jpg,ostrya_virginiana
dataset/images/lab/Auto_cropped/fraxinus_nigra/ny1053-19-4.jpg,fraxinus_nigra
dataset/images/lab/Auto_cropped/fraxinus_nigra/ny1053-17-2.jpg,fraxinus_nigra
dataset/images/lab/Auto_cropped/fraxinus_nigra/ny1053-20-4.jpg,fraxinus_nigra
dataset/images/lab/Auto_cropped/juglans_cinerea/wb1489-03-4.jpg,juglans_cinerea
dataset/images/lab/Auto_cropped/broussonettia_papyrifera/wb1389-07-4.jpg,broussonettia_papyrifera
dataset/images/lab/Auto_cropped/gleditsia_triacanthos/pi2767-09-4.jpg,gleditsia_triacanthos
dataset/images/lab/Auto_cropped/carya_cordiformis/pi0055-09-3.jpg,carya_cordiformis
dataset/images/field/chionanthus_virginicus/13001305192589.jpg,chionanthus_virginicus
dataset/images/lab/Auto_cropped/prunus_virginiana/wb1321-02-2.jpg,prunus_virginiana
dataset/images/lab/Auto_cropped/gleditsia_triacanthos/pi1072-01-2.jpg,gleditsia_triacanthos
dataset/images/field/cryptomeria_japonica/13001326974437.jpg,cryptomeria_japonica
dataset/images/lab/Auto_cropped/cercis_canadensis/pi0015-05-4.jpg,cercis_canadensis
dataset/images/lab/Auto_cropped/gleditsia_triacanthos/pi2768-04-1.jpg,gleditsia_triacanthos
dataset/images/field/prunus_virginiana/13002169492155.jpg,prunus_virginiana
dataset/images/lab/Auto_cropped/prunus_virginiana/wb1321-06-3.jpg,prunus_virginiana
dataset/images/lab/Auto_cropped/gleditsia_triacanthos/pi2769-08-3.jpg,gleditsia_triacanthos
dataset/images/field/maclura_pomifera/1248106412_0001.jpg,maclura_pomifera
dataset/images/lab/Auto_cropped/cercis_canadensis/pi0001-11-1.jpg,cercis_canadensis
dataset/images/lab/Auto_cropped/ulmus_rubra/pi2613-09-1.jpg,ulmus_rubra
dataset/images/lab/Auto_cropped/catalpa_bignonioides/pi2783-05-1.jpg,catalpa_bignonioides
dataset/images/lab/Auto_cropped/chionanthus_virginicus/pi2216-02-3.jpg,chionanthus_virginicus
dataset/images/field/juglans_cinerea/13292191164644.jpg,juglans_cinerea
dataset/images/field/prunus_virginiana/13002169491001.jpg,prunus_virginiana
dataset/images/lab/Auto_cropped/liriodendron_tulipifera/pi2248-04-3.jpg,liriodendron_tulipifera
dataset/images/field/styrax_japonica/13002208606657.jpg,styrax_japonica
dataset/images/field/chionanthus_virginicus/13001305199450.jpg,chionanthus_virginicus
dataset/images/lab/Auto_cropped/diospyros_virginiana/pi2201-06-2.jpg,diospyros_virginiana
dataset/images/lab/Auto_cropped/abies_concolor/ny1157-22-2.jpg,abies_concolor
dataset/images/lab/Auto_cropped/acer_palmatum/wb1129-05-1.jpg,acer_palmatum
dataset/images/lab/Auto_cropped/broussonettia_papyrifera/ny1123-03-1.jpg,broussonettia_papyrifera
dataset/images/lab/Auto_cropped/prunus_sargentii/ny1094-14-1.jpg,prunus_sargentii
dataset/images/lab/Auto_cropped/prunus_virginiana/wb1320-07-4.jpg,prunus_virginiana
dataset/images/field/ulmus_pumila/13291724506156.jpg,ulmus_pumila
dataset/images/lab/Auto_cropped/prunus_virginiana/wb1321-08-3.jpg,prunus_virginiana
dataset/images/lab/Auto_cropped/ptelea_trifoliata/pi0006-04-3.jpg,ptelea_trifoliata
dataset/images/field/ulmus_rubra/13002228283530.jpg,ulmus_rubra
dataset/images/lab/Auto_cropped/ulmus_americana/pi2488-01-4.jpg,ulmus_americana
dataset/images/lab/Auto_cropped/chionanthus_virginicus/pi2216-10-1.jpg,chionanthus_virginicus
dataset/images/lab/Auto_cropped/ostrya_virginiana/pi2461-08-3.jpg,ostrya_virginiana
dataset/images/lab/Auto_cropped/prunus_sargentii/ny1094-10-4.jpg,prunus_sargentii
dataset/images/lab/Auto_cropped/acer_rubrum/pi2609-10-2.jpg,acer_rubrum
dataset/images/lab/Auto_cropped/liriodendron_tulipifera/pi2248-06-4.jpg,liriodendron_tulipifera
dataset/images/lab/Auto_cropped/juglans_cinerea/wb1488-02-1.jpg,juglans_cinerea
dataset/images/lab/Auto_cropped/staphylea_trifolia/pi2196-05-1.jpg,staphylea_trifolia
dataset/images/lab/Auto_cropped/liriodendron_tulipifera/pi0069-10-1.jpg,liriodendron_tulipifera
dataset/images/lab/Auto_cropped/juglans_cinerea/wb1487-01-4.jpg,juglans_cinerea
dataset/images/lab/Auto_cropped/ilex_opaca/pi2490-02-2.jpg,ilex_opaca
dataset/images/lab/Auto_cropped/abies_concolor/ny1178-06-1.jpg,abies_concolor
dataset/images/field/cryptomeria_japonica/13001326970424.jpg,cryptomeria_japonica
dataset/images/lab/Auto_cropped/ulmus_americana/pi2486-04-2.jpg,ulmus_americana
dataset/images/lab/Auto_cropped/abies_concolor/ny1179-06-2.jpg,abies_concolor
dataset/images/field/cryptomeria_japonica/13001326977718.jpg,cryptomeria_japonica
dataset/images/lab/Auto_cropped/ulmus_rubra/wb1218-08-2.jpg,ulmus_rubra
dataset/images/lab/Auto_cropped/cercis_canadensis/pi2492-09-4.jpg,cercis_canadensis
dataset/images/field/juglans_cinerea/13292191168346.jpg,juglans_cinerea
dataset/images/lab/Auto_cropped/gleditsia_triacanthos/pi2766-02-3.jpg,gleditsia_triacanthos
dataset/images/lab/Auto_cropped/fraxinus_nigra/ny1053-26-4.jpg,fraxinus_nigra
dataset/images/lab/Auto_cropped/maclura_pomifera/pi2775-06-4.jpg,maclura_pomifera
dataset/images/lab/Auto_cropped/ostrya_virginiana/pi2461-01-2.jpg,ostrya_virginiana
dataset/images/lab/Auto_cropped/aesculus_pavi/ny1021-06-1.jpg,aesculus_pavi
dataset/images/lab/Auto_cropped/ulmus_rubra/wb1217-04-4.jpg,ulmus_rubra
dataset/images/lab/Auto_cropped/maclura_pomifera/pi2776-05-1.jpg,maclura_pomifera
dataset/images/field/fraxinus_nigra/13291804057015.jpg,fraxinus_nigra
dataset/images/lab/Auto_cropped/styrax_japonica/ny1001-04-3.jpg,styrax_japonica
dataset/images/field/prunus_virginiana/13010820791823.jpg,prunus_virginiana
dataset/images/lab/Auto_cropped/chionanthus_virginicus/pi0034-08-4.jpg,chionanthus_virginicus
dataset/images/field/quercus_montana/13292231176114.jpg,quercus_montana
dataset/images/field/prunus_virginiana/13002169495658.jpg,prunus_virginiana
dataset/images/lab/Auto_cropped/cercis_canadensis/pi0015-02-4.jpg,cercis_canadensis
dataset/images/lab/Auto_cropped/diospyros_virginiana/pi2199-02-1.jpg,diospyros_virginiana
dataset/images/lab/Auto_cropped/quercus_muehlenbergii/wb1530-08-2.jpg,quercus_muehlenbergii
dataset/images/field/cryptomeria_japonica/13001326973668.jpg,cryptomeria_japonica
dataset/images/field/ulmus_rubra/13002228287890.jpg,ulmus_rubra
dataset/images/field/acer_palmatum/13001152968502.jpg,acer_palmatum
dataset/images/lab/Auto_cropped/asimina_triloba/pi2179-04-1.jpg,asimina_triloba
dataset/images/lab/Auto_cropped/carya_cordiformis/pi2337-08-3.jpg,carya_cordiformis
dataset/images/lab/Auto_cropped/prunus_virginiana/wb1319-03-4.jpg,prunus_virginiana
dataset/images/field/asimina_triloba/13001240196978.jpg,asimina_triloba
dataset/images/field/fraxinus_nigra/13291804056913.jpg,fraxinus_nigra
dataset/images/field/quercus_montana/13292231173705.jpg,quercus_montana
dataset/images/lab/Auto_cropped/ulmus_pumila/ny1049-05-4.jpg,ulmus_pumila
dataset/images/lab/Auto_cropped/quercus_montana/pi0039-06-1.jpg,quercus_montana
dataset/images/lab/Auto_cropped/juglans_cinerea/wb1487-02-2.jpg,juglans_cinerea
dataset/images/lab/Auto_cropped/ptelea_trifoliata/pi0006-01-3.jpg,ptelea_trifoliata
dataset/images/lab/Auto_cropped/juglans_cinerea/wb1489-06-1.jpg,juglans_cinerea
dataset/images/field/cryptomeria_japonica/13001326973004.jpg,cryptomeria_japonica
dataset/images/lab/Auto_cropped/prunus_virginiana/wb1321-01-1.jpg,prunus_virginiana
dataset/images/field/acer_rubrum/13001155906457.jpg,acer_rubrum
dataset/images/field/prunus_virginiana/13002166694923.jpg,prunus_virginiana
dataset/images/field/aesculus_pavi/13033299106002.jpg,aesculus_pavi
dataset/images/lab/Auto_cropped/catalpa_bignonioides/pi2788-08-4.jpg,catalpa_bignonioides
dataset/images/lab/Auto_cropped/quercus_montana/pi0038-08-3.jpg,quercus_montana
dataset/images/field/juglans_cinerea/13292191165930.jpg,juglans_cinerea
dataset/images/field/ptelea_trifoliata/13292213863294.jpg,ptelea_trifoliata
dataset/images/lab/Auto_cropped/acer_negundo/pi2029-03-1.jpg,acer_negundo
dataset/images/field/ulmus_rubra/13002228281960.jpg,ulmus_rubra
dataset/images/lab/Auto_cropped/fraxinus_nigra/ny1053-13-3.jpg,fraxinus_nigra
dataset/images/lab/Auto_cropped/acer_negundo/pi2029-04-3.jpg,acer_negundo
dataset/images/lab/Auto_cropped/styrax_japonica/ny1002-03-2.jpg,styrax_japonica
dataset/images/lab/Auto_cropped/aesculus_pavi/ny1021-10-3.jpg,aesculus_pavi
dataset/images/lab/Auto_cropped/maclura_pomifera/pi2776-04-2.jpg,maclura_pomifera
dataset/images/lab/Auto_cropped/ostrya_virginiana/pi2195-07-4.jpg,ostrya_virginiana
dataset/images/field/prunus_virginiana/13002169495674.jpg,prunus_virginiana
dataset/images/field/broussonettia_papyrifera/13001252073566.jpg,broussonettia_papyrifera
dataset/images/lab/Auto_cropped/juglans_cinerea/wb1488-01-1.jpg,juglans_cinerea
dataset/images/field/acer_rubrum/13001155909866.jpg,acer_rubrum
dataset/images/field/acer_palmatum/13001152961588.jpg,acer_palmatum
dataset/images/field/abies_concolor/12995309746566.jpg,abies_concolor
dataset/images/lab/Auto_cropped/abies_concolor/ny1157-14-3.jpg,abies_concolor
dataset/images/lab/Auto_cropped/acer_rubrum/pi2608-10-2.jpg,acer_rubrum
dataset/images/field/ulmus_americana/1249059004_0003.jpg,ulmus_americana
dataset/images/lab/Auto_cropped/abies_concolor/ny1179-04-2.jpg,abies_concolor
dataset/images/field/fraxinus_nigra/13291804058673.jpg,fraxinus_nigra
dataset/images/lab/Auto_cropped/ptelea_trifoliata/pi0004-02-3.jpg,ptelea_trifoliata
dataset/images/field/ptelea_trifoliata/13292213864230.jpg,ptelea_trifoliata
dataset/images/lab/Auto_cropped/ptelea_trifoliata/pi0019-05-3.jpg,ptelea_trifoliata
dataset/images/lab/Auto_cropped/ilex_opaca/pi0056-07-2.jpg,ilex_opaca
dataset/images/lab/Auto_cropped/ptelea_trifoliata/pi0006-04-1.jpg,ptelea_trifoliata
dataset/images/field/ostrya_virginiana/13001985587165.jpg,ostrya_virginiana
dataset/images/lab/Auto_cropped/acer_negundo/pi2026-02-2.jpg,acer_negundo
dataset/images/field/gleditsia_triacanthos/12992001110446.jpg,gleditsia_triacanthos
dataset/images/lab/Auto_cropped/acer_palmatum/wb1128-06-2.jpg,acer_palmatum
dataset/images/lab/Auto_cropped/acer_negundo/pi2025-05-1.jpg,acer_negundo
dataset/images/lab/Auto_cropped/ostrya_virginiana/pi2462-02-3.jpg,ostrya_virginiana
dataset/images/lab/Auto_cropped/asimina_triloba/pi2179-06-4.jpg,asimina_triloba
dataset/images/lab/Auto_cropped/ulmus_pumila/ny1048-02-1.jpg,ulmus_pumila
dataset/images/lab/Auto_cropped/chionanthus_virginicus/pi2216-01-2.jpg,chionanthus_virginicus
dataset/images/lab/Auto_cropped/cercis_canadensis/pi0015-01-1.jpg,cercis_canadensis
dataset/images/field/ulmus_rubra/13002228289469.jpg,ulmus_rubra
dataset/images/field/juglans_cinerea/13292191161805.jpg,juglans_cinerea
dataset/images/lab/Auto_cropped/asimina_triloba/pi2180-04-4.jpg,asimina_triloba
dataset/images/lab/Auto_cropped/ulmus_rubra/wb1219-08-1.jpg,ulmus_rubra
dataset/images/field/cercis_canadensis/12991999207682.jpg,cercis_canadensis
dataset/images/lab/Auto_cropped/gleditsia_triacanthos/pi2766-01-2.jpg,gleditsia_triacanthos
dataset/images/field/maclura_pomifera/1248106412_0000.jpg,maclura_pomifera
dataset/images/lab/Auto_cropped/ilex_opaca/pi2630-02-1.jpg,ilex_opaca
dataset/images/lab/Auto_cropped/diospyros_virginiana/pi2198-09-1.jpg,diospyros_virginiana
dataset/images/lab/Auto_cropped/ulmus_rubra/pi1077-02-2.jpg,ulmus_rubra
dataset/images/lab/Auto_cropped/ilex_opaca/pi2630-06-4.jpg,ilex_opaca
dataset/images/field/asimina_triloba/13001240195434.jpg,asimina_triloba
dataset/images/field/liriodendron_tulipifera/12992002340508.jpg,liriodendron_tulipifera
dataset/images/lab/Auto_cropped/liriodendron_tulipifera/pi2247-07-4.jpg,liriodendron_tulipifera
dataset/images/lab/Auto_cropped/gleditsia_triacanthos/pi2768-03-3.jpg,gleditsia_triacanthos
dataset/images/field/juglans_cinerea/13292191165998.jpg,juglans_cinerea
dataset/images/lab/Auto_cropped/staphylea_trifolia/pi0238-02-4.jpg,staphylea_trifolia
dataset/images/lab/Auto_cropped/ulmus_rubra/wb1218-04-1.jpg,ulmus_rubra
dataset/images/lab/Auto_cropped/abies_concolor/ny1157-24-1.jpg,abies_concolor
dataset/images/lab/Auto_cropped/diospyros_virginiana/pi0196-02-1.jpg,diospyros_virginiana
dataset/images/field/ptelea_trifoliata/13292213861813.jpg,ptelea_trifoliata
dataset/images/lab/Auto_cropped/ulmus_americana/pi0020-03-4.jpg,ulmus_americana
dataset/images/lab/Auto_cropped/maclura_pomifera/pi2235-05-4.jpg,maclura_pomifera
dataset/images/field/asimina_triloba/13001240191316.jpg,asimina_triloba
dataset/images/field/juglans_cinerea/13292191168391.jpg,juglans_cinerea
dataset/images/lab/Auto_cropped/carya_cordiformis/pi1068-01-3.jpg,carya_cordiformis
dataset/images/field/prunus_virginiana/13010820797188.jpg,prunus_virginiana
dataset/images/lab/Auto_cropped/acer_palmatum/wb1127-08-2.jpg,acer_palmatum
dataset/images/lab/Auto_cropped/ulmus_americana/pi2487-08-1.jpg,ulmus_americana
dataset/images/lab/Auto_cropped/ulmus_rubra/wb1218-06-3.jpg,ulmus_rubra
dataset/images/lab/Auto_cropped/acer_rubrum/pi2610-04-1.jpg,acer_rubrum
dataset/images/lab/Auto_cropped/broussonettia_papyrifera/wb1388-04-1.jpg,broussonettia_papyrifera
dataset/images/field/broussonettia_papyrifera/13001252078546.jpg,broussonettia_papyrifera
dataset/images/lab/Auto_cropped/acer_negundo/pi2029-10-4.jpg,acer_negundo
dataset/images/lab/Auto_cropped/staphylea_trifolia/pi0238-01-3.jpg,staphylea_trifolia
dataset/images/lab/Auto_cropped/quercus_montana/pi0039-01-2.jpg,quercus_montana
dataset/images/lab/Auto_cropped/quercus_muehlenbergii/wb1531-07-2.jpg,quercus_muehlenbergii
dataset/images/lab/Auto_cropped/quercus_muehlenbergii/wb1530-09-2.jpg,quercus_muehlenbergii
dataset/images/lab/Auto_cropped/prunus_virginiana/wb1321-01-3.jpg,prunus_virginiana
dataset/images/lab/Auto_cropped/carya_cordiformis/pi0055-09-1.jpg,carya_cordiformis
dataset/images/lab/Auto_cropped/ulmus_pumila/ny1049-08-1.jpg,ulmus_pumila
dataset/images/lab/Auto_cropped/ilex_opaca/pi2490-01-2.jpg,ilex_opaca
dataset/images/lab/Auto_cropped/ilex_opaca/pi2630-07-4.jpg,ilex_opaca
dataset/images/field/staphylea_trifolia/13291710344335.jpg,staphylea_trifolia
dataset/images/lab/Auto_cropped/ulmus_rubra/pi2614-04-4.jpg,ulmus_rubra
dataset/images/lab/Auto_cropped/fraxinus_nigra/ny1053-17-4.jpg,fraxinus_nigra
dataset/images/field/maclura_pomifera/1248106412_0004.jpg,maclura_pomifera
dataset/images/lab/Auto_cropped/abies_concolor/ny1179-08-4.jpg,abies_concolor
dataset/images/field/liriodendron_tulipifera/12992002768312.jpg,liriodendron_tulipifera
dataset/images/lab/Auto_cropped/fraxinus_nigra/ny1053-20-2.jpg,fraxinus_nigra
dataset/images/lab/Auto_cropped/acer_negundo/pi2029-02-2.jpg,acer_negundo
dataset/images/field/abies_concolor/12995309746536.jpg,abies_concolor
dataset/images/lab/Auto_cropped/diospyros_virginiana/pi0196-03-2.jpg,diospyros_virginiana
dataset/images/lab/Auto_cropped/ostrya_virginiana/pi2195-01-4.jpg,ostrya_virginiana
dataset/images/field/asimina_triloba/13001240190968.jpg,asimina_triloba
dataset/images/lab/Auto_cropped/staphylea_trifolia/pi2196-10-3.jpg,staphylea_trifolia
dataset/images/lab/Auto_cropped/prunus_virginiana/wb1320-03-4.jpg,prunus_virginiana
dataset/images/lab/Auto_cropped/prunus_sargentii/ny1095-07-2.jpg,prunus_sargentii
dataset/images/lab/Auto_cropped/carya_cordiformis/pi2337-03-1.jpg,carya_cordiformis
dataset/images/lab/Auto_cropped/quercus_montana/pi0040-05-1.jpg,quercus_montana
dataset/images/lab/Auto_cropped/acer_palmatum/wb1129-02-4.jpg,acer_palmatum
dataset/images/lab/Auto_cropped/quercus_muehlenbergii/wb1529-05-3.jpg,quercus_muehlenbergii
dataset/images/lab/Auto_cropped/maclura_pomifera/pi2235-09-1.jpg,maclura_pomifera
dataset/images/lab/Auto_cropped/ostrya_virginiana/pi1052-02-2.jpg,ostrya_virginiana
dataset/images/lab/Auto_cropped/gleditsia_triacanthos/pi2767-10-3.jpg,gleditsia_triacanthos
dataset/images/lab/Auto_cropped/prunus_sargentii/ny1094-01-2.jpg,prunus_sargentii
dataset/images/lab/Auto_cropped/ulmus_americana/pi2488-08-3.jpg,ulmus_americana
dataset/images/lab/Auto_cropped/ulmus_rubra/pi2614-08-1.jpg,ulmus_rubra
dataset/images/field/acer_palmatum/13001152969755.jpg,acer_palmatum
dataset/images/lab/Auto_cropped/prunus_sargentii/ny1095-08-4.jpg,prunus_sargentii
dataset/images/field/diospyros_virginiana/12992000147313.jpg,diospyros_virginiana
dataset/images/field/broussonettia_papyrifera/13001252076410.jpg,broussonettia_papyrifera
dataset/images/lab/Auto_cropped/carya_cordiformis/pi0055-01-3.jpg,carya_cordiformis
dataset/images/lab/Auto_cropped/catalpa_bignonioides/pi2788-02-3.jpg,catalpa_bignonioides
dataset/images/lab/Auto_cropped/gleditsia_triacanthos/pi1072-03-2.jpg,gleditsia_triacanthos
dataset/images/lab/Auto_cropped/gleditsia_triacanthos/pi2767-05-1.jpg,gleditsia_triacanthos
dataset/images/lab/Auto_cropped/abies_concolor/ny1157-28-4.jpg,abies_concolor
dataset/images/lab/Auto_cropped/maclura_pomifera/pi2235-07-4.jpg,maclura_pomifera
dataset/images/lab/Auto_cropped/fraxinus_nigra/ny1053-22-2.jpg,fraxinus_nigra
dataset/images/field/fraxinus_nigra/13291804055375.jpg,fraxinus_nigra
dataset/images/field/aesculus_pavi/13291655551009.jpg,aesculus_pavi
dataset/images/lab/Auto_cropped/acer_negundo/pi2026-08-1.jpg,acer_negundo
dataset/images/field/prunus_virginiana/13010820796728.jpg,prunus_virginiana
dataset/images/lab/Auto_cropped/catalpa_bignonioides/pi2784-04-2.jpg,catalpa_bignonioides
dataset/images/field/chionanthus_virginicus/13001305198293.jpg,chionanthus_virginicus
dataset/images/lab/Auto_cropped/asimina_triloba/pi2179-08-1.jpg,asimina_triloba
dataset/images/lab/Auto_cropped/juglans_cinerea/wb1489-09-1.jpg,juglans_cinerea
dataset/images/field/ulmus_rubra/13002228287299.jpg,ulmus_rubra
dataset/images/field/ptelea_trifoliata/13292213862248.jpg,ptelea_trifoliata
dataset/images/lab/Auto_cropped/quercus_montana/pi1025-02-3.jpg,quercus_montana
dataset/images/lab/Auto_cropped/ostrya_virginiana/pi2462-08-4.jpg,ostrya_virginiana
dataset/images/field/ptelea_trifoliata/13292213868300.jpg,ptelea_trifoliata
dataset/images/field/asimina_triloba/13001240195177.jpg,asimina_triloba
dataset/images/field/carya_cordiformis/13001257143857.jpg,carya_cordiformis
dataset/images/lab/Auto_cropped/maclura_pomifera/pi2719-02-3.jpg,maclura_pomifera
dataset/images/lab/Auto_cropped/ulmus_pumila/ny1049-07-4.jpg,ulmus_pumila
dataset/images/field/fraxinus_nigra/13291804059314.jpg,fraxinus_nigra
dataset/images/lab/Auto_cropped/abies_concolor/ny1157-27-4.jpg,abies_concolor
dataset/images/lab/Auto_cropped/ptelea_trifoliata/pi0006-06-2.jpg,ptelea_trifoliata
dataset/images/lab/Auto_cropped/ulmus_americana/pi0020-02-3.jpg,ulmus_americana
dataset/images/lab/Auto_cropped/ostrya_virginiana/pi2195-07-2.jpg,ostrya_virginiana
dataset/images/lab/Auto_cropped/ostrya_virginiana/pi2461-10-3.jpg,ostrya_virginiana
dataset/images/lab/Auto_cropped/ulmus_rubra/pi2615-10-1.jpg,ulmus_rubra
dataset/images/lab/Auto_cropped/staphylea_trifolia/pi2196-10-2.jpg,staphylea_trifolia
dataset/images/lab/Auto_cropped/acer_rubrum/pi2611-11-1.jpg,acer_rubrum
dataset/images/lab/Auto_cropped/ptelea_trifoliata/pi0005-02-2.jpg,ptelea_trifoliata
dataset/images/lab/Auto_cropped/ulmus_americana/pi2486-03-3.jpg,ulmus_americana
dataset/images/lab/Auto_cropped/styrax_japonica/ny1001-07-1.jpg,styrax_japonica
dataset/images/lab/Auto_cropped/acer_rubrum/pi2610-09-2.jpg,acer_rubrum
dataset/images/lab/Auto_cropped/ilex_opaca/pi2630-09-3.jpg,ilex_opaca
dataset/images/lab/Auto_cropped/broussonettia_papyrifera/ny1124-04-1.jpg,broussonettia_papyrifera
dataset/images/lab/Auto_cropped/diospyros_virginiana/pi2200-01-4.jpg,diospyros_virginiana
dataset/images/field/abies_concolor/12995309742003.jpg,abies_concolor
dataset/images/lab/Auto_cropped/prunus_sargentii/ny1094-06-4.jpg,prunus_sargentii
dataset/images/lab/Auto_cropped/quercus_muehlenbergii/wb1529-08-4.jpg,quercus_muehlenbergii
dataset/images/lab/Auto_cropped/acer_negundo/pi2026-06-2.jpg,acer_negundo
dataset/images/field/ostrya_virginiana/13001985586029.jpg,ostrya_virginiana
dataset/images/lab/Auto_cropped/cercis_canadensis/pi2492-10-3.jpg,cercis_canadensis
dataset/images/lab/Auto_cropped/cryptomeria_japonica/ny1055-04-2.jpg,cryptomeria_japonica
dataset/images/lab/Auto_cropped/ulmus_rubra/wb1218-07-2.jpg,ulmus_rubra
dataset/images/lab/Auto_cropped/acer_negundo/pi2025-09-3.jpg,acer_negundo
dataset/images/lab/Auto_cropped/maclura_pomifera/pi2235-12-1.jpg,maclura_pomifera
dataset/images/lab/Auto_cropped/prunus_sargentii/ny1094-10-3.jpg,prunus_sargentii
dataset/images/field/ptelea_trifoliata/13292213862109.jpg,ptelea_trifoliata
dataset/images/lab/Auto_cropped/acer_rubrum/pi2610-04-3.jpg,acer_rubrum
dataset/images/lab/Auto_cropped/ulmus_americana/pi2487-05-4.jpg,ulmus_americana
dataset/images/field/aesculus_pavi/13291655553185.jpg,aesculus_pavi
dataset/images/lab/Auto_cropped/prunus_sargentii/ny1094-07-4.jpg,prunus_sargentii
dataset/images/lab/Auto_cropped/maclura_pomifera/pi2775-07-3.jpg,maclura_pomifera
dataset/images/field/cryptomeria_japonica/13001326977407.jpg,cryptomeria_japonica
dataset/images/lab/Auto_cropped/ulmus_rubra/pi2613-04-3.jpg,ulmus_rubra
dataset/images/field/cryptomeria_japonica/13001326971415.jpg,cryptomeria_japonica
dataset/images/lab/Auto_cropped/acer_negundo/pi2026-06-4.jpg,acer_negundo
dataset/images/lab/Auto_cropped/acer_rubrum/pi2608-06-3.jpg,acer_rubrum
dataset/images/lab/Auto_cropped/liriodendron_tulipifera/pi2248-05-4.jpg,liriodendron_tulipifera
dataset/images/field/cryptomeria_japonica/13001326977638.jpg,cryptomeria_japonica
dataset/images/lab/Auto_cropped/prunus_sargentii/ny1095-08-2.jpg,prunus_sargentii
dataset/images/lab/Auto_cropped/liriodendron_tulipifera/pi2248-09-2.jpg,liriodendron_tulipifera
dataset/images/field/ilex_opaca/1259045059_0007.jpg,ilex_opaca
dataset/images/lab/Auto_cropped/diospyros_virginiana/pi2198-07-4.jpg,diospyros_virginiana
dataset/images/lab/Auto_cropped/prunus_virginiana/wb1321-03-2.jpg,prunus_virginiana
dataset/images/field/aesculus_pavi/13291655552212.jpg,aesculus_pavi
dataset/images/field/catalpa_bignonioides/13001269157611.jpg,catalpa_bignonioides
dataset/images/field/ulmus_pumila/13291724500056.jpg,ulmus_pumila
dataset/images/field/fraxinus_nigra/13291804057391.jpg,fraxinus_nigra
dataset/images/field/styrax_japonica/13002208603869.jpg,styrax_japonica
dataset/images/lab/Auto_cropped/diospyros_virginiana/pi2200-04-1.jpg,diospyros_virginiana
dataset/images/lab/Auto_cropped/quercus_muehlenbergii/wb1529-08-2.jpg,quercus_muehlenbergii
dataset/images/lab/Auto_cropped/ilex_opaca/pi1021-01-2.jpg,ilex_opaca
dataset/images/lab/Auto_cropped/ulmus_rubra/wb1219-04-2.jpg,ulmus_rubra
dataset/images/lab/Auto_cropped/broussonettia_papyrifera/wb1388-03-4.jpg,broussonettia_papyrifera
dataset/images/lab/Auto_cropped/styrax_japonica/ny1003-01-2.jpg,styrax_japonica
dataset/images/field/aesculus_pavi/13291655550949.jpg,aesculus_pavi
dataset/images/lab/Auto_cropped/broussonettia_papyrifera/wb1390-02-3.jpg,broussonettia_papyrifera
dataset/images/lab/Auto_cropped/ptelea_trifoliata/pi0005-06-3.jpg,ptelea_trifoliata
dataset/images/lab/Auto_cropped/ilex_opaca/pi0056-01-1.jpg,ilex_opaca
dataset/images/lab/Auto_cropped/juglans_cinerea/wb1488-03-1.jpg,juglans_cinerea
dataset/images/lab/Auto_cropped/prunus_virginiana/wb1321-09-4.jpg,prunus_virginiana
dataset/images/lab/Auto_cropped/acer_negundo/pi2027-02-2.jpg,acer_negundo
dataset/images/lab/Auto_cropped/ostrya_virginiana/pi2461-03-2.jpg,ostrya_virginiana
dataset/images/lab/Auto_cropped/ptelea_trifoliata/pi0004-09-4.jpg,ptelea_trifoliata
dataset/images/field/chionanthus_virginicus/13001305192388.jpg,chionanthus_virginicus
dataset/images/lab/Auto_cropped/liriodendron_tulipifera/pi2247-08-2.jpg,liriodendron_tulipifera
dataset/images/field/cercis_canadensis/12991999307294.jpg,cercis_canadensis
dataset/images/lab/Auto_cropped/ostrya_virginiana/pi1052-05-3.jpg,ostrya_virginiana
dataset/images/field/prunus_virginiana/13010820791066.jpg,prunus_virginiana
dataset/images/lab/Auto_cropped/styrax_japonica/ny1001-03-4.jpg,styrax_japonica
dataset/images/lab/Auto_cropped/ilex_opaca/pi1021-06-4.jpg,ilex_opaca
dataset/images/lab/Auto_cropped/prunus_sargentii/ny1095-04-3.jpg,prunus_sargentii
dataset/images/lab/Auto_cropped/acer_negundo/pi2028-06-3.jpg,acer_negundo
dataset/images/field/asimina_triloba/13001240199874.jpg,asimina_triloba
dataset/images/lab/Auto_cropped/acer_negundo/pi2026-06-3.jpg,acer_negundo
dataset/images/lab/Auto_cropped/chionanthus_virginicus/pi2216-11-1.jpg,chionanthus_virginicus
dataset/images/lab/Auto_cropped/abies_concolor/ny1157-16-3.jpg,abies_concolor
dataset/images/lab/Auto_cropped/quercus_muehlenbergii/wb1529-05-4.jpg,quercus_muehlenbergii
dataset/images/lab/Auto_cropped/acer_palmatum/wb1127-01-3.jpg,acer_palmatum
dataset/images/lab/Auto_cropped/maclura_pomifera/pi2235-03-2.jpg,maclura_pomifera
dataset/images/lab/Auto_cropped/prunus_sargentii/ny1095-01-2.jpg,prunus_sargentii
dataset/images/lab/Auto_cropped/broussonettia_papyrifera/ny1122-08-4.jpg,broussonettia_papyrifera
dataset/images/field/prunus_sargentii/13292214152372.jpg,prunus_sargentii
dataset/images/lab/Auto_cropped/ulmus_rubra/pi2614-04-3.jpg,ulmus_rubra
dataset/images/field/acer_palmatum/13001152964490.jpg,acer_palmatum
dataset/images/lab/Auto_cropped/ulmus_pumila/ny1049-04-1.jpg,ulmus_pumila
dataset/images/lab/Auto_cropped/acer_negundo/pi2027-05-2.jpg,acer_negundo
dataset/images/field/styrax_japonica/13002208609461.jpg,styrax_japonica
dataset/images/lab/Auto_cropped/ptelea_trifoliata/pi0007-07-2.jpg,ptelea_trifoliata
dataset/images/lab/Auto_cropped/ulmus_americana/pi2487-03-1.jpg,ulmus_americana
dataset/images/field/ptelea_trifoliata/13292213863684.jpg,ptelea_trifoliata
dataset/images/lab/Auto_cropped/catalpa_bignonioides/pi2783-08-4.jpg,catalpa_bignonioides
dataset/images/lab/Auto_cropped/quercus_montana/pi0040-07-4.jpg,quercus_montana
dataset/images/lab/Auto_cropped/cryptomeria_japonica/ny1054-01-1.jpg,cryptomeria_japonica
dataset/images/lab/Auto_cropped/ostrya_virginiana/pi2461-10-2.jpg,ostrya_virginiana
dataset/images/lab/Auto_cropped/chionanthus_virginicus/pi0034-09-3.jpg,chionanthus_virginicus
dataset/images/lab/Auto_cropped/fraxinus_nigra/ny1053-14-4.jpg,fraxinus_nigra
dataset/images/lab/Auto_cropped/acer_palmatum/wb1129-01-3.jpg,acer_palmatum
dataset/images/lab/Auto_cropped/prunus_virginiana/wb1319-02-1.jpg,prunus_virginiana
dataset/images/lab/Auto_cropped/cercis_canadensis/pi0001-01-4.jpg,cercis_canadensis
dataset/images/lab/Auto_cropped/acer_palmatum/wb1129-02-3.jpg,acer_palmatum
dataset/images/lab/Auto_cropped/ulmus_americana/pi2487-04-3.jpg,ulmus_americana
dataset/images/lab/Auto_cropped/prunus_sargentii/ny1094-08-1.jpg,prunus_sargentii
dataset/images/lab/Auto_cropped/catalpa_bignonioides/pi2718-04-1.jpg,catalpa_bignonioides
dataset/images/field/juglans_cinerea/13292191160419.jpg,juglans_cinerea
dataset/images/lab/Auto_cropped/chionanthus_virginicus/pi2214-05-2.jpg,chionanthus_virginicus
dataset/images/lab/Auto_cropped/ilex_opaca/pi1021-01-1.jpg,ilex_opaca
dataset/images/lab/Auto_cropped/quercus_muehlenbergii/wb1531-02-1.jpg,quercus_muehlenbergii
dataset/images/lab/Auto_cropped/prunus_sargentii/ny1095-12-2.jpg,prunus_sargentii
dataset/images/lab/Auto_cropped/ulmus_rubra/wb1217-10-2.jpg,ulmus_rubra
dataset/images/lab/Auto_cropped/chionanthus_virginicus/pi2216-08-2.jpg,chionanthus_virginicus
dataset/images/lab/Auto_cropped/ilex_opaca/pi1021-02-4.jpg,ilex_opaca
dataset/images/lab/Auto_cropped/cryptomeria_japonica/ny1054-08-4.jpg,cryptomeria_japonica
dataset/images/lab/Auto_cropped/acer_palmatum/wb1129-04-2.jpg,acer_palmatum
dataset/images/field/diospyros_virginiana/12991999900032.jpg,diospyros_virginiana
dataset/images/lab/Auto_cropped/asimina_triloba/pi2181-10-4.jpg,asimina_triloba
dataset/images/field/quercus_montana/13292231175973.jpg,quercus_montana
dataset/images/lab/Auto_cropped/diospyros_virginiana/pi2201-03-4.jpg,diospyros_virginiana
dataset/images/lab/Auto_cropped/acer_rubrum/pi2773-07-4.jpg,acer_rubrum
dataset/images/field/liriodendron_tulipifera/12992002379910.jpg,liriodendron_tulipifera
dataset/images/lab/Auto_cropped/acer_rubrum/pi2608-01-4.jpg,acer_rubrum
dataset/images/lab/Auto_cropped/ulmus_americana/pi2487-02-2.jpg,ulmus_americana
dataset/images/lab/Auto_cropped/ulmus_rubra/wb1219-03-4.jpg,ulmus_rubra
dataset/images/lab/Auto_cropped/diospyros_virginiana/pi2199-06-2.jpg,diospyros_virginiana
dataset/images/lab/Auto_cropped/asimina_triloba/pi2179-02-4.jpg,asimina_triloba
dataset/images/lab/Auto_cropped/ilex_opaca/pi0056-01-2.jpg,ilex_opaca
dataset/images/lab/Auto_cropped/broussonettia_papyrifera/wb1388-02-2.jpg,broussonettia_papyrifera
dataset/images/field/cercis_canadensis/12991999103812.jpg,cercis_canadensis
dataset/images/lab/Auto_cropped/asimina_triloba/pi2177-09-2.jpg,asimina_triloba
dataset/images/field/catalpa_bignonioides/13001269158812.jpg,catalpa_bignonioides
dataset/images/lab/Auto_cropped/juglans_cinerea/wb1487-10-4.jpg,juglans_cinerea
dataset/images/field/juglans_cinerea/13292191168536.jpg,juglans_cinerea
dataset/images/lab/Auto_cropped/ilex_opaca/pi2490-04-4.jpg,ilex_opaca
dataset/images/lab/Auto_cropped/prunus_virginiana/wb1321-02-4.jpg,prunus_virginiana
dataset/images/lab/Auto_cropped/maclura_pomifera/pi2775-08-4.jpg,maclura_pomifera
dataset/images/field/prunus_virginiana/13002169497118.jpg,prunus_virginiana
dataset/images/field/acer_palmatum/13001152966835.jpg,acer_palmatum
dataset/images/lab/Auto_cropped/ptelea_trifoliata/pi0019-02-3.jpg,ptelea_trifoliata
dataset/images/field/styrax_japonica/13002208608697.jpg,styrax_japonica
dataset/images/lab/Auto_cropped/styrax_japonica/ny1002-04-4.jpg,styrax_japonica
dataset/images/lab/Auto_cropped/diospyros_virginiana/pi0196-08-4.jpg,diospyros_virginiana
dataset/images/lab/Auto_cropped/ostrya_virginiana/pi2195-03-3.jpg,ostrya_virginiana
dataset/images/lab/Auto_cropped/cercis_canadensis/pi0001-11-4.jpg,cercis_canadensis
dataset/images/lab/Auto_cropped/styrax_japonica/ny1001-08-1.jpg,styrax_japonica
dataset/images/lab/Auto_cropped/ostrya_virginiana/pi2461-08-4.jpg,ostrya_virginiana
dataset/images/lab/Auto_cropped/chionanthus_virginicus/pi2216-08-1.jpg,chionanthus_virginicus
dataset/images/lab/Auto_cropped/carya_cordiformis/pi0139-03-1.jpg,carya_cordiformis
dataset/images/lab/Auto_cropped/prunus_virginiana/wb1321-05-3.jpg,prunus_virginiana
dataset/images/lab/Auto_cropped/acer_rubrum/pi2611-01-2.jpg,acer_rubrum
dataset/images/lab/Auto_cropped/ilex_opaca/pi0056-01-4.jpg,ilex_opaca
dataset/images/lab/Auto_cropped/ilex_opaca/pi1021-06-2.jpg,ilex_opaca
dataset/images/lab/Auto_cropped/catalpa_bignonioides/pi2788-02-1.jpg,catalpa_bignonioides
dataset/images/lab/Auto_cropped/juglans_cinerea/wb1487-07-3.jpg,juglans_cinerea
dataset/images/lab/Auto_cropped/ptelea_trifoliata/pi0004-03-2.jpg,ptelea_trifoliata
dataset/images/lab/Auto_cropped/cryptomeria_japonica/ny1055-05-2.jpg,cryptomeria_japonica
dataset/images/lab/Auto_cropped/chionanthus_virginicus/pi2215-03-2.jpg,chionanthus_virginicus
dataset/images/lab/Auto_cropped/catalpa_bignonioides/pi2718-02-2.jpg,catalpa_bignonioides
dataset/images/field/prunus_virginiana/13002169493527.jpg,prunus_virginiana
dataset/images/lab/Auto_cropped/acer_rubrum/pi2773-05-1.jpg,acer_rubrum
dataset/images/lab/Auto_cropped/aesculus_pavi/ny1020-02-1.jpg,aesculus_pavi
dataset/images/lab/Auto_cropped/ulmus_americana/pi2487-02-1.jpg,ulmus_americana
dataset/images/lab/Auto_cropped/aesculus_pavi/ny1021-01-4.jpg,aesculus_pavi
dataset/images/field/acer_palmatum/13001152967047.jpg,acer_palmatum
dataset/images/lab/Auto_cropped/gleditsia_triacanthos/pi2769-06-3.jpg,gleditsia_triacanthos
dataset/images/lab/Auto_cropped/juglans_cinerea/wb1489-07-4.jpg,juglans_cinerea
dataset/images/lab/Auto_cropped/quercus_montana/pi1025-01-2.jpg,quercus_montana
dataset/images/lab/Auto_cropped/broussonettia_papyrifera/ny1122-02-2.jpg,broussonettia_papyrifera
dataset/images/field/fraxinus_nigra/13291804058687.jpg,fraxinus_nigra
dataset/images/lab/Auto_cropped/acer_negundo/pi2028-04-2.jpg,acer_negundo
dataset/images/lab/Auto_cropped/acer_rubrum/pi2611-06-4.jpg,acer_rubrum
dataset/images/lab/Auto_cropped/ulmus_rubra/pi2615-09-4.jpg,ulmus_rubra
dataset/images/lab/Auto_cropped/maclura_pomifera/pi2719-08-4.jpg,maclura_pomifera
dataset/images/lab/Auto_cropped/acer_rubrum/pi2609-02-1.jpg,acer_rubrum
dataset/images/lab/Auto_cropped/carya_cordiformis/pi0053-03-1.jpg,carya_cordiformis
dataset/images/lab/Auto_cropped/aesculus_pavi/ny1019-03-2.jpg,aesculus_pavi
dataset/images/lab/Auto_cropped/ptelea_trifoliata/pi0005-04-2.jpg,ptelea_trifoliata
dataset/images/lab/Auto_cropped/quercus_montana/pi0040-09-2.jpg,quercus_montana
dataset/images/lab/Auto_cropped/asimina_triloba/pi2177-03-4.jpg,asimina_triloba
dataset/images/lab/Auto_cropped/juglans_cinerea/wb1489-10-1.jpg,juglans_cinerea
dataset/images/lab/Auto_cropped/gleditsia_triacanthos/pi2767-05-2.jpg,gleditsia_triacanthos
dataset/images/lab/Auto_cropped/broussonettia_papyrifera/wb1389-06-3.jpg,broussonettia_papyrifera
dataset/images/lab/Auto_cropped/chionanthus_virginicus/pi2216-05-1.jpg,chionanthus_virginicus
dataset/images/lab/Auto_cropped/cercis_canadensis/pi0015-06-1.jpg,cercis_canadensis
dataset/images/lab/Auto_cropped/staphylea_trifolia/pi2196-03-2.jpg,staphylea_trifolia
dataset/images/field/cryptomeria_japonica/13001326970855.jpg,cryptomeria_japonica
dataset/images/field/acer_rubrum/13001155900305.jpg,acer_rubrum
dataset/images/lab/Auto_cropped/liriodendron_tulipifera/pi2247-05-1.jpg,liriodendron_tulipifera
dataset/images/lab/Auto_cropped/prunus_sargentii/ny1094-10-1.jpg,prunus_sargentii
dataset/images/lab/Auto_cropped/diospyros_virginiana/pi2198-09-2.jpg,diospyros_virginiana
dataset/images/lab/Auto_cropped/ilex_opaca/pi0219-08-1.jpg,ilex_opaca
dataset/images/field/broussonettia_papyrifera/13001252078315.jpg,broussonettia_papyrifera
dataset/images/lab/Auto_cropped/ptelea_trifoliata/pi0006-04-4.jpg,ptelea_trifoliata
dataset/images/lab/Auto_cropped/prunus_sargentii/ny1094-12-2.jpg,prunus_sargentii
dataset/images/lab/Auto_cropped/asimina_triloba/pi2178-02-2.jpg,asimina_triloba
dataset/images/field/prunus_virginiana/13010820796390.jpg,prunus_virginiana
dataset/images/field/staphylea_trifolia/13291710348973.jpg,staphylea_trifolia
dataset/images/field/ptelea_trifoliata/13292213869096.jpg,ptelea_trifoliata
dataset/images/lab/Auto_cropped/gleditsia_triacanthos/pi2767-01-4.jpg,gleditsia_triacanthos
dataset/images/field/fraxinus_nigra/13291804057337.jpg,fraxinus_nigra
dataset/images/lab/Auto_cropped/quercus_montana/pi0036-05-1.jpg,quercus_montana
dataset/images/lab/Auto_cropped/asimina_triloba/pi2179-08-2.jpg,asimina_triloba
dataset/images/lab/Auto_cropped/ptelea_trifoliata/pi0007-02-4.jpg,ptelea_trifoliata
dataset/images/lab/Auto_cropped/quercus_muehlenbergii/wb1530-03-2.jpg,quercus_muehlenbergii
dataset/images/lab/Auto_cropped/chionanthus_virginicus/pi2216-02-4.jpg,chionanthus_virginicus
dataset/images/lab/Auto_cropped/ptelea_trifoliata/pi0006-05-4.jpg,ptelea_trifoliata
dataset/images/lab/Auto_cropped/diospyros_virginiana/pi2201-03-2.jpg,diospyros_virginiana
dataset/images/lab/Auto_cropped/chionanthus_virginicus/pi2217-08-3.jpg,chionanthus_virginicus
dataset/images/lab/Auto_cropped/quercus_montana/pi0040-08-1.jpg,quercus_montana
dataset/images/lab/Auto_cropped/chionanthus_virginicus/pi2214-05-1.jpg,chionanthus_virginicus
dataset/images/lab/Auto_cropped/liriodendron_tulipifera/pi0068-04-4.jpg,liriodendron_tulipifera
dataset/images/lab/Auto_cropped/acer_rubrum/pi2609-08-4.jpg,acer_rubrum
dataset/images/lab/Auto_cropped/quercus_montana/pi0040-07-2.jpg,quercus_montana
dataset/images/lab/Auto_cropped/chionanthus_virginicus/pi2215-03-1.jpg,chionanthus_virginicus
dataset/images/lab/Auto_cropped/staphylea_trifolia/pi2196-02-2.jpg,staphylea_trifolia
dataset/images/lab/Auto_cropped/acer_negundo/pi2028-09-1.jpg,acer_negundo
dataset/images/lab/Auto_cropped/ilex_opaca/pi2630-06-3.jpg,ilex_opaca
dataset/images/lab/Auto_cropped/gleditsia_triacanthos/pi2768-04-3.jpg,gleditsia_triacanthos
dataset/images/lab/Auto_cropped/maclura_pomifera/pi2774-08-2.jpg,maclura_pomifera
dataset/images/lab/Auto_cropped/ptelea_trifoliata/pi0019-10-2.jpg,ptelea_trifoliata
dataset/images/lab/Auto_cropped/fraxinus_nigra/ny1053-11-1.jpg,fraxinus_nigra
dataset/images/lab/Auto_cropped/ulmus_rubra/wb1218-04-2.jpg,ulmus_rubra
dataset/images/lab/Auto_cropped/ulmus_americana/pi2487-01-1.jpg,ulmus_americana
dataset/images/field/asimina_triloba/13001240191008.jpg,asimina_triloba
dataset/images/lab/Auto_cropped/prunus_virginiana/wb1319-10-2.jpg,prunus_virginiana
dataset/images/field/fraxinus_nigra/13291804052508.jpg,fraxinus_nigra
dataset/images/lab/Auto_cropped/ulmus_pumila/ny1048-10-3.jpg,ulmus_pumila
dataset/images/field/asimina_triloba/13001240196654.jpg,asimina_triloba
dataset/images/field/broussonettia_papyrifera/13001252072996.jpg,broussonettia_papyrifera
dataset/images/field/carya_cordiformis/13001257142704.jpg,carya_cordiformis
dataset/images/lab/Auto_cropped/acer_rubrum/pi2610-03-2.jpg,acer_rubrum
dataset/images/field/liriodendron_tulipifera/12992002316291.jpg,liriodendron_tulipifera
dataset/images/lab/Auto_cropped/liriodendron_tulipifera/pi2249-09-1.jpg,liriodendron_tulipifera
dataset/images/lab/Auto_cropped/liriodendron_tulipifera/pi2247-08-4.jpg,liriodendron_tulipifera
dataset/images/lab/Auto_cropped/diospyros_virginiana/pi2199-05-4.jpg,diospyros_virginiana
dataset/images/lab/Auto_cropped/maclura_pomifera/pi2235-01-1.jpg,maclura_pomifera
dataset/images/lab/Auto_cropped/staphylea_trifolia/pi2463-03-1.jpg,staphylea_trifolia
dataset/images/lab/Auto_cropped/abies_concolor/ny1179-04-3.jpg,abies_concolor
dataset/images/lab/Auto_cropped/ostrya_virginiana/pi2461-09-3.jpg,ostrya_virginiana
dataset/images/lab/Auto_cropped/broussonettia_papyrifera/ny1122-07-4.jpg,broussonettia_papyrifera
dataset/images/lab/Auto_cropped/ilex_opaca/pi0219-02-3.jpg,ilex_opaca
dataset/images/lab/Auto_cropped/staphylea_trifolia/pi0238-05-2.jpg,staphylea_trifolia
dataset/images/lab/Auto_cropped/acer_rubrum/pi2608-05-1.jpg,acer_rubrum
dataset/images/lab/Auto_cropped/ptelea_trifoliata/pi0004-01-2.jpg,ptelea_trifoliata
dataset/images/lab/Auto_cropped/maclura_pomifera/pi2775-06-3.jpg,maclura_pomifera
dataset/images/lab/Auto_cropped/abies_concolor/ny1157-25-2.jpg,abies_concolor
dataset/images/field/styrax_japonica/13002208605919.jpg,styrax_japonica
dataset/images/lab/Auto_cropped/ptelea_trifoliata/pi0019-10-1.jpg,ptelea_trifoliata
dataset/images/field/diospyros_virginiana/12992000059860.jpg,diospyros_virginiana
dataset/images/lab/Auto_cropped/fraxinus_nigra/ny1053-28-2.jpg,fraxinus_nigra
dataset/images/lab/Auto_cropped/ulmus_pumila/ny1048-01-3.jpg,ulmus_pumila
dataset/images/lab/Auto_cropped/quercus_muehlenbergii/wb1529-10-4.jpg,quercus_muehlenbergii
dataset/images/field/juglans_cinerea/13292191168449.jpg,juglans_cinerea
dataset/images/lab/Auto_cropped/abies_concolor/ny1157-04-4.jpg,abies_concolor
dataset/images/lab/Auto_cropped/prunus_virginiana/wb1321-07-3.jpg,prunus_virginiana
dataset/images/lab/Auto_cropped/gleditsia_triacanthos/pi2768-03-1.jpg,gleditsia_triacanthos
dataset/images/lab/Auto_cropped/maclura_pomifera/pi2235-12-2.jpg,maclura_pomifera
dataset/images/lab/Auto_cropped/ulmus_americana/pi2488-09-1.jpg,ulmus_americana
dataset/images/field/abies_concolor/12995309745356.jpg,abies_concolor
dataset/images/field/cryptomeria_japonica/13001326978663.jpg,cryptomeria_japonica
dataset/images/lab/Auto_cropped/ulmus_americana/pi2486-09-2.jpg,ulmus_americana
dataset/images/field/ulmus_rubra/13002228281697.jpg,ulmus_rubra
dataset/images/lab/Auto_cropped/prunus_sargentii/ny1094-13-1.jpg,prunus_sargentii
dataset/images/lab/Auto_cropped/juglans_cinerea/wb1489-10-2.jpg,juglans_cinerea
dataset/images/lab/Auto_cropped/juglans_cinerea/wb1489-09-4.jpg,juglans_cinerea
dataset/images/field/catalpa_bignonioides/13001269157637.jpg,catalpa_bignonioides
dataset/images/lab/Auto_cropped/staphylea_trifolia/pi2196-09-3.jpg,staphylea_trifolia
dataset/images/lab/Auto_cropped/ostrya_virginiana/pi2462-02-2.jpg,ostrya_virginiana
dataset/images/lab/Auto_cropped/ulmus_rubra/pi2534-07-4.jpg,ulmus_rubra
dataset/images/lab/Auto_cropped/juglans_cinerea/wb1489-10-3.jpg,juglans_cinerea
dataset/images/lab/Auto_cropped/abies_concolor/ny1179-09-2.jpg,abies_concolor
dataset/images/lab/Auto_cropped/acer_negundo/pi2025-08-1.jpg,acer_negundo
dataset/images/lab/Auto_cropped/staphylea_trifolia/pi2197-06-1.jpg,staphylea_trifolia
dataset/images/field/ilex_opaca/1248105728_0003.jpg,ilex_opaca
dataset/images/lab/Auto_cropped/carya_cordiformis/pi0055-09-4.jpg,carya_cordiformis
dataset/images/lab/Auto_cropped/diospyros_virginiana/pi2200-07-1.jpg,diospyros_virginiana
dataset/images/lab/Auto_cropped/ulmus_americana/pi2489-08-3.jpg,ulmus_americana
dataset/images/field/juglans_cinerea/13292191168733.jpg,juglans_cinerea
dataset/images/lab/Auto_cropped/staphylea_trifolia/pi2463-01-1.jpg,staphylea_trifolia
dataset/images/lab/Auto_cropped/acer_rubrum/pi2773-06-2.jpg,acer_rubrum
dataset/images/field/prunus_virginiana/13002166692958.jpg,prunus_virginiana
dataset/images/field/prunus_virginiana/13002166693749.jpg,prunus_virginiana
dataset/images/lab/Auto_cropped/ulmus_rubra/pi2613-03-2.jpg,ulmus_rubra
dataset/images/field/acer_negundo/13001151162037.jpg,acer_negundo
dataset/images/field/cryptomeria_japonica/13001326979444.jpg,cryptomeria_japonica
dataset/images/lab/Auto_cropped/liriodendron_tulipifera/pi0068-04-2.jpg,liriodendron_tulipifera
dataset/images/field/styrax_japonica/13002208606295.jpg,styrax_japonica
dataset/images/lab/Auto_cropped/ptelea_trifoliata/pi0006-03-4.jpg,ptelea_trifoliata
dataset/images/field/ulmus_pumila/1258770451_0001.jpg,ulmus_pumila
dataset/images/field/juglans_cinerea/13292191160814.jpg,juglans_cinerea
dataset/images/lab/Auto_cropped/ilex_opaca/pi1021-05-2.jpg,ilex_opaca
dataset/images/field/acer_palmatum/13001152963212.jpg,acer_palmatum
dataset/images/lab/Auto_cropped/acer_rubrum/pi2608-08-4.jpg,acer_rubrum
dataset/images/lab/Auto_cropped/chionanthus_virginicus/pi2215-04-4.jpg,chionanthus_virginicus
dataset/images/lab/Auto_cropped/juglans_cinerea/wb1488-10-4.jpg,juglans_cinerea
dataset/images/lab/Auto_cropped/carya_cordiformis/pi0053-03-3.jpg,carya_cordiformis
dataset/images/field/diospyros_virginiana/12992000014268.jpg,diospyros_virginiana
dataset/images/lab/Auto_cropped/ulmus_rubra/pi2613-01-1.jpg,ulmus_rubra
dataset/images/lab/Auto_cropped/maclura_pomifera/pi2776-03-4.jpg,maclura_pomifera
dataset/images/lab/Auto_cropped/cercis_canadensis/pi2492-10-1.jpg,cercis_canadensis
dataset/images/lab/Auto_cropped/chionanthus_virginicus/pi0034-01-3.jpg,chionanthus_virginicus
dataset/images/lab/Auto_cropped/ulmus_rubra/wb1217-01-2.jpg,ulmus_rubra
dataset/images/lab/Auto_cropped/abies_concolor/ny1157-30-3.jpg,abies_concolor
dataset/images/lab/Auto_cropped/ulmus_rubra/wb1219-09-3.jpg,ulmus_rubra
dataset/images/lab/Auto_cropped/acer_rubrum/pi2610-09-3.jpg,acer_rubrum
dataset/images/field/prunus_virginiana/13002169490331.jpg,prunus_virginiana
dataset/images/lab/Auto_cropped/gleditsia_triacanthos/pi2768-01-4.jpg,gleditsia_triacanthos
dataset/images/lab/Auto_cropped/prunus_virginiana/wb1321-08-2.jpg,prunus_virginiana
dataset/images/lab/Auto_cropped/fraxinus_nigra/ny1053-27-4.jpg,fraxinus_nigra
dataset/images/lab/Auto_cropped/catalpa_bignonioides/pi2788-09-4.jpg,catalpa_bignonioides
dataset/images/field/ulmus_pumila/13291724508383.jpg,ulmus_pumila
dataset/images/lab/Auto_cropped/cercis_canadensis/pi0015-05-1.jpg,cercis_canadensis
dataset/images/lab/Auto_cropped/diospyros_virginiana/pi0196-03-3.jpg,diospyros_virginiana
dataset/images/field/carya_cordiformis/13001257147354.jpg,carya_cordiformis
dataset/images/lab/Auto_cropped/juglans_cinerea/wb1489-02-1.jpg,juglans_cinerea
dataset/images/lab/Auto_cropped/acer_rubrum/pi2773-08-3.jpg,acer_rubrum
dataset/images/field/broussonettia_papyrifera/13001252073840.jpg,broussonettia_papyrifera
dataset/images/lab/Auto_cropped/styrax_japonica/ny1001-04-1.jpg,styrax_japonica
dataset/images/lab/Auto_cropped/ulmus_americana/pi2488-10-2.jpg,ulmus_americana
dataset/images/lab/Auto_cropped/quercus_montana/pi0037-03-3.jpg,quercus_montana
dataset/images/lab/Auto_cropped/ulmus_pumila/ny1049-04-4.jpg,ulmus_pumila
dataset/images/field/ptelea_trifoliata/13292213860066.jpg,ptelea_trifoliata
dataset/images/field/acer_rubrum/13001155905681.jpg,acer_rubrum
dataset/images/field/styrax_japonica/13002208601765.jpg,styrax_japonica
dataset/images/lab/Auto_cropped/ulmus_rubra/pi2613-10-4.jpg,ulmus_rubra
dataset/images/field/maclura_pomifera/1248106412_0002.jpg,maclura_pomifera
dataset/images/lab/Auto_cropped/ostrya_virginiana/pi1052-01-3.jpg,ostrya_virginiana
dataset/images/lab/Auto_cropped/catalpa_bignonioides/pi2783-04-4.jpg,catalpa_bignonioides
dataset/images/lab/Auto_cropped/juglans_cinerea/wb1489-08-2.jpg,juglans_cinerea
dataset/images/lab/Auto_cropped/acer_rubrum/pi2608-05-2.jpg,acer_rubrum
dataset/images/lab/Auto_cropped/diospyros_virginiana/pi2198-08-2.jpg,diospyros_virginiana
dataset/images/lab/Auto_cropped/fraxinus_nigra/ny1053-17-3.jpg,fraxinus_nigra
dataset/images/lab/Auto_cropped/styrax_japonica/ny1002-03-4.jpg,styrax_japonica
dataset/images/field/styrax_japonica/13002208603683.jpg,styrax_japonica
dataset/images/lab/Auto_cropped/juglans_cinerea/wb1487-03-2.jpg,juglans_cinerea
dataset/images/lab/Auto_cropped/broussonettia_papyrifera/wb1388-06-4.jpg,broussonettia_papyrifera
dataset/images/lab/Auto_cropped/gleditsia_triacanthos/pi2767-06-4.jpg,gleditsia_triacanthos
dataset/images/lab/Auto_cropped/chionanthus_virginicus/pi2216-10-2.jpg,chionanthus_virginicus
dataset/images/field/maclura_pomifera/1258480798_0000.jpg,maclura_pomifera
dataset/images/lab/Auto_cropped/ulmus_rubra/pi2613-10-1.jpg,ulmus_rubra
dataset/images/lab/Auto_cropped/ulmus_rubra/wb1217-04-3.jpg,ulmus_rubra
dataset/images/lab/Auto_cropped/catalpa_bignonioides/pi2788-07-3.jpg,catalpa_bignonioides
dataset/images/lab/Auto_cropped/cercis_canadensis/pi0001-07-1.jpg,cercis_canadensis
dataset/images/lab/Auto_cropped/abies_concolor/ny1157-01-2.jpg,abies_concolor
dataset/images/lab/Auto_cropped/gleditsia_triacanthos/pi2769-02-2.jpg,gleditsia_triacanthos
dataset/images/lab/Auto_cropped/abies_concolor/ny1157-03-3.jpg,abies_concolor
dataset/images/lab/Auto_cropped/ilex_opaca/pi2630-02-4.jpg,ilex_opaca
dataset/images/field/cercis_canadensis/12991999167027.jpg,cercis_canadensis
dataset/images/lab/Auto_cropped/ptelea_trifoliata/pi0007-02-1.jpg,ptelea_trifoliata
dataset/images/lab/Auto_cropped/cercis_canadensis/pi0015-01-4.jpg,cercis_canadensis
dataset/images/lab/Auto_cropped/ulmus_rubra/wb1217-09-2.jpg,ulmus_rubra
dataset/images/lab/Auto_cropped/ulmus_pumila/ny1050-01-3.jpg,ulmus_pumila
dataset/images/lab/Auto_cropped/broussonettia_papyrifera/wb1390-07-1.jpg,broussonettia_papyrifera
dataset/images/lab/Auto_cropped/abies_concolor/ny1178-04-4.jpg,abies_concolor
dataset/images/lab/Auto_cropped/carya_cordiformis/pi1068-01-2.jpg,carya_cordiformis
dataset/images/lab/Auto_cropped/maclura_pomifera/pi2776-07-3.jpg,maclura_pomifera
dataset/images/lab/Auto_cropped/ulmus_rubra/wb1218-03-1.jpg,ulmus_rubra
dataset/images/lab/Auto_cropped/maclura_pomifera/pi2774-06-3.jpg,maclura_pomifera
dataset/images/field/ulmus_rubra/13002228286681.jpg,ulmus_rubra
dataset/images/field/prunus_virginiana/13002166697344.jpg,prunus_virginiana
dataset/images/lab/Auto_cropped/aesculus_pavi/ny1019-11-3.jpg,aesculus_pavi
dataset/images/field/chionanthus_virginicus/13001305191249.jpg,chionanthus_virginicus
dataset/images/lab/Auto_cropped/maclura_pomifera/pi2235-03-1.jpg,maclura_pomifera
dataset/images/field/ilex_opaca/1259044643_0038.jpg,ilex_opaca
dataset/images/lab/Auto_cropped/ostrya_virginiana/pi2462-02-1.jpg,ostrya_virginiana
dataset/images/lab/Auto_cropped/ulmus_americana/pi2489-08-1.jpg,ulmus_americana
dataset/images/lab/Auto_cropped/acer_rubrum/pi2609-02-4.jpg,acer_rubrum
dataset/images/lab/Auto_cropped/broussonettia_papyrifera/ny1124-07-2.jpg,broussonettia_papyrifera
dataset/images/lab/Auto_cropped/abies_concolor/ny1178-09-2.jpg,abies_concolor
dataset/images/lab/Auto_cropped/fraxinus_nigra/ny1053-21-2.jpg,fraxinus_nigra
dataset/images/lab/Auto_cropped/prunus_sargentii/ny1094-14-2.jpg,prunus_sargentii
dataset/images/lab/Auto_cropped/ostrya_virginiana/pi1052-03-3.jpg,ostrya_virginiana
dataset/images/field/gleditsia_triacanthos/12992001141104.jpg,gleditsia_triacanthos
dataset/images/lab/Auto_cropped/carya_cordiformis/pi0054-08-1.jpg,carya_cordiformis
dataset/images/lab/Auto_cropped/ulmus_pumila/ny1049-01-4.jpg,ulmus_pumila
dataset/images/lab/Auto_cropped/chionanthus_virginicus/pi2216-07-2.jpg,chionanthus_virginicus
dataset/images/lab/Auto_cropped/gleditsia_triacanthos/pi2768-01-2.jpg,gleditsia_triacanthos
dataset/images/field/broussonettia_papyrifera/13001252079775.jpg,broussonettia_papyrifera
dataset/images/lab/Auto_cropped/catalpa_bignonioides/pi1080-01-1.jpg,catalpa_bignonioides
dataset/images/field/fraxinus_nigra/13291804058898.jpg,fraxinus_nigra
dataset/images/lab/Auto_cropped/ostrya_virginiana/pi2195-10-4.jpg,ostrya_virginiana
dataset/images/lab/Auto_cropped/acer_rubrum/pi2611-01-3.jpg,acer_rubrum
dataset/images/lab/Auto_cropped/ulmus_rubra/wb1217-10-3.jpg,ulmus_rubra
dataset/images/lab/Auto_cropped/acer_palmatum/wb1127-02-4.jpg,acer_palmatum
dataset/images/lab/Auto_cropped/cercis_canadensis/pi0015-02-2.jpg,cercis_canadensis
dataset/images/field/abies_concolor/12995309748490.jpg,abies_concolor
dataset/images/lab/Auto_cropped/ulmus_americana/pi0020-01-3.jpg,ulmus_americana
dataset/images/lab/Auto_cropped/prunus_virginiana/wb1321-03-3.jpg,prunus_virginiana
dataset/images/lab/Auto_cropped/prunus_virginiana/wb1321-05-1.jpg,prunus_virginiana
dataset/images/lab/Auto_cropped/ulmus_americana/pi2489-08-2.jpg,ulmus_americana
dataset/images/lab/Auto_cropped/ulmus_pumila/ny1048-01-1.jpg,ulmus_pumila
dataset/images/lab/Auto_cropped/juglans_cinerea/wb1488-05-4.jpg,juglans_cinerea
dataset/images/lab/Auto_cropped/acer_negundo/pi2029-08-4.jpg,acer_negundo
dataset/images/lab/Auto_cropped/maclura_pomifera/pi2774-07-3.jpg,maclura_pomifera
dataset/images/lab/Auto_cropped/asimina_triloba/pi2178-07-2.jpg,asimina_triloba
dataset/images/lab/Auto_cropped/ulmus_rubra/wb1218-06-2.jpg,ulmus_rubra
dataset/images/lab/Auto_cropped/prunus_virginiana/wb1320-08-3.jpg,prunus_virginiana
dataset/images/lab/Auto_cropped/ulmus_rubra/wb1218-02-1.jpg,ulmus_rubra
dataset/images/lab/Auto_cropped/aesculus_pavi/ny1019-06-1.jpg,aesculus_pavi
dataset/images/lab/Auto_cropped/acer_palmatum/wb1127-10-4.jpg,acer_palmatum
dataset/images/lab/Auto_cropped/abies_concolor/ny1157-22-3.jpg,abies_concolor
dataset/images/lab/Auto_cropped/ptelea_trifoliata/pi1014-03-1.jpg,ptelea_trifoliata
dataset/images/lab/Auto_cropped/staphylea_trifolia/pi2196-03-1.jpg,staphylea_trifolia
dataset/images/lab/Auto_cropped/styrax_japonica/ny1002-01-1.jpg,styrax_japonica
dataset/images/lab/Auto_cropped/ulmus_pumila/ny1050-06-3.jpg,ulmus_pumila
dataset/images/field/quercus_montana/13292231177384.jpg,quercus_montana
dataset/images/lab/Auto_cropped/catalpa_bignonioides/pi2788-02-2.jpg,catalpa_bignonioides
dataset/images/lab/Auto_cropped/staphylea_trifolia/pi2197-03-2.jpg,staphylea_trifolia
dataset/images/field/acer_rubrum/13001155907090.jpg,acer_rubrum
dataset/images/lab/Auto_cropped/cryptomeria_japonica/ny1054-06-2.jpg,cryptomeria_japonica
dataset/images/lab/Auto_cropped/ulmus_americana/pi2486-11-3.jpg,ulmus_americana
dataset/images/field/cercis_canadensis/12991999223371.jpg,cercis_canadensis
dataset/images/field/fraxinus_nigra/13291804056109.jpg,fraxinus_nigra
dataset/images/field/cercis_canadensis/12991999232724.jpg,cercis_canadensis
dataset/images/lab/Auto_cropped/maclura_pomifera/pi2776-02-1.jpg,maclura_pomifera
dataset/images/lab/Auto_cropped/acer_palmatum/wb1128-02-1.jpg,acer_palmatum
dataset/images/lab/Auto_cropped/ulmus_americana/pi2488-07-1.jpg,ulmus_americana
dataset/images/lab/Auto_cropped/acer_palmatum/wb1127-01-2.jpg,acer_palmatum
dataset/images/lab/Auto_cropped/asimina_triloba/pi2177-09-1.jpg,asimina_triloba
dataset/images/lab/Auto_cropped/carya_cordiformis/pi2337-02-1.jpg,carya_cordiformis
dataset/images/lab/Auto_cropped/acer_rubrum/pi2610-04-4.jpg,acer_rubrum
dataset/images/lab/Auto_cropped/quercus_montana/pi0040-09-4.jpg,quercus_montana
dataset/images/lab/Auto_cropped/ilex_opaca/pi2630-07-3.jpg,ilex_opaca
dataset/images/lab/Auto_cropped/ulmus_rubra/pi2613-04-2.jpg,ulmus_rubra
dataset/images/lab/Auto_cropped/broussonettia_papyrifera/wb1390-04-1.jpg,broussonettia_papyrifera
dataset/images/lab/Auto_cropped/quercus_muehlenbergii/wb1531-09-3.jpg,quercus_muehlenbergii
dataset/images/lab/Auto_cropped/carya_cordiformis/pi2337-06-3.jpg,carya_cordiformis
dataset/images/lab/Auto_cropped/catalpa_bignonioides/pi2784-02-2.jpg,catalpa_bignonioides
dataset/images/lab/Auto_cropped/ptelea_trifoliata/pi0003-07-4.jpg,ptelea_trifoliata
dataset/images/lab/Auto_cropped/acer_negundo/pi2028-04-4.jpg,acer_negundo
dataset/images/field/aesculus_pavi/13291655555048.jpg,aesculus_pavi
dataset/images/field/fraxinus_nigra/13291804057653.jpg,fraxinus_nigra
dataset/images/lab/Auto_cropped/prunus_sargentii/ny1094-06-1.jpg,prunus_sargentii
dataset/images/field/cercis_canadensis/12991999283149.jpg,cercis_canadensis
dataset/images/lab/Auto_cropped/diospyros_virginiana/pi2201-02-2.jpg,diospyros_virginiana
dataset/images/lab/Auto_cropped/catalpa_bignonioides/pi2788-05-4.jpg,catalpa_bignonioides
dataset/images/lab/Auto_cropped/ostrya_virginiana/pi1052-01-1.jpg,ostrya_virginiana
dataset/images/lab/Auto_cropped/juglans_cinerea/wb1487-07-4.jpg,juglans_cinerea
dataset/images/lab/Auto_cropped/acer_negundo/pi2025-09-2.jpg,acer_negundo
dataset/images/field/ptelea_trifoliata/13292213861403.jpg,ptelea_trifoliata
dataset/images/lab/Auto_cropped/quercus_montana/pi0038-08-4.jpg,quercus_montana
dataset/images/lab/Auto_cropped/acer_rubrum/pi2609-02-2.jpg,acer_rubrum
dataset/images/lab/Auto_cropped/diospyros_virginiana/pi2200-10-1.jpg,diospyros_virginiana
dataset/images/lab/Auto_cropped/ulmus_pumila/ny1049-08-4.jpg,ulmus_pumila
dataset/images/lab/Auto_cropped/cryptomeria_japonica/ny1054-10-4.jpg,cryptomeria_japonica
dataset/images/lab/Auto_cropped/diospyros_virginiana/pi2198-01-1.jpg,diospyros_virginiana
dataset/images/lab/Auto_cropped/maclura_pomifera/pi2776-08-3.jpg,maclura_pomifera
dataset/images/lab/Auto_cropped/acer_rubrum/pi2773-10-4.jpg,acer_rubrum
dataset/images/field/fraxinus_nigra/13291804055690.jpg,fraxinus_nigra
dataset/images/field/aesculus_pavi/13033299100539.jpg,aesculus_pavi
dataset/images/field/quercus_montana/13292231179552.jpg,quercus_montana
dataset/images/lab/Auto_cropped/staphylea_trifolia/pi2197-08-1.jpg,staphylea_trifolia
dataset/images/lab/Auto_cropped/quercus_muehlenbergii/wb1530-10-1.jpg,quercus_muehlenbergii
dataset/images/lab/Auto_cropped/cercis_canadensis/pi0014-01-1.jpg,cercis_canadensis
dataset/images/lab/Auto_cropped/chionanthus_virginicus/pi2214-06-1.jpg,chionanthus_virginicus
dataset/images/field/chionanthus_virginicus/13001305190680.jpg,chionanthus_virginicus
dataset/images/lab/Auto_cropped/cercis_canadensis/pi0014-07-2.jpg,cercis_canadensis
dataset/images/field/acer_palmatum/1249316680_0002.jpg,acer_palmatum
dataset/images/field/prunus_virginiana/13002169494779.jpg,prunus_virginiana
dataset/images/lab/Auto_cropped/ptelea_trifoliata/pi0019-06-2.jpg,ptelea_trifoliata
dataset/images/lab/Auto_cropped/abies_concolor/ny1178-01-1.jpg,abies_concolor
dataset/images/lab/Auto_cropped/acer_rubrum/pi2608-03-2.jpg,acer_rubrum
dataset/images/lab/Auto_cropped/liriodendron_tulipifera/pi2248-04-1.jpg,liriodendron_tulipifera
dataset/images/lab/Auto_cropped/aesculus_pavi/ny1021-02-1.jpg,aesculus_pavi
dataset/images/lab/Auto_cropped/broussonettia_papyrifera/wb1388-06-2.jpg,broussonettia_papyrifera
dataset/images/lab/Auto_cropped/chionanthus_virginicus/pi2216-01-1.jpg,chionanthus_virginicus
dataset/images/field/prunus_virginiana/13002166699386.jpg,prunus_virginiana
dataset/images/lab/Auto_cropped/broussonettia_papyrifera/wb1389-08-1.jpg,broussonettia_papyrifera
dataset/images/lab/Auto_cropped/ilex_opaca/pi0056-05-4.jpg,ilex_opaca
dataset/images/lab/Auto_cropped/gleditsia_triacanthos/pi2769-05-2.jpg,gleditsia_triacanthos
dataset/images/field/diospyros_virginiana/12991999790951.jpg,diospyros_virginiana
dataset/images/lab/Auto_cropped/abies_concolor/ny1178-03-4.jpg,abies_concolor
dataset/images/field/prunus_virginiana/13002169498911.jpg,prunus_virginiana
dataset/images/lab/Auto_cropped/ulmus_rubra/pi2614-01-2.jpg,ulmus_rubra
dataset/images/field/prunus_sargentii/13292214154785.jpg,prunus_sargentii
dataset/images/field/fraxinus_nigra/13291804058669.jpg,fraxinus_nigra
dataset/images/field/juglans_cinerea/13292191166597.jpg,juglans_cinerea
dataset/images/lab/Auto_cropped/fraxinus_nigra/ny1053-19-3.jpg,fraxinus_nigra
dataset/images/lab/Auto_cropped/broussonettia_papyrifera/wb1390-06-3.jpg,broussonettia_papyrifera
dataset/images/field/catalpa_bignonioides/13001269152449.jpg,catalpa_bignonioides
dataset/images/lab/Auto_cropped/abies_concolor/ny1178-04-1.jpg,abies_concolor
dataset/images/lab/Auto_cropped/catalpa_bignonioides/pi2788-05-3.jpg,catalpa_bignonioides
dataset/images/lab/Auto_cropped/ulmus_americana/pi0020-05-4.jpg,ulmus_americana
dataset/images/lab/Auto_cropped/ulmus_pumila/ny1050-02-2.jpg,ulmus_pumila
dataset/images/lab/Auto_cropped/acer_palmatum/wb1128-03-3.jpg,acer_palmatum
dataset/images/lab/Auto_cropped/ulmus_americana/pi2489-05-2.jpg,ulmus_americana
dataset/images/lab/Auto_cropped/cercis_canadensis/pi0001-05-2.jpg,cercis_canadensis
dataset/images/lab/Auto_cropped/quercus_montana/pi0037-02-3.jpg,quercus_montana
dataset/images/lab/Auto_cropped/chionanthus_virginicus/pi2215-01-1.jpg,chionanthus_virginicus
dataset/images/lab/Auto_cropped/acer_rubrum/pi2608-09-3.jpg,acer_rubrum
dataset/images/field/cercis_canadensis/12991999138437.jpg,cercis_canadensis
dataset/images/lab/Auto_cropped/cercis_canadensis/pi1041-01-2.jpg,cercis_canadensis
dataset/images/field/carya_cordiformis/13001257149899.jpg,carya_cordiformis
dataset/images/lab/Auto_cropped/acer_negundo/pi2025-07-1.jpg,acer_negundo
dataset/images/lab/Auto_cropped/asimina_triloba/pi2178-02-1.jpg,asimina_triloba
dataset/images/lab/Auto_cropped/ostrya_virginiana/pi2462-08-3.jpg,ostrya_virginiana
dataset/images/lab/Auto_cropped/aesculus_pavi/ny1021-05-1.jpg,aesculus_pavi
dataset/images/field/fraxinus_nigra/13291804059928.jpg,fraxinus_nigra
dataset/images/lab/Auto_cropped/quercus_montana/pi0036-04-4.jpg,quercus_montana
dataset/images/lab/Auto_cropped/acer_negundo/pi2026-05-1.jpg,acer_negundo
dataset/images/lab/Auto_cropped/juglans_cinerea/wb1489-01-3.jpg,juglans_cinerea
dataset/images/lab/Auto_cropped/gleditsia_triacanthos/pi2767-10-1.jpg,gleditsia_triacanthos
dataset/images/lab/Auto_cropped/acer_negundo/pi2028-02-1.jpg,acer_negundo
dataset/images/lab/Auto_cropped/abies_concolor/ny1157-17-4.jpg,abies_concolor
dataset/images/lab/Auto_cropped/juglans_cinerea/wb1487-07-1.jpg,juglans_cinerea
dataset/images/lab/Auto_cropped/ulmus_americana/pi2486-01-3.jpg,ulmus_americana
dataset/images/lab/Auto_cropped/ptelea_trifoliata/pi0005-04-4.jpg,ptelea_trifoliata
dataset/images/lab/Auto_cropped/broussonettia_papyrifera/ny1124-10-1.jpg,broussonettia_papyrifera
dataset/images/field/aesculus_pavi/13291655550630.jpg,aesculus_pavi
dataset/images/lab/Auto_cropped/quercus_muehlenbergii/wb1531-04-2.jpg,quercus_muehlenbergii
dataset/images/lab/Auto_cropped/acer_palmatum/wb1129-04-4.jpg,acer_palmatum
dataset/images/lab/Auto_cropped/fraxinus_nigra/ny1053-13-2.jpg,fraxinus_nigra
dataset/images/lab/Auto_cropped/asimina_triloba/pi2181-05-3.jpg,asimina_triloba
dataset/images/lab/Auto_cropped/diospyros_virginiana/pi2200-10-4.jpg,diospyros_virginiana
dataset/images/lab/Auto_cropped/ulmus_rubra/wb1218-04-3.jpg,ulmus_rubra
dataset/images/lab/Auto_cropped/diospyros_virginiana/pi2198-06-2.jpg,diospyros_virginiana
dataset/images/field/abies_concolor/12995309749090.jpg,abies_concolor
dataset/images/field/acer_rubrum/13001155907155.jpg,acer_rubrum
dataset/images/lab/Auto_cropped/ilex_opaca/pi1021-07-1.jpg,ilex_opaca
dataset/images/lab/Auto_cropped/quercus_montana/pi0040-04-3.jpg,quercus_montana
dataset/images/lab/Auto_cropped/broussonettia_papyrifera/wb1390-07-3.jpg,broussonettia_papyrifera
dataset/images/lab/Auto_cropped/aesculus_pavi/ny1019-01-2.jpg,aesculus_pavi
dataset/images/lab/Auto_cropped/ostrya_virginiana/pi2461-02-3.jpg,ostrya_virginiana
dataset/images/lab/Auto_cropped/fraxinus_nigra/ny1053-07-4.jpg,fraxinus_nigra
dataset/images/lab/Auto_cropped/ulmus_rubra/pi2613-05-4.jpg,ulmus_rubra
dataset/images/lab/Auto_cropped/quercus_muehlenbergii/wb1531-06-3.jpg,quercus_muehlenbergii
dataset/images/field/staphylea_trifolia/13291710346566.jpg,staphylea_trifolia
dataset/images/lab/Auto_cropped/ostrya_virginiana/pi2195-10-1.jpg,ostrya_virginiana
dataset/images/lab/Auto_cropped/maclura_pomifera/pi2775-01-2.jpg,maclura_pomifera
dataset/images/lab/Auto_cropped/quercus_montana/pi0040-07-3.jpg,quercus_montana
dataset/images/lab/Auto_cropped/ulmus_rubra/wb1219-04-4.jpg,ulmus_rubra
dataset/images/lab/Auto_cropped/quercus_montana/pi0040-08-3.jpg,quercus_montana
dataset/images/lab/Auto_cropped/fraxinus_nigra/ny1053-11-3.jpg,fraxinus_nigra
dataset/images/lab/Auto_cropped/acer_negundo/pi2026-04-3.jpg,acer_negundo
dataset/images/lab/Auto_cropped/ulmus_americana/pi2489-04-4.jpg,ulmus_americana
dataset/images/lab/Auto_cropped/acer_rubrum/pi2611-01-1.jpg,acer_rubrum
dataset/images/lab/Auto_cropped/carya_cordiformis/pi2337-09-3.jpg,carya_cordiformis
dataset/images/lab/Auto_cropped/carya_cordiformis/pi2337-04-1.jpg,carya_cordiformis
dataset/images/lab/Auto_cropped/fraxinus_nigra/ny1053-09-2.jpg,fraxinus_nigra
dataset/images/lab/Auto_cropped/prunus_sargentii/ny1094-05-1.jpg,prunus_sargentii
dataset/images/field/quercus_montana/13292231172603.jpg,quercus_montana
dataset/images/lab/Auto_cropped/styrax_japonica/ny1001-07-2.jpg,styrax_japonica
dataset/images/lab/Auto_cropped/ostrya_virginiana/pi2195-10-3.jpg,ostrya_virginiana
dataset/images/lab/Auto_cropped/prunus_sargentii/ny1095-06-2.jpg,prunus_sargentii
dataset/images/lab/Auto_cropped/diospyros_virginiana/pi2200-07-4.jpg,diospyros_virginiana
dataset/images/lab/Auto_cropped/broussonettia_papyrifera/ny1122-07-2.jpg,broussonettia_papyrifera
dataset/images/lab/Auto_cropped/diospyros_virginiana/pi2201-01-3.jpg,diospyros_virginiana
dataset/images/lab/Auto_cropped/acer_rubrum/pi2388-01-3.jpg,acer_rubrum
dataset/images/lab/Auto_cropped/ptelea_trifoliata/pi0019-02-1.jpg,ptelea_trifoliata
dataset/images/lab/Auto_cropped/liriodendron_tulipifera/pi2249-08-4.jpg,liriodendron_tulipifera
dataset/images/lab/Auto_cropped/ulmus_rubra/pi2615-08-4.jpg,ulmus_rubra
dataset/images/lab/Auto_cropped/staphylea_trifolia/pi2463-04-3.jpg,staphylea_trifolia
dataset/images/field/gleditsia_triacanthos/12992001034964.jpg,gleditsia_triacanthos
dataset/images/lab/Auto_cropped/catalpa_bignonioides/pi2718-04-4.jpg,catalpa_bignonioides
dataset/images/lab/Auto_cropped/maclura_pomifera/pi2775-06-2.jpg,maclura_pomifera
dataset/images/lab/Auto_cropped/asimina_triloba/pi2181-05-2.jpg,asimina_triloba
dataset/images/lab/Auto_cropped/ulmus_rubra/wb1218-09-1.jpg,ulmus_rubra
dataset/images/lab/Auto_cropped/carya_cordiformis/pi2337-08-2.jpg,carya_cordiformis
dataset/images/lab/Auto_cropped/catalpa_bignonioides/pi2718-11-3.jpg,catalpa_bignonioides
dataset/images/field/liriodendron_tulipifera/12992002815799.jpg,liriodendron_tulipifera
dataset/images/field/ulmus_rubra/13002228283746.jpg,ulmus_rubra
dataset/images/lab/Auto_cropped/chionanthus_virginicus/pi2216-02-2.jpg,chionanthus_virginicus
dataset/images/lab/Auto_cropped/acer_negundo/pi2029-02-1.jpg,acer_negundo
dataset/images/lab/Auto_cropped/broussonettia_papyrifera/wb1388-10-1.jpg,broussonettia_papyrifera
dataset/images/lab/Auto_cropped/ulmus_pumila/ny1050-01-2.jpg,ulmus_pumila
dataset/images/field/cercis_canadensis/12991999011882.jpg,cercis_canadensis
dataset/images/lab/Auto_cropped/liriodendron_tulipifera/pi2249-09-3.jpg,liriodendron_tulipifera
dataset/images/lab/Auto_cropped/maclura_pomifera/pi2235-08-2.jpg,maclura_pomifera
dataset/images/field/prunus_virginiana/13010820796042.jpg,prunus_virginiana
dataset/images/lab/Auto_cropped/broussonettia_papyrifera/wb1390-05-2.jpg,broussonettia_papyrifera
dataset/images/lab/Auto_cropped/fraxinus_nigra/ny1053-09-3.jpg,fraxinus_nigra
dataset/images/lab/Auto_cropped/chionanthus_virginicus/pi2215-01-2.jpg,chionanthus_virginicus
dataset/images/lab/Auto_cropped/catalpa_bignonioides/pi2718-02-4.jpg,catalpa_bignonioides
dataset/images/field/juglans_cinerea/13292191161229.jpg,juglans_cinerea
dataset/images/lab/Auto_cropped/ostrya_virginiana/pi2461-01-3.jpg,ostrya_virginiana
dataset/images/field/prunus_virginiana/13002169492905.jpg,prunus_virginiana
dataset/images/lab/Auto_cropped/gleditsia_triacanthos/pi2767-05-4.jpg,gleditsia_triacanthos
dataset/images/lab/Auto_cropped/chionanthus_virginicus/pi2216-06-3.jpg,chionanthus_virginicus
dataset/images/lab/Auto_cropped/ulmus_rubra/wb1217-09-3.jpg,ulmus_rubra
dataset/images/lab/Auto_cropped/ulmus_rubra/wb1219-05-2.jpg,ulmus_rubra
dataset/images/field/abies_concolor/12995309745138.jpg,abies_concolor
dataset/images/lab/Auto_cropped/quercus_montana/pi0040-06-4.jpg,quercus_montana
dataset/images/lab/Auto_cropped/diospyros_virginiana/pi0196-08-1.jpg,diospyros_virginiana
dataset/images/lab/Auto_cropped/maclura_pomifera/pi2774-09-1.jpg,maclura_pomifera
dataset/images/lab/Auto_cropped/diospyros_virginiana/pi2200-09-4.jpg,diospyros_virginiana
dataset/images/field/maclura_pomifera/1259040730_0001.jpg,maclura_pomifera
dataset/images/field/cryptomeria_japonica/13001326977024.jpg,cryptomeria_japonica
dataset/images/lab/Auto_cropped/ptelea_trifoliata/pi0003-02-2.jpg,ptelea_trifoliata
dataset/images/lab/Auto_cropped/quercus_muehlenbergii/wb1529-04-2.jpg,quercus_muehlenbergii
dataset/images/field/juglans_cinerea/13292191163762.jpg,juglans_cinerea
dataset/images/lab/Auto_cropped/chionanthus_virginicus/pi2217-10-4.jpg,chionanthus_virginicus
dataset/images/field/acer_rubrum/13001155902241.jpg,acer_rubrum
dataset/images/lab/Auto_cropped/liriodendron_tulipifera/pi0069-01-2.jpg,liriodendron_tulipifera
dataset/images/lab/Auto_cropped/cercis_canadensis/pi0014-07-4.jpg,cercis_canadensis
dataset/images/lab/Auto_cropped/diospyros_virginiana/pi2200-10-2.jpg,diospyros_virginiana
dataset/images/lab/Auto_cropped/maclura_pomifera/pi2775-08-3.jpg,maclura_pomifera
dataset/images/lab/Auto_cropped/ostrya_virginiana/pi2195-09-1.jpg,ostrya_virginiana
dataset/images/lab/Auto_cropped/cercis_canadensis/pi2492-09-1.jpg,cercis_canadensis
dataset/images/lab/Auto_cropped/acer_rubrum/pi2611-03-4.jpg,acer_rubrum
dataset/images/field/chionanthus_virginicus/13001305199475.jpg,chionanthus_virginicus
dataset/images/field/carya_cordiformis/13001257149263.jpg,carya_cordiformis
dataset/images/lab/Auto_cropped/asimina_triloba/pi2177-08-3.jpg,asimina_triloba
dataset/images/lab/Auto_cropped/ulmus_rubra/pi2615-08-1.jpg,ulmus_rubra
dataset/images/field/prunus_virginiana/13010820796876.jpg,prunus_virginiana
dataset/images/lab/Auto_cropped/chionanthus_virginicus/pi2216-03-1.jpg,chionanthus_virginicus
dataset/images/lab/Auto_cropped/ptelea_trifoliata/pi1014-02-3.jpg,ptelea_trifoliata
dataset/images/field/fraxinus_nigra/13291804056291.jpg,fraxinus_nigra
dataset/images/lab/Auto_cropped/ulmus_pumila/ny1050-07-3.jpg,ulmus_pumila
dataset/images/lab/Auto_cropped/liriodendron_tulipifera/pi2247-02-2.jpg,liriodendron_tulipifera
dataset/images/field/ulmus_americana/1249059004_0000.jpg,ulmus_americana
dataset/images/lab/Auto_cropped/prunus_virginiana/wb1319-07-4.jpg,prunus_virginiana
dataset/images/lab/Auto_cropped/asimina_triloba/pi2177-10-4.jpg,asimina_triloba
dataset/images/lab/Auto_cropped/maclura_pomifera/pi2235-12-4.jpg,maclura_pomifera
dataset/images/lab/Auto_cropped/prunus_virginiana/wb1321-01-2.jpg,prunus_virginiana
dataset/images/lab/Auto_cropped/asimina_triloba/pi2177-10-1.jpg,asimina_triloba
dataset/images/lab/Auto_cropped/broussonettia_papyrifera/wb1389-01-2.jpg,broussonettia_papyrifera
dataset/images/lab/Auto_cropped/cercis_canadensis/pi0001-11-3.jpg,cercis_canadensis
dataset/images/field/catalpa_bignonioides/13001269152402.jpg,catalpa_bignonioides
dataset/images/lab/Auto_cropped/styrax_japonica/ny1002-04-2.jpg,styrax_japonica
dataset/images/field/carya_cordiformis/13001257146165.jpg,carya_cordiformis
dataset/images/lab/Auto_cropped/acer_rubrum/pi2610-03-4.jpg,acer_rubrum
dataset/images/lab/Auto_cropped/cercis_canadensis/pi2492-04-1.jpg,cercis_canadensis
dataset/images/lab/Auto_cropped/ilex_opaca/pi1021-02-2.jpg,ilex_opaca
dataset/images/lab/Auto_cropped/ilex_opaca/pi1021-06-1.jpg,ilex_opaca
dataset/images/field/abies_concolor/12995309741318.jpg,abies_concolor
dataset/images/lab/Auto_cropped/staphylea_trifolia/pi2196-02-3.jpg,staphylea_trifolia
dataset/images/field/juglans_cinerea/13292191160146.jpg,juglans_cinerea
dataset/images/lab/Auto_cropped/broussonettia_papyrifera/ny1123-06-2.jpg,broussonettia_papyrifera
dataset/images/field/abies_concolor/12995309746829.jpg,abies_concolor
dataset/images/field/styrax_japonica/13002208602682.jpg,styrax_japonica
dataset/images/lab/Auto_cropped/catalpa_bignonioides/pi2788-04-3.jpg,catalpa_bignonioides
dataset/images/lab/Auto_cropped/prunus_sargentii/ny1095-06-4.jpg,prunus_sargentii
dataset/images/field/diospyros_virginiana/12992000057134.jpg,diospyros_virginiana
dataset/images/lab/Auto_cropped/maclura_pomifera/pi2235-03-4.jpg,maclura_pomifera
dataset/images/lab/Auto_cropped/broussonettia_papyrifera/wb1389-07-3.jpg,broussonettia_papyrifera
dataset/images/lab/Auto_cropped/broussonettia_papyrifera/ny1122-02-1.jpg,broussonettia_papyrifera
dataset/images/lab/Auto_cropped/aesculus_pavi/ny1021-08-3.jpg,aesculus_pavi
dataset/images/lab/Auto_cropped/broussonettia_papyrifera/ny1122-07-1.jpg,broussonettia_papyrifera
dataset/images/lab/Auto_cropped/cercis_canadensis/pi0015-03-1.jpg,cercis_canadensis
dataset/images/lab/Auto_cropped/aesculus_pavi/ny1019-01-1.jpg,aesculus_pavi
dataset/images/lab/Auto_cropped/liriodendron_tulipifera/pi2249-02-2.jpg,liriodendron_tulipifera
dataset/images/lab/Auto_cropped/ilex_opaca/pi1021-07-4.jpg,ilex_opaca
dataset/images/lab/Auto_cropped/ilex_opaca/pi2630-07-2.jpg,ilex_opaca
dataset/images/field/ilex_opaca/1258479670_0003.jpg,ilex_opaca
dataset/images/field/aesculus_pavi/13291655552890.jpg,aesculus_pavi
dataset/images/lab/Auto_cropped/abies_concolor/ny1157-22-1.jpg,abies_concolor
dataset/images/lab/Auto_cropped/maclura_pomifera/pi2775-08-2.jpg,maclura_pomifera
dataset/images/lab/Auto_cropped/acer_palmatum/wb1128-08-2.jpg,acer_palmatum
dataset/images/lab/Auto_cropped/acer_rubrum/pi2608-04-1.jpg,acer_rubrum
dataset/images/field/juglans_cinerea/13292191169727.jpg,juglans_cinerea
dataset/images/lab/Auto_cropped/acer_rubrum/pi2773-02-4.jpg,acer_rubrum
dataset/images/field/styrax_japonica/13002208607556.jpg,styrax_japonica
dataset/images/lab/Auto_cropped/diospyros_virginiana/pi2200-08-3.jpg,diospyros_virginiana
dataset/images/lab/Auto_cropped/diospyros_virginiana/pi2201-05-3.jpg,diospyros_virginiana
dataset/images/lab/Auto_cropped/staphylea_trifolia/pi2196-08-3.jpg,staphylea_trifolia
dataset/images/lab/Auto_cropped/fraxinus_nigra/ny1053-27-3.jpg,fraxinus_nigra
dataset/images/lab/Auto_cropped/abies_concolor/ny1157-03-4.jpg,abies_concolor
dataset/images/field/carya_cordiformis/13001257147913.jpg,carya_cordiformis
dataset/images/field/maclura_pomifera/1259040730_0000.jpg,maclura_pomifera
dataset/images/lab/Auto_cropped/acer_palmatum/wb1128-03-2.jpg,acer_palmatum
dataset/images/lab/Auto_cropped/abies_concolor/ny1157-25-3.jpg,abies_concolor
dataset/images/lab/Auto_cropped/diospyros_virginiana/pi2200-04-2.jpg,diospyros_virginiana
dataset/images/lab/Auto_cropped/ilex_opaca/pi2490-01-3.jpg,ilex_opaca
dataset/images/lab/Auto_cropped/ilex_opaca/pi0219-05-2.jpg,ilex_opaca
dataset/images/lab/Auto_cropped/catalpa_bignonioides/pi2788-10-4.jpg,catalpa_bignonioides
dataset/images/lab/Auto_cropped/asimina_triloba/pi2181-03-3.jpg,asimina_triloba
dataset/images/lab/Auto_cropped/liriodendron_tulipifera/pi2248-05-2.jpg,liriodendron_tulipifera
dataset/images/lab/Auto_cropped/chionanthus_virginicus/pi2216-11-4.jpg,chionanthus_virginicus
dataset/images/lab/Auto_cropped/ulmus_rubra/pi2613-04-1.jpg,ulmus_rubra
dataset/images/lab/Auto_cropped/prunus_sargentii/ny1094-07-3.jpg,prunus_sargentii
dataset/images/lab/Auto_cropped/aesculus_pavi/ny1019-02-3.jpg,aesculus_pavi
dataset/images/lab/Auto_cropped/maclura_pomifera/pi2775-03-1.jpg,maclura_pomifera
dataset/images/lab/Auto_cropped/asimina_triloba/pi2181-06-2.jpg,asimina_triloba
dataset/images/lab/Auto_cropped/quercus_muehlenbergii/wb1530-02-1.jpg,quercus_muehlenbergii
dataset/images/lab/Auto_cropped/ilex_opaca/pi0219-02-1.jpg,ilex_opaca
dataset/images/field/quercus_montana/13292231178845.jpg,quercus_montana
dataset/images/lab/Auto_cropped/prunus_sargentii/ny1095-08-1.jpg,prunus_sargentii
dataset/images/lab/Auto_cropped/liriodendron_tulipifera/pi2247-02-3.jpg,liriodendron_tulipifera
dataset/images/lab/Auto_cropped/acer_rubrum/pi2608-10-4.jpg,acer_rubrum
dataset/images/lab/Auto_cropped/ulmus_pumila/ny1049-10-1.jpg,ulmus_pumila
dataset/images/field/catalpa_bignonioides/13001269153117.jpg,catalpa_bignonioides
dataset/images/lab/Auto_cropped/diospyros_virginiana/pi0196-10-3.jpg,diospyros_virginiana
dataset/images/field/staphylea_trifolia/13291710341073.jpg,staphylea_trifolia
dataset/images/lab/Auto_cropped/carya_cordiformis/pi0053-04-2.jpg,carya_cordiformis
dataset/images/lab/Auto_cropped/prunus_sargentii/ny1094-03-2.jpg,prunus_sargentii
dataset/images/lab/Auto_cropped/acer_rubrum/pi2609-08-1.jpg,acer_rubrum
dataset/images/lab/Auto_cropped/diospyros_virginiana/pi2200-09-1.jpg,diospyros_virginiana
dataset/images/lab/Auto_cropped/cryptomeria_japonica/ny1054-01-2.jpg,cryptomeria_japonica
dataset/images/lab/Auto_cropped/ilex_opaca/pi2630-06-2.jpg,ilex_opaca
dataset/images/lab/Auto_cropped/ulmus_rubra/pi2614-06-1.jpg,ulmus_rubra
dataset/images/lab/Auto_cropped/ulmus_rubra/pi1077-02-1.jpg,ulmus_rubra
dataset/images/field/styrax_japonica/13002208606493.jpg,styrax_japonica
dataset/images/lab/Auto_cropped/acer_palmatum/wb1127-08-3.jpg,acer_palmatum
dataset/images/lab/Auto_cropped/acer_rubrum/pi2610-05-2.jpg,acer_rubrum
dataset/images/lab/Auto_cropped/styrax_japonica/ny1003-04-1.jpg,styrax_japonica
dataset/images/lab/Auto_cropped/prunus_virginiana/wb1321-03-1.jpg,prunus_virginiana
dataset/images/lab/Auto_cropped/acer_negundo/pi2028-03-4.jpg,acer_negundo
dataset/images/lab/Auto_cropped/quercus_montana/pi0039-04-3.jpg,quercus_montana
dataset/images/lab/Auto_cropped/ostrya_virginiana/pi2195-02-1.jpg,ostrya_virginiana
dataset/images/lab/Auto_cropped/abies_concolor/ny1179-06-3.jpg,abies_concolor
dataset/images/lab/Auto_cropped/catalpa_bignonioides/pi2784-06-2.jpg,catalpa_bignonioides
dataset/images/lab/Auto_cropped/abies_concolor/ny1178-06-2.jpg,abies_concolor
dataset/images/lab/Auto_cropped/chionanthus_virginicus/pi2216-06-1.jpg,chionanthus_virginicus
dataset/images/field/cercis_canadensis/12991999185559.jpg,cercis_canadensis
dataset/images/lab/Auto_cropped/quercus_muehlenbergii/wb1529-01-3.jpg,quercus_muehlenbergii
dataset/images/lab/Auto_cropped/staphylea_trifolia/pi2464-06-4.jpg,staphylea_trifolia
dataset/images/lab/Auto_cropped/ilex_opaca/pi0056-02-4.jpg,ilex_opaca
dataset/images/lab/Auto_cropped/diospyros_virginiana/pi2198-06-1.jpg,diospyros_virginiana
dataset/images/lab/Auto_cropped/acer_negundo/pi2028-05-2.jpg,acer_negundo
dataset/images/field/acer_palmatum/13001152960453.jpg,acer_palmatum
dataset/images/lab/Auto_cropped/staphylea_trifolia/pi2463-05-2.jpg,staphylea_trifolia
dataset/images/lab/Auto_cropped/aesculus_pavi/ny1019-08-2.jpg,aesculus_pavi
dataset/images/lab/Auto_cropped/prunus_virginiana/wb1321-08-4.jpg,prunus_virginiana
dataset/images/lab/Auto_cropped/fraxinus_nigra/ny1053-04-2.jpg,fraxinus_nigra
dataset/images/lab/Auto_cropped/chionanthus_virginicus/pi2214-04-3.jpg,chionanthus_virginicus
dataset/images/lab/Auto_cropped/cercis_canadensis/pi0015-08-2.jpg,cercis_canadensis
dataset/images/lab/Auto_cropped/maclura_pomifera/pi2776-04-1.jpg,maclura_pomifera
dataset/images/lab/Auto_cropped/staphylea_trifolia/pi2196-05-3.jpg,staphylea_trifolia
dataset/images/lab/Auto_cropped/aesculus_pavi/ny1021-09-3.jpg,aesculus_pavi
dataset/images/field/juglans_cinerea/13292191164119.jpg,juglans_cinerea
dataset/images/field/quercus_montana/13292231174691.jpg,quercus_montana
dataset/images/lab/Auto_cropped/broussonettia_papyrifera/ny1122-03-1.jpg,broussonettia_papyrifera
dataset/images/lab/Auto_cropped/carya_cordiformis/pi0053-05-4.jpg,carya_cordiformis
dataset/images/lab/Auto_cropped/chionanthus_virginicus/pi0034-06-1.jpg,chionanthus_virginicus
dataset/images/field/carya_cordiformis/13001257146138.jpg,carya_cordiformis
dataset/images/lab/Auto_cropped/acer_negundo/pi2028-02-3.jpg,acer_negundo
dataset/images/lab/Auto_cropped/broussonettia_papyrifera/wb1390-01-1.jpg,broussonettia_papyrifera
dataset/images/field/asimina_triloba/13001240194921.jpg,asimina_triloba
dataset/images/lab/Auto_cropped/broussonettia_papyrifera/ny1124-04-2.jpg,broussonettia_papyrifera
dataset/images/lab/Auto_cropped/acer_rubrum/pi2608-02-2.jpg,acer_rubrum
dataset/images/field/prunus_virginiana/13002166695879.jpg,prunus_virginiana
dataset/images/lab/Auto_cropped/ulmus_rubra/pi2534-02-1.jpg,ulmus_rubra
dataset/images/field/juglans_cinerea/13292191169563.jpg,juglans_cinerea
dataset/images/lab/Auto_cropped/broussonettia_papyrifera/ny1123-10-3.jpg,broussonettia_papyrifera
dataset/images/lab/Auto_cropped/ilex_opaca/pi2490-01-4.jpg,ilex_opaca
dataset/images/field/fraxinus_nigra/13291804053747.jpg,fraxinus_nigra
dataset/images/lab/Auto_cropped/quercus_montana/pi0037-01-3.jpg,quercus_montana
dataset/images/lab/Auto_cropped/prunus_virginiana/wb1319-05-3.jpg,prunus_virginiana
dataset/images/field/prunus_virginiana/13002169496273.jpg,prunus_virginiana
dataset/images/lab/Auto_cropped/acer_negundo/pi2026-10-2.jpg,acer_negundo
dataset/images/lab/Auto_cropped/prunus_sargentii/ny1095-15-1.jpg,prunus_sargentii
dataset/images/field/prunus_virginiana/13002169492178.jpg,prunus_virginiana
dataset/images/lab/Auto_cropped/styrax_japonica/ny1002-01-4.jpg,styrax_japonica
dataset/images/lab/Auto_cropped/ulmus_rubra/pi2534-02-2.jpg,ulmus_rubra
dataset/images/lab/Auto_cropped/ulmus_pumila/ny1050-04-1.jpg,ulmus_pumila
dataset/images/lab/Auto_cropped/ulmus_pumila/ny1050-06-4.jpg,ulmus_pumila
dataset/images/lab/Auto_cropped/gleditsia_triacanthos/pi2766-03-2.jpg,gleditsia_triacanthos
dataset/images/lab/Auto_cropped/prunus_sargentii/ny1094-13-2.jpg,prunus_sargentii
dataset/images/lab/Auto_cropped/catalpa_bignonioides/pi2783-04-3.jpg,catalpa_bignonioides
dataset/images/lab/Auto_cropped/styrax_japonica/ny1002-01-3.jpg,styrax_japonica
dataset/images/field/ulmus_pumila/13291724509864.jpg,ulmus_pumila
dataset/images/lab/Auto_cropped/asimina_triloba/pi2177-06-2.jpg,asimina_triloba
dataset/images/lab/Auto_cropped/acer_rubrum/pi2611-09-3.jpg,acer_rubrum
dataset/images/lab/Auto_cropped/catalpa_bignonioides/pi2788-08-3.jpg,catalpa_bignonioides
dataset/images/lab/Auto_cropped/ilex_opaca/pi1021-06-3.jpg,ilex_opaca
dataset/images/field/styrax_japonica/13002208604304.jpg,styrax_japonica
dataset/images/lab/Auto_cropped/quercus_montana/pi0040-07-1.jpg,quercus_montana
dataset/images/lab/Auto_cropped/staphylea_trifolia/pi2196-04-2.jpg,staphylea_trifolia
dataset/images/lab/Auto_cropped/ulmus_americana/pi2489-09-3.jpg,ulmus_americana
dataset/images/lab/Auto_cropped/liriodendron_tulipifera/pi0068-02-1.jpg,liriodendron_tulipifera
dataset/images/lab/Auto_cropped/asimina_triloba/pi2178-03-4.jpg,asimina_triloba
dataset/images/lab/Auto_cropped/ilex_opaca/pi2630-07-1.jpg,ilex_opaca
dataset/images/lab/Auto_cropped/catalpa_bignonioides/pi2783-01-3.jpg,catalpa_bignonioides
dataset/images/lab/Auto_cropped/abies_concolor/ny1157-16-4.jpg,abies_concolor
dataset/images/lab/Auto_cropped/staphylea_trifolia/pi0238-01-4.jpg,staphylea_trifolia
dataset/images/lab/Auto_cropped/ulmus_rubra/wb1219-07-2.jpg,ulmus_rubra
dataset/images/field/aesculus_pavi/13033299102012.jpg,aesculus_pavi
dataset/images/field/quercus_montana/13292231173101.jpg,quercus_montana
dataset/images/lab/Auto_cropped/carya_cordiformis/pi0055-05-3.jpg,carya_cordiformis
dataset/images/lab/Auto_cropped/acer_rubrum/pi2609-07-1.jpg,acer_rubrum
dataset/images/field/carya_cordiformis/13001257146983.jpg,carya_cordiformis
dataset/images/lab/Auto_cropped/ostrya_virginiana/pi2195-03-2.jpg,ostrya_virginiana
dataset/images/lab/Auto_cropped/staphylea_trifolia/pi0238-04-3.jpg,staphylea_trifolia
dataset/images/field/prunus_sargentii/13292214159191.jpg,prunus_sargentii
dataset/images/field/prunus_virginiana/13010820796954.jpg,prunus_virginiana
dataset/images/lab/Auto_cropped/abies_concolor/ny1179-10-2.jpg,abies_concolor
dataset/images/field/prunus_virginiana/13002169491577.jpg,prunus_virginiana
dataset/images/lab/Auto_cropped/ulmus_americana/pi2486-10-1.jpg,ulmus_americana
dataset/images/field/prunus_virginiana/13002166691207.jpg,prunus_virginiana
dataset/images/lab/Auto_cropped/abies_concolor/ny1179-03-3.jpg,abies_concolor
dataset/images/lab/Auto_cropped/ulmus_americana/pi2487-01-4.jpg,ulmus_americana
dataset/images/lab/Auto_cropped/cercis_canadensis/pi2492-01-1.jpg,cercis_canadensis
dataset/images/lab/Auto_cropped/prunus_sargentii/ny1094-05-4.jpg,prunus_sargentii
dataset/images/lab/Auto_cropped/acer_palmatum/wb1128-09-3.jpg,acer_palmatum
dataset/images/lab/Auto_cropped/staphylea_trifolia/pi0238-03-4.jpg,staphylea_trifolia
dataset/images/field/juglans_cinerea/13292191161404.jpg,juglans_cinerea
dataset/images/field/ostrya_virginiana/13001985587631.jpg,ostrya_virginiana
dataset/images/lab/Auto_cropped/gleditsia_triacanthos/pi2766-03-4.jpg,gleditsia_triacanthos
dataset/images/lab/Auto_cropped/ostrya_virginiana/pi2195-02-3.jpg,ostrya_virginiana
dataset/images/lab/Auto_cropped/ostrya_virginiana/pi2461-02-4.jpg,ostrya_virginiana
dataset/images/field/aesculus_pavi/13291655558088.jpg,aesculus_pavi
dataset/images/lab/Auto_cropped/ulmus_pumila/ny1048-05-3.jpg,ulmus_pumila
dataset/images/lab/Auto_cropped/broussonettia_papyrifera/ny1123-05-2.jpg,broussonettia_papyrifera
dataset/images/lab/Auto_cropped/acer_palmatum/wb1128-10-3.jpg,acer_palmatum
dataset/images/lab/Auto_cropped/diospyros_virginiana/pi2201-03-1.jpg,diospyros_virginiana
dataset/images/lab/Auto_cropped/quercus_muehlenbergii/wb1529-07-2.jpg,quercus_muehlenbergii
dataset/images/lab/Auto_cropped/cercis_canadensis/pi0014-01-2.jpg,cercis_canadensis
dataset/images/lab/Auto_cropped/staphylea_trifolia/pi2464-04-3.jpg,staphylea_trifolia
dataset/images/field/liriodendron_tulipifera/12992002534366.jpg,liriodendron_tulipifera
dataset/images/lab/Auto_cropped/ptelea_trifoliata/pi0007-07-4.jpg,ptelea_trifoliata
dataset/images/lab/Auto_cropped/broussonettia_papyrifera/wb1389-06-2.jpg,broussonettia_papyrifera
dataset/images/field/prunus_virginiana/13002166692449.jpg,prunus_virginiana
dataset/images/lab/Auto_cropped/ostrya_virginiana/pi2461-09-2.jpg,ostrya_virginiana
dataset/images/field/prunus_sargentii/13292214159759.jpg,prunus_sargentii
dataset/images/field/ptelea_trifoliata/13292213862550.jpg,ptelea_trifoliata
dataset/images/field/carya_cordiformis/13001257147749.jpg,carya_cordiformis
dataset/images/lab/Auto_cropped/acer_palmatum/wb1128-02-4.jpg,acer_palmatum
dataset/images/lab/Auto_cropped/cercis_canadensis/pi0001-01-1.jpg,cercis_canadensis
dataset/images/lab/Auto_cropped/catalpa_bignonioides/pi2788-02-4.jpg,catalpa_bignonioides
dataset/images/field/aesculus_pavi/13291655557113.jpg,aesculus_pavi
dataset/images/lab/Auto_cropped/broussonettia_papyrifera/wb1389-09-3.jpg,broussonettia_papyrifera
dataset/images/lab/Auto_cropped/gleditsia_triacanthos/pi2767-05-3.jpg,gleditsia_triacanthos
dataset/images/field/chionanthus_virginicus/13001305195025.jpg,chionanthus_virginicus
dataset/images/lab/Auto_cropped/fraxinus_nigra/ny1053-03-2.jpg,fraxinus_nigra
dataset/images/lab/Auto_cropped/broussonettia_papyrifera/wb1390-08-1.jpg,broussonettia_papyrifera
dataset/images/lab/Auto_cropped/aesculus_pavi/ny1019-07-1.jpg,aesculus_pavi
dataset/images/lab/Auto_cropped/ptelea_trifoliata/pi0019-01-1.jpg,ptelea_trifoliata
dataset/images/field/acer_rubrum/13001155907493.jpg,acer_rubrum
dataset/images/lab/Auto_cropped/liriodendron_tulipifera/pi2248-05-1.jpg,liriodendron_tulipifera
dataset/images/lab/Auto_cropped/asimina_triloba/pi2181-10-1.jpg,asimina_triloba
dataset/images/lab/Auto_cropped/acer_rubrum/pi2609-04-3.jpg,acer_rubrum
dataset/images/lab/Auto_cropped/liriodendron_tulipifera/pi2249-02-1.jpg,liriodendron_tulipifera
dataset/images/lab/Auto_cropped/broussonettia_papyrifera/wb1389-04-4.jpg,broussonettia_papyrifera
dataset/images/lab/Auto_cropped/maclura_pomifera/pi2719-09-4.jpg,maclura_pomifera
dataset/images/lab/Auto_cropped/liriodendron_tulipifera/pi2248-06-3.jpg,liriodendron_tulipifera
dataset/images/lab/Auto_cropped/ptelea_trifoliata/pi0003-08-4.jpg,ptelea_trifoliata
dataset/images/lab/Auto_cropped/gleditsia_triacanthos/pi2769-09-3.jpg,gleditsia_triacanthos
dataset/images/field/styrax_japonica/13002208606929.jpg,styrax_japonica
dataset/images/field/styrax_japonica/13002208607212.jpg,styrax_japonica
dataset/images/lab/Auto_cropped/acer_rubrum/pi2611-10-4.jpg,acer_rubrum
dataset/images/lab/Auto_cropped/chionanthus_virginicus/pi2216-01-3.jpg,chionanthus_virginicus
dataset/images/lab/Auto_cropped/chionanthus_virginicus/pi2217-06-1.jpg,chionanthus_virginicus
dataset/images/lab/Auto_cropped/liriodendron_tulipifera/pi2249-02-3.jpg,liriodendron_tulipifera
dataset/images/lab/Auto_cropped/carya_cordiformis/pi0054-07-2.jpg,carya_cordiformis
dataset/images/field/ostrya_virginiana/13001985580691.jpg,ostrya_virginiana
dataset/images/lab/Auto_cropped/quercus_montana/pi0036-01-2.jpg,quercus_montana
dataset/images/lab/Auto_cropped/acer_rubrum/pi2611-10-2.jpg,acer_rubrum
dataset/images/lab/Auto_cropped/staphylea_trifolia/pi2197-07-1.jpg,staphylea_trifolia
dataset/images/lab/Auto_cropped/ulmus_pumila/ny1050-08-4.jpg,ulmus_pumila
dataset/images/field/acer_negundo/13001151164341.jpg,acer_negundo
dataset/images/lab/Auto_cropped/quercus_muehlenbergii/wb1529-05-1.jpg,quercus_muehlenbergii
dataset/images/lab/Auto_cropped/ptelea_trifoliata/pi0007-07-3.jpg,ptelea_trifoliata
dataset/images/lab/Auto_cropped/gleditsia_triacanthos/pi2767-10-4.jpg,gleditsia_triacanthos
dataset/images/lab/Auto_cropped/ilex_opaca/pi2490-05-2.jpg,ilex_opaca
dataset/images/lab/Auto_cropped/ulmus_rubra/wb1218-01-3.jpg,ulmus_rubra
dataset/images/field/prunus_virginiana/13002166699296.jpg,prunus_virginiana
dataset/images/lab/Auto_cropped/ulmus_pumila/ny1048-10-1.jpg,ulmus_pumila
dataset/images/lab/Auto_cropped/abies_concolor/ny1157-09-4.jpg,abies_concolor
dataset/images/lab/Auto_cropped/diospyros_virginiana/pi2201-10-3.jpg,diospyros_virginiana
dataset/images/lab/Auto_cropped/chionanthus_virginicus/pi2217-06-3.jpg,chionanthus_virginicus
dataset/images/lab/Auto_cropped/catalpa_bignonioides/pi2784-06-1.jpg,catalpa_bignonioides
dataset/images/lab/Auto_cropped/staphylea_trifolia/pi2197-09-4.jpg,staphylea_trifolia
dataset/images/lab/Auto_cropped/ulmus_pumila/ny1048-01-2.jpg,ulmus_pumila
dataset/images/lab/Auto_cropped/ulmus_americana/pi2489-04-3.jpg,ulmus_americana
dataset/images/lab/Auto_cropped/chionanthus_virginicus/pi2217-03-2.jpg,chionanthus_virginicus
dataset/images/lab/Auto_cropped/catalpa_bignonioides/pi2784-04-3.jpg,catalpa_bignonioides
dataset/images/lab/Auto_cropped/ptelea_trifoliata/pi1014-03-2.jpg,ptelea_trifoliata
dataset/images/lab/Auto_cropped/ptelea_trifoliata/pi0004-02-1.jpg,ptelea_trifoliata
dataset/images/lab/Auto_cropped/juglans_cinerea/wb1487-10-3.jpg,juglans_cinerea
dataset/images/lab/Auto_cropped/abies_concolor/ny1157-01-4.jpg,abies_concolor
dataset/images/field/cryptomeria_japonica/13001326975409.jpg,cryptomeria_japonica
dataset/images/lab/Auto_cropped/catalpa_bignonioides/pi2788-07-4.jpg,catalpa_bignonioides
dataset/images/lab/Auto_cropped/acer_negundo/pi2027-05-1.jpg,acer_negundo
dataset/images/lab/Auto_cropped/prunus_sargentii/ny1094-04-1.jpg,prunus_sargentii
dataset/images/lab/Auto_cropped/ptelea_trifoliata/pi0003-05-4.jpg,ptelea_trifoliata
dataset/images/field/fraxinus_nigra/13291804057851.jpg,fraxinus_nigra
dataset/images/lab/Auto_cropped/asimina_triloba/pi2181-02-2.jpg,asimina_triloba
dataset/images/lab/Auto_cropped/prunus_sargentii/ny1095-09-2.jpg,prunus_sargentii
dataset/images/lab/Auto_cropped/gleditsia_triacanthos/pi2767-10-2.jpg,gleditsia_triacanthos
dataset/images/lab/Auto_cropped/gleditsia_triacanthos/pi2767-03-1.jpg,gleditsia_triacanthos
dataset/images/lab/Auto_cropped/ulmus_americana/pi2487-06-3.jpg,ulmus_americana
dataset/images/lab/Auto_cropped/acer_rubrum/pi2388-10-3.jpg,acer_rubrum
dataset/images/lab/Auto_cropped/ulmus_rubra/wb1219-03-1.jpg,ulmus_rubra
dataset/images/field/liriodendron_tulipifera/12992002649482.jpg,liriodendron_tulipifera
dataset/images/lab/Auto_cropped/maclura_pomifera/pi2776-01-3.jpg,maclura_pomifera
dataset/images/lab/Auto_cropped/acer_negundo/pi2028-01-1.jpg,acer_negundo
dataset/images/lab/Auto_cropped/staphylea_trifolia/pi2196-09-2.jpg,staphylea_trifolia
dataset/images/field/catalpa_bignonioides/13001269150649.jpg,catalpa_bignonioides
dataset/images/lab/Auto_cropped/ilex_opaca/pi2630-12-4.jpg,ilex_opaca
dataset/images/field/acer_palmatum/1249061360_0001.jpg,acer_palmatum
dataset/images/lab/Auto_cropped/gleditsia_triacanthos/pi2767-03-3.jpg,gleditsia_triacanthos
dataset/images/field/acer_palmatum/13001152960627.jpg,acer_palmatum
dataset/images/lab/Auto_cropped/cercis_canadensis/pi1041-02-1.jpg,cercis_canadensis
dataset/images/field/ulmus_pumila/1258770451_0003.jpg,ulmus_pumila
dataset/images/lab/Auto_cropped/staphylea_trifolia/pi2197-01-1.jpg,staphylea_trifolia
dataset/images/lab/Auto_cropped/styrax_japonica/ny1003-06-4.jpg,styrax_japonica
dataset/images/field/liriodendron_tulipifera/12992002819441.jpg,liriodendron_tulipifera
dataset/images/lab/Auto_cropped/styrax_japonica/ny1002-03-3.jpg,styrax_japonica
dataset/images/lab/Auto_cropped/broussonettia_papyrifera/wb1390-08-3.jpg,broussonettia_papyrifera
dataset/images/lab/Auto_cropped/acer_rubrum/pi2608-01-2.jpg,acer_rubrum
dataset/images/lab/Auto_cropped/maclura_pomifera/pi2774-04-3.jpg,maclura_pomifera
dataset/images/lab/Auto_cropped/juglans_cinerea/wb1489-01-1.jpg,juglans_cinerea
dataset/images/field/prunus_virginiana/13002166693359.jpg,prunus_virginiana
dataset/images/lab/Auto_cropped/ilex_opaca/pi2630-09-1.jpg,ilex_opaca
dataset/images/field/acer_palmatum/13001152962667.jpg,acer_palmatum
dataset/images/lab/Auto_cropped/ulmus_americana/pi2488-10-3.jpg,ulmus_americana
dataset/images/field/styrax_japonica/13002208600509.jpg,styrax_japonica
dataset/images/lab/Auto_cropped/broussonettia_papyrifera/ny1122-08-2.jpg,broussonettia_papyrifera
dataset/images/lab/Auto_cropped/ostrya_virginiana/pi2461-07-2.jpg,ostrya_virginiana
dataset/images/lab/Auto_cropped/cryptomeria_japonica/ny1055-05-3.jpg,cryptomeria_japonica
dataset/images/field/chionanthus_virginicus/13001305196996.jpg,chionanthus_virginicus
dataset/images/lab/Auto_cropped/aesculus_pavi/ny1019-06-2.jpg,aesculus_pavi
dataset/images/lab/Auto_cropped/staphylea_trifolia/pi0238-02-1.jpg,staphylea_trifolia
dataset/images/field/abies_concolor/12995309747954.jpg,abies_concolor
dataset/images/field/fraxinus_nigra/13291804050846.jpg,fraxinus_nigra
dataset/images/lab/Auto_cropped/fraxinus_nigra/ny1053-03-1.jpg,fraxinus_nigra
dataset/images/lab/Auto_cropped/abies_concolor/ny1179-09-4.jpg,abies_concolor
dataset/images/lab/Auto_cropped/quercus_montana/pi0037-09-3.jpg,quercus_montana
dataset/images/lab/Auto_cropped/ilex_opaca/pi2630-05-4.jpg,ilex_opaca
dataset/images/lab/Auto_cropped/diospyros_virginiana/pi2198-03-2.jpg,diospyros_virginiana
dataset/images/lab/Auto_cropped/ilex_opaca/pi0056-04-3.jpg,ilex_opaca
dataset/images/field/catalpa_bignonioides/13001269157856.jpg,catalpa_bignonioides
dataset/images/lab/Auto_cropped/acer_negundo/pi2025-10-1.jpg,acer_negundo
dataset/images/field/chionanthus_virginicus/13001305198124.jpg,chionanthus_virginicus
dataset/images/lab/Auto_cropped/ulmus_rubra/wb1218-07-1.jpg,ulmus_rubra
dataset/images/field/prunus_sargentii/13292214156783.jpg,prunus_sargentii
dataset/images/lab/Auto_cropped/styrax_japonica/ny1002-06-3.jpg,styrax_japonica
dataset/images/lab/Auto_cropped/asimina_triloba/pi2180-06-1.jpg,asimina_triloba
dataset/images/lab/Auto_cropped/acer_rubrum/pi2773-07-3.jpg,acer_rubrum
dataset/images/lab/Auto_cropped/maclura_pomifera/pi2775-02-2.jpg,maclura_pomifera
dataset/images/lab/Auto_cropped/carya_cordiformis/pi2337-01-1.jpg,carya_cordiformis
dataset/images/lab/Auto_cropped/quercus_muehlenbergii/wb1531-03-2.jpg,quercus_muehlenbergii
dataset/images/lab/Auto_cropped/ulmus_americana/pi2488-08-1.jpg,ulmus_americana
dataset/images/lab/Auto_cropped/gleditsia_triacanthos/pi2769-06-2.jpg,gleditsia_triacanthos
dataset/images/field/juglans_cinerea/13292191162916.jpg,juglans_cinerea
dataset/images/lab/Auto_cropped/ostrya_virginiana/pi2194-08-2.jpg,ostrya_virginiana
dataset/images/lab/Auto_cropped/carya_cordiformis/pi1068-01-4.jpg,carya_cordiformis
dataset/images/field/chionanthus_virginicus/13001305197517.jpg,chionanthus_virginicus
dataset/images/field/acer_palmatum/13001152963698.jpg,acer_palmatum
dataset/images/field/staphylea_trifolia/13291710340049.jpg,staphylea_trifolia
dataset/images/lab/Auto_cropped/maclura_pomifera/pi2776-05-3.jpg,maclura_pomifera
dataset/images/lab/Auto_cropped/aesculus_pavi/ny1020-04-3.jpg,aesculus_pavi
dataset/images/lab/Auto_cropped/catalpa_bignonioides/pi2718-02-1.jpg,catalpa_bignonioides
dataset/images/lab/Auto_cropped/broussonettia_papyrifera/wb1390-04-4.jpg,broussonettia_papyrifera
dataset/images/lab/Auto_cropped/asimina_triloba/pi2178-07-1.jpg,asimina_triloba
dataset/images/field/asimina_triloba/13001240195522.jpg,asimina_triloba
dataset/images/lab/Auto_cropped/liriodendron_tulipifera/pi0068-03-2.jpg,liriodendron_tulipifera
dataset/images/lab/Auto_cropped/broussonettia_papyrifera/ny1122-05-1.jpg,broussonettia_papyrifera
dataset/images/lab/Auto_cropped/ostrya_virginiana/pi2461-03-3.jpg,ostrya_virginiana
dataset/images/lab/Auto_cropped/juglans_cinerea/wb1487-02-1.jpg,juglans_cinerea
dataset/images/lab/Auto_cropped/maclura_pomifera/pi2719-06-2.jpg,maclura_pomifera
dataset/images/field/prunus_virginiana/13002166690601.jpg,prunus_virginiana
dataset/images/lab/Auto_cropped/catalpa_bignonioides/pi2788-05-2.jpg,catalpa_bignonioides
dataset/images/lab/Auto_cropped/ulmus_pumila/ny1049-07-3.jpg,ulmus_pumila
dataset/images/field/cryptomeria_japonica/13001326977274.jpg,cryptomeria_japonica
dataset/images/lab/Auto_cropped/ulmus_americana/pi0020-03-1.jpg,ulmus_americana
dataset/images/lab/Auto_cropped/gleditsia_triacanthos/pi2768-09-4.jpg,gleditsia_triacanthos
dataset/images/lab/Auto_cropped/ptelea_trifoliata/pi0006-02-3.jpg,ptelea_trifoliata
dataset/images/lab/Auto_cropped/gleditsia_triacanthos/pi2769-10-1.jpg,gleditsia_triacanthos
dataset/images/lab/Auto_cropped/ulmus_pumila/ny1049-09-2.jpg,ulmus_pumila
dataset/images/lab/Auto_cropped/acer_rubrum/pi2611-10-1.jpg,acer_rubrum
dataset/images/lab/Auto_cropped/quercus_muehlenbergii/wb1531-07-3.jpg,quercus_muehlenbergii
dataset/images/lab/Auto_cropped/chionanthus_virginicus/pi0034-06-2.jpg,chionanthus_virginicus
dataset/images/lab/Auto_cropped/cercis_canadensis/pi1041-01-4.jpg,cercis_canadensis
dataset/images/lab/Auto_cropped/aesculus_pavi/ny1021-10-2.jpg,aesculus_pavi
dataset/images/lab/Auto_cropped/acer_negundo/pi2026-08-4.jpg,acer_negundo
dataset/images/lab/Auto_cropped/asimina_triloba/pi2180-08-2.jpg,asimina_triloba
dataset/images/lab/Auto_cropped/ostrya_virginiana/pi2195-08-4.jpg,ostrya_virginiana
dataset/images/field/prunus_virginiana/13002169497316.jpg,prunus_virginiana
dataset/images/lab/Auto_cropped/acer_negundo/pi2028-01-3.jpg,acer_negundo
dataset/images/lab/Auto_cropped/cercis_canadensis/pi0015-03-3.jpg,cercis_canadensis
dataset/images/lab/Auto_cropped/ptelea_trifoliata/pi0004-03-4.jpg,ptelea_trifoliata
dataset/images/lab/Auto_cropped/liriodendron_tulipifera/pi0069-03-1.jpg,liriodendron_tulipifera
dataset/images/lab/Auto_cropped/acer_palmatum/wb1127-06-4.jpg,acer_palmatum
dataset/images/field/ulmus_pumila/13291724502120.jpg,ulmus_pumila
dataset/images/lab/Auto_cropped/acer_negundo/pi2027-06-3.jpg,acer_negundo
dataset/images/lab/Auto_cropped/liriodendron_tulipifera/pi0069-05-2.jpg,liriodendron_tulipifera
dataset/images/lab/Auto_cropped/broussonettia_papyrifera/ny1124-07-4.jpg,broussonettia_papyrifera
dataset/images/field/catalpa_bignonioides/13001269150344.jpg,catalpa_bignonioides
dataset/images/lab/Auto_cropped/acer_negundo/pi2026-04-1.jpg,acer_negundo
dataset/images/lab/Auto_cropped/catalpa_bignonioides/pi2788-04-4.jpg,catalpa_bignonioides
dataset/images/lab/Auto_cropped/acer_negundo/pi2025-06-2.jpg,acer_negundo
dataset/images/lab/Auto_cropped/cercis_canadensis/pi0015-01-2.jpg,cercis_canadensis
dataset/images/lab/Auto_cropped/acer_negundo/pi2025-01-1.jpg,acer_negundo
dataset/images/lab/Auto_cropped/chionanthus_virginicus/pi2217-03-3.jpg,chionanthus_virginicus
dataset/images/lab/Auto_cropped/diospyros_virginiana/pi2200-03-3.jpg,diospyros_virginiana
dataset/images/lab/Auto_cropped/liriodendron_tulipifera/pi0069-04-4.jpg,liriodendron_tulipifera
dataset/images/lab/Auto_cropped/broussonettia_papyrifera/ny1123-10-2.jpg,broussonettia_papyrifera
dataset/images/lab/Auto_cropped/ilex_opaca/pi2630-10-2.jpg,ilex_opaca
dataset/images/lab/Auto_cropped/staphylea_trifolia/pi2197-07-3.jpg,staphylea_trifolia
dataset/images/field/ulmus_pumila/13291724505843.jpg,ulmus_pumila
dataset/images/lab/Auto_cropped/ostrya_virginiana/pi2462-05-2.jpg,ostrya_virginiana
dataset/images/lab/Auto_cropped/asimina_triloba/pi2180-09-1.jpg,asimina_triloba
dataset/images/lab/Auto_cropped/asimina_triloba/pi2179-01-1.jpg,asimina_triloba
dataset/images/lab/Auto_cropped/quercus_muehlenbergii/wb1530-09-3.jpg,quercus_muehlenbergii
dataset/images/lab/Auto_cropped/cercis_canadensis/pi0015-03-2.jpg,cercis_canadensis
dataset/images/field/acer_palmatum/13001152960371.jpg,acer_palmatum
dataset/images/lab/Auto_cropped/liriodendron_tulipifera/pi0068-01-2.jpg,liriodendron_tulipifera
dataset/images/field/juglans_cinerea/13292191166857.jpg,juglans_cinerea
dataset/images/lab/Auto_cropped/prunus_virginiana/wb1320-07-3.jpg,prunus_virginiana
dataset/images/field/catalpa_bignonioides/13001269153222.jpg,catalpa_bignonioides
dataset/images/lab/Auto_cropped/prunus_sargentii/ny1094-05-3.jpg,prunus_sargentii
dataset/images/lab/Auto_cropped/ulmus_rubra/wb1218-08-4.jpg,ulmus_rubra
dataset/images/lab/Auto_cropped/broussonettia_papyrifera/wb1389-08-2.jpg,broussonettia_papyrifera
dataset/images/lab/Auto_cropped/ostrya_virginiana/pi2194-03-2.jpg,ostrya_virginiana
dataset/images/lab/Auto_cropped/quercus_montana/pi0039-04-2.jpg,quercus_montana
dataset/images/lab/Auto_cropped/liriodendron_tulipifera/pi2248-09-1.jpg,liriodendron_tulipifera
dataset/images/lab/Auto_cropped/quercus_montana/pi0038-01-1.jpg,quercus_montana
dataset/images/lab/Auto_cropped/broussonettia_papyrifera/wb1389-05-3.jpg,broussonettia_papyrifera
dataset/images/lab/Auto_cropped/prunus_sargentii/ny1095-13-2.jpg,prunus_sargentii
dataset/images/lab/Auto_cropped/aesculus_pavi/ny1020-10-3.jpg,aesculus_pavi
dataset/images/lab/Auto_cropped/prunus_sargentii/ny1095-13-3.jpg,prunus_sargentii
dataset/images/field/fraxinus_nigra/13291804055083.jpg,fraxinus_nigra
dataset/images/field/asimina_triloba/13001240194809.jpg,asimina_triloba
dataset/images/lab/Auto_cropped/cercis_canadensis/pi0014-07-3.jpg,cercis_canadensis
dataset/images/lab/Auto_cropped/maclura_pomifera/pi2719-09-3.jpg,maclura_pomifera
dataset/images/lab/Auto_cropped/chionanthus_virginicus/pi2216-04-3.jpg,chionanthus_virginicus
dataset/images/field/juglans_cinerea/13292191163878.jpg,juglans_cinerea
dataset/images/field/prunus_virginiana/13010820796603.jpg,prunus_virginiana
dataset/images/lab/Auto_cropped/diospyros_virginiana/pi2201-01-1.jpg,diospyros_virginiana
dataset/images/lab/Auto_cropped/aesculus_pavi/ny1019-11-4.jpg,aesculus_pavi
dataset/images/lab/Auto_cropped/acer_negundo/pi2028-06-1.jpg,acer_negundo
dataset/images/lab/Auto_cropped/ilex_opaca/pi0056-02-3.jpg,ilex_opaca
dataset/images/field/gleditsia_triacanthos/12992000871560.jpg,gleditsia_triacanthos
dataset/images/field/styrax_japonica/13002208608852.jpg,styrax_japonica
dataset/images/lab/Auto_cropped/ilex_opaca/pi0219-10-3.jpg,ilex_opaca
dataset/images/lab/Auto_cropped/ulmus_americana/pi2489-03-1.jpg,ulmus_americana
dataset/images/field/ilex_opaca/1248105728_0007.jpg,ilex_opaca
dataset/images/lab/Auto_cropped/juglans_cinerea/wb1489-07-3.jpg,juglans_cinerea
dataset/images/lab/Auto_cropped/fraxinus_nigra/ny1053-22-1.jpg,fraxinus_nigra
dataset/images/lab/Auto_cropped/gleditsia_triacanthos/pi2768-04-4.jpg,gleditsia_triacanthos
dataset/images/field/gleditsia_triacanthos/12992000911703.jpg,gleditsia_triacanthos
dataset/images/lab/Auto_cropped/staphylea_trifolia/pi2197-03-3.jpg,staphylea_trifolia
dataset/images/lab/Auto_cropped/catalpa_bignonioides/pi2718-01-3.jpg,catalpa_bignonioides
dataset/images/lab/Auto_cropped/ptelea_trifoliata/pi0005-03-3.jpg,ptelea_trifoliata
dataset/images/lab/Auto_cropped/ilex_opaca/pi0056-03-2.jpg,ilex_opaca
dataset/images/lab/Auto_cropped/acer_rubrum/pi2608-04-4.jpg,acer_rubrum
dataset/images/field/ilex_opaca/1259044643_0016.jpg,ilex_opaca
dataset/images/lab/Auto_cropped/quercus_montana/pi0039-05-3.jpg,quercus_montana
dataset/images/lab/Auto_cropped/quercus_muehlenbergii/wb1531-06-1.jpg,quercus_muehlenbergii
dataset/images/lab/Auto_cropped/staphylea_trifolia/pi2196-08-1.jpg,staphylea_trifolia
dataset/images/field/liriodendron_tulipifera/12992002776742.jpg,liriodendron_tulipifera
dataset/images/field/diospyros_virginiana/12991999944500.jpg,diospyros_virginiana
dataset/images/lab/Auto_cropped/ilex_opaca/pi0219-05-4.jpg,ilex_opaca
dataset/images/lab/Auto_cropped/ilex_opaca/pi2490-06-3.jpg,ilex_opaca
dataset/images/lab/Auto_cropped/quercus_muehlenbergii/wb1530-02-3.jpg,quercus_muehlenbergii
dataset/images/lab/Auto_cropped/liriodendron_tulipifera/pi0069-01-4.jpg,liriodendron_tulipifera
dataset/images/lab/Auto_cropped/chionanthus_virginicus/pi2216-05-4.jpg,chionanthus_virginicus
dataset/images/lab/Auto_cropped/cercis_canadensis/pi0015-01-3.jpg,cercis_canadensis
dataset/images/field/aesculus_pavi/13033299108686.jpg,aesculus_pavi
dataset/images/field/broussonettia_papyrifera/13001252079914.jpg,broussonettia_papyrifera
dataset/images/field/quercus_montana/13292231172389.jpg,quercus_montana
dataset/images/lab/Auto_cropped/maclura_pomifera/pi2776-07-2.jpg,maclura_pomifera
dataset/images/lab/Auto_cropped/maclura_pomifera/pi2235-02-4.jpg,maclura_pomifera
dataset/images/lab/Auto_cropped/asimina_triloba/pi2177-09-4.jpg,asimina_triloba
dataset/images/field/prunus_virginiana/13002169494426.jpg,prunus_virginiana
dataset/images/lab/Auto_cropped/maclura_pomifera/pi2774-04-2.jpg,maclura_pomifera
dataset/images/field/aesculus_pavi/13291655557558.jpg,aesculus_pavi
dataset/images/lab/Auto_cropped/ptelea_trifoliata/pi0006-03-1.jpg,ptelea_trifoliata
dataset/images/field/catalpa_bignonioides/13001269152126.jpg,catalpa_bignonioides
dataset/images/field/aesculus_pavi/13033299106911.jpg,aesculus_pavi
dataset/images/field/gleditsia_triacanthos/12992000888893.jpg,gleditsia_triacanthos
dataset/images/lab/Auto_cropped/styrax_japonica/ny1002-05-1.jpg,styrax_japonica
dataset/images/lab/Auto_cropped/abies_concolor/ny1178-03-2.jpg,abies_concolor
dataset/images/lab/Auto_cropped/ostrya_virginiana/pi2195-08-1.jpg,ostrya_virginiana
dataset/images/lab/Auto_cropped/staphylea_trifolia/pi2197-08-3.jpg,staphylea_trifolia
dataset/images/field/quercus_montana/13292231170455.jpg,quercus_montana
dataset/images/lab/Auto_cropped/ulmus_americana/pi2487-04-2.jpg,ulmus_americana
dataset/images/lab/Auto_cropped/acer_negundo/pi2027-03-3.jpg,acer_negundo
dataset/images/lab/Auto_cropped/chionanthus_virginicus/pi2216-09-1.jpg,chionanthus_virginicus
dataset/images/field/styrax_japonica/13002208603926.jpg,styrax_japonica
dataset/images/lab/Auto_cropped/maclura_pomifera/pi2776-09-1.jpg,maclura_pomifera
dataset/images/lab/Auto_cropped/abies_concolor/ny1178-01-2.jpg,abies_concolor
dataset/images/lab/Auto_cropped/catalpa_bignonioides/pi2784-09-4.jpg,catalpa_bignonioides
dataset/images/lab/Auto_cropped/ilex_opaca/pi2630-01-1.jpg,ilex_opaca
dataset/images/lab/Auto_cropped/ulmus_rubra/wb1217-08-2.jpg,ulmus_rubra
dataset/images/field/styrax_japonica/13002208605815.jpg,styrax_japonica
dataset/images/lab/Auto_cropped/ostrya_virginiana/pi2461-01-1.jpg,ostrya_virginiana
dataset/images/lab/Auto_cropped/maclura_pomifera/pi2719-04-4.jpg,maclura_pomifera
dataset/images/lab/Auto_cropped/broussonettia_papyrifera/wb1389-01-3.jpg,broussonettia_papyrifera
dataset/images/field/aesculus_pavi/13291655550601.jpg,aesculus_pavi
dataset/images/lab/Auto_cropped/acer_negundo/pi2025-10-2.jpg,acer_negundo
dataset/images/lab/Auto_cropped/carya_cordiformis/pi0055-05-2.jpg,carya_cordiformis
dataset/images/field/chionanthus_virginicus/13001305192398.jpg,chionanthus_virginicus
dataset/images/field/cercis_canadensis/12991999231897.jpg,cercis_canadensis
dataset/images/lab/Auto_cropped/asimina_triloba/pi2181-01-1.jpg,asimina_triloba
dataset/images/lab/Auto_cropped/cercis_canadensis/pi0001-02-4.jpg,cercis_canadensis
dataset/images/lab/Auto_cropped/prunus_sargentii/ny1095-02-1.jpg,prunus_sargentii
dataset/images/field/liriodendron_tulipifera/12992002336539.jpg,liriodendron_tulipifera
dataset/images/lab/Auto_cropped/maclura_pomifera/pi2775-01-1.jpg,maclura_pomifera
dataset/images/field/chionanthus_virginicus/13001305190733.jpg,chionanthus_virginicus
dataset/images/lab/Auto_cropped/broussonettia_papyrifera/ny1123-08-3.jpg,broussonettia_papyrifera
dataset/images/lab/Auto_cropped/ulmus_pumila/ny1050-04-3.jpg,ulmus_pumila
dataset/images/lab/Auto_cropped/diospyros_virginiana/pi0196-03-4.jpg,diospyros_virginiana
dataset/images/lab/Auto_cropped/liriodendron_tulipifera/pi0069-03-4.jpg,liriodendron_tulipifera
dataset/images/lab/Auto_cropped/ptelea_trifoliata/pi0007-02-3.jpg,ptelea_trifoliata
dataset/images/lab/Auto_cropped/ulmus_americana/pi2486-10-3.jpg,ulmus_americana
dataset/images/lab/Auto_cropped/cercis_canadensis/pi0001-02-1.jpg,cercis_canadensis
dataset/images/lab/Auto_cropped/gleditsia_triacanthos/pi1072-02-3.jpg,gleditsia_triacanthos
dataset/images/field/prunus_virginiana/13010820799435.jpg,prunus_virginiana
dataset/images/lab/Auto_cropped/maclura_pomifera/pi2235-01-2.jpg,maclura_pomifera
dataset/images/lab/Auto_cropped/ulmus_rubra/wb1217-02-1.jpg,ulmus_rubra
dataset/images/lab/Auto_cropped/quercus_montana/pi0036-04-2.jpg,quercus_montana
dataset/images/lab/Auto_cropped/acer_palmatum/wb1128-01-2.jpg,acer_palmatum
dataset/images/field/cercis_canadensis/12991999119849.jpg,cercis_canadensis
dataset/images/lab/Auto_cropped/ulmus_pumila/ny1049-06-4.jpg,ulmus_pumila
dataset/images/lab/Auto_cropped/abies_concolor/ny1157-19-4.jpg,abies_concolor
dataset/images/lab/Auto_cropped/ulmus_rubra/wb1218-02-2.jpg,ulmus_rubra
dataset/images/field/carya_cordiformis/13001257142738.jpg,carya_cordiformis
dataset/images/lab/Auto_cropped/ilex_opaca/pi2490-03-1.jpg,ilex_opaca
dataset/images/lab/Auto_cropped/cercis_canadensis/pi0001-08-2.jpg,cercis_canadensis
dataset/images/lab/Auto_cropped/acer_negundo/pi2027-05-3.jpg,acer_negundo
dataset/images/lab/Auto_cropped/catalpa_bignonioides/pi2718-03-3.jpg,catalpa_bignonioides
dataset/images/lab/Auto_cropped/ostrya_virginiana/pi2195-09-3.jpg,ostrya_virginiana
dataset/images/lab/Auto_cropped/maclura_pomifera/pi2775-03-3.jpg,maclura_pomifera
dataset/images/lab/Auto_cropped/ptelea_trifoliata/pi0007-03-1.jpg,ptelea_trifoliata
dataset/images/lab/Auto_cropped/diospyros_virginiana/pi2201-05-4.jpg,diospyros_virginiana
dataset/images/lab/Auto_cropped/ulmus_rubra/wb1217-06-4.jpg,ulmus_rubra
dataset/images/field/acer_palmatum/13001152963574.jpg,acer_palmatum
dataset/images/lab/Auto_cropped/gleditsia_triacanthos/pi2769-08-2.jpg,gleditsia_triacanthos
dataset/images/lab/Auto_cropped/aesculus_pavi/ny1020-04-4.jpg,aesculus_pavi
dataset/images/field/aesculus_pavi/13291655553602.jpg,aesculus_pavi
dataset/images/field/juglans_cinerea/13292191168790.jpg,juglans_cinerea
dataset/images/lab/Auto_cropped/ilex_opaca/pi0219-02-2.jpg,ilex_opaca
dataset/images/lab/Auto_cropped/ulmus_americana/pi2486-08-3.jpg,ulmus_americana
dataset/images/lab/Auto_cropped/maclura_pomifera/pi2235-09-2.jpg,maclura_pomifera
dataset/images/lab/Auto_cropped/liriodendron_tulipifera/pi0068-01-4.jpg,liriodendron_tulipifera
dataset/images/lab/Auto_cropped/abies_concolor/ny1157-03-2.jpg,abies_concolor
dataset/images/lab/Auto_cropped/asimina_triloba/pi2181-09-4.jpg,asimina_triloba
dataset/images/lab/Auto_cropped/cercis_canadensis/pi0001-07-3.jpg,cercis_canadensis
dataset/images/lab/Auto_cropped/staphylea_trifolia/pi2463-01-4.jpg,staphylea_trifolia
dataset/images/lab/Auto_cropped/juglans_cinerea/wb1488-07-2.jpg,juglans_cinerea
dataset/images/lab/Auto_cropped/aesculus_pavi/ny1021-05-3.jpg,aesculus_pavi
dataset/images/lab/Auto_cropped/maclura_pomifera/pi2719-05-2.jpg,maclura_pomifera
dataset/images/lab/Auto_cropped/chionanthus_virginicus/pi2216-09-3.jpg,chionanthus_virginicus
dataset/images/lab/Auto_cropped/quercus_montana/pi0037-01-2.jpg,quercus_montana
dataset/images/lab/Auto_cropped/styrax_japonica/ny1003-03-2.jpg,styrax_japonica
dataset/images/lab/Auto_cropped/asimina_triloba/pi2178-06-3.jpg,asimina_triloba
dataset/images/lab/Auto_cropped/carya_cordiformis/pi2337-06-4.jpg,carya_cordiformis
dataset/images/lab/Auto_cropped/ptelea_trifoliata/pi0003-04-2.jpg,ptelea_trifoliata
dataset/images/lab/Auto_cropped/asimina_triloba/pi2181-08-2.jpg,asimina_triloba
dataset/images/lab/Auto_cropped/broussonettia_papyrifera/wb1388-04-2.jpg,broussonettia_papyrifera
dataset/images/field/fraxinus_nigra/13291804058990.jpg,fraxinus_nigra
dataset/images/field/ilex_opaca/1248105728_0004.jpg,ilex_opaca
