path,label,source
data\raw\5061353\leafsnap-dataset-30subset\dataset\images\field\abies_concolor\12995307070714.jpg,abies_concolor,field
data\raw\5061353\leafsnap-dataset-30subset\dataset\images\field\abies_concolor\12995309740463.jpg,abies_concolor,field
data\raw\5061353\leafsnap-dataset-30subset\dataset\images\field\abies_concolor\12995309740671.jpg,abies_concolor,field
data\raw\5061353\leafsnap-dataset-30subset\dataset\images\field\abies_concolor\12995309740678.jpg,abies_concolor,field
data\raw\5061353\leafsnap-dataset-30subset\dataset\images\field\abies_concolor\12995309740717.jpg,abies_concolor,field
data\raw\5061353\leafsnap-dataset-30subset\dataset\images\field\abies_concolor\12995309740735.jpg,abies_concolor,field
data\raw\5061353\leafsnap-dataset-30subset\dataset\images\field\abies_concolor\12995309740834.jpg,abies_concolor,field
data\raw\5061353\leafsnap-dataset-30subset\dataset\images\field\abies_concolor\12995309741318.jpg,abies_concolor,field
data\raw\5061353\leafsnap-dataset-30subset\dataset\images\field\abies_concolor\12995309741331.jpg,abies_concolor,field
data\raw\5061353\leafsnap-dataset-30subset\dataset\images\field\abies_concolor\12995309741401.jpg,abies_concolor,field
data\raw\5061353\leafsnap-dataset-30subset\dataset\images\field\abies_concolor\12995309741404.jpg,abies_concolor,field
data\raw\5061353\leafsnap-dataset-30subset\dataset\images\field\abies_concolor\12995309741567.jpg,abies_concolor,field
data\raw\5061353\leafsnap-dataset-30subset\dataset\images\field\abies_concolor\12995309741655.jpg,abies_concolor,field
data\raw\5061353\leafsnap-dataset-30subset\dataset\images\field\abies_concolor\12995309742003.jpg,abies_concolor,field
data\raw\5061353\leafsnap-dataset-30subset\dataset\images\field\abies_concolor\12995309742657.jpg,abies_concolor,field
data\raw\5061353\leafsnap-dataset-30subset\dataset\images\field\abies_concolor\12995309743421.jpg,abies_concolor,field
data\raw\5061353\leafsnap-dataset-30subset\dataset\images\field\abies_concolor\12995309743557.jpg,abies_concolor,field
data\raw\5061353\leafsnap-dataset-30subset\dataset\images\field\abies_concolor\12995309743623.jpg,abies_concolor,field
data\raw\5061353\leafsnap-dataset-30subset\dataset\images\field\abies_concolor\12995309743932.jpg,abies_concolor,field
data\raw\5061353\leafsnap-dataset-30subset\dataset\images\field\abies_concolor\12995309744055.jpg,abies_concolor,field
data\raw\5061353\leafsnap-dataset-30subset\dataset\images\field\abies_concolor\12995309744510.jpg,abies_concolor,field
data\raw\5061353\leafsnap-dataset-30subset\dataset\images\field\abies_concolor\12995309744941.jpg,abies_concolor,field
data\raw\5061353\leafsnap-dataset-30subset\dataset\images\field\abies_concolor\12995309745138.jpg,abies_concolor,field
data\raw\5061353\leafsnap-dataset-30subset\dataset\images\field\abies_concolor\12995309745356.jpg,abies_concolor,field
data\raw\5061353\leafsnap-dataset-30subset\dataset\images\field\abies_concolor\12995309745536.jpg,abies_concolor,field
data\raw\5061353\leafsnap-dataset-30subset\dataset\images\field\abies_concolor\12995309745825.jpg,abies_concolor,field
data\raw\5061353\leafsnap-dataset-30subset\dataset\images\field\abies_concolor\12995309745884.jpg,abies_concolor,field
data\raw\5061353\leafsnap-dataset-30subset\dataset\images\field\abies_concolor\12995309745919.jpg,abies_concolor,field
data\raw\5061353\leafsnap-dataset-30subset\dataset\images\field\abies_concolor\12995309746285.jpg,abies_concolor,field
data\raw\5061353\leafsnap-dataset-30subset\dataset\images\field\abies_concolor\12995309746536.jpg,abies_concolor,field
data\raw\5061353\leafsnap-dataset-30subset\dataset\images\field\abies_concolor\12995309746566.jpg,abies_concolor,field
data\raw\5061353\leafsnap-dataset-30subset\dataset\images\field\abies_concolor\12995309746810.jpg,abies_concolor,field
data\raw\5061353\leafsnap-dataset-30subset\dataset\images\field\abies_concolor\12995309746829.jpg,abies_concolor,field
data\raw\5061353\leafsnap-dataset-30subset\dataset\images\field\abies_concolor\12995309746836.jpg,abies_concolor,field
data\raw\5061353\leafsnap-dataset-30subset\dataset\images\field\abies_concolor\12995309747806.jpg,abies_concolor,field
data\raw\5061353\leafsnap-dataset-30subset\dataset\images\field\abies_concolor\12995309747954.jpg,abies_concolor,field
data\raw\5061353\leafsnap-dataset-30subset\dataset\images\field\abies_concolor\12995309748158.jpg,abies_concolor,field
data\raw\5061353\leafsnap-dataset-30subset\dataset\images\field\abies_concolor\12995309748490.jpg,abies_concolor,field
data\raw\5061353\leafsnap-dataset-30subset\dataset\images\field\abies_concolor\12995309748664.jpg,abies_concolor,field
data\raw\5061353\leafsnap-dataset-30subset\dataset\images\field\abies_concolor\12995309748681.jpg,abies_concolor,field
data\raw\5061353\leafsnap-dataset-30subset\dataset\images\field\abies_concolor\12995309748714.jpg,abies_concolor,field
data\raw\5061353\leafsnap-dataset-30subset\dataset\images\field\abies_concolor\12995309748789.jpg,abies_concolor,field
data\raw\5061353\leafsnap-dataset-30subset\dataset\images\field\abies_concolor\12995309748933.jpg,abies_concolor,field
data\raw\5061353\leafsnap-dataset-30subset\dataset\images\field\abies_concolor\12995309749090.jpg,abies_concolor,field
data\raw\5061353\leafsnap-dataset-30subset\dataset\images\field\abies_concolor\12995309749148.jpg,abies_concolor,field
data\raw\5061353\leafsnap-dataset-30subset\dataset\images\field\abies_concolor\12995309749476.jpg,abies_concolor,field
data\raw\5061353\leafsnap-dataset-30subset\dataset\images\field\abies_concolor\12995309749648.jpg,abies_concolor,field
data\raw\5061353\leafsnap-dataset-30subset\dataset\images\field\abies_concolor\12995309749691.jpg,abies_concolor,field
data\raw\5061353\leafsnap-dataset-30subset\dataset\images\field\abies_concolor\12995309749900.jpg,abies_concolor,field
data\raw\5061353\leafsnap-dataset-30subset\dataset\images\field\abies_concolor\12995309749937.jpg,abies_concolor,field
data\raw\5061353\leafsnap-dataset-30subset\dataset\images\field\abies_concolor\12995309749948.jpg,abies_concolor,field
data\raw\5061353\leafsnap-dataset-30subset\dataset\images\field\acer_negundo\13001151160340.jpg,acer_negundo,field
data\raw\5061353\leafsnap-dataset-30subset\dataset\images\field\acer_negundo\13001151160468.jpg,acer_negundo,field
data\raw\5061353\leafsnap-dataset-30subset\dataset\images\field\acer_negundo\13001151161072.jpg,acer_negundo,field
data\raw\5061353\leafsnap-dataset-30subset\dataset\images\field\acer_negundo\13001151161516.jpg,acer_negundo,field
data\raw\5061353\leafsnap-dataset-30subset\dataset\images\field\acer_negundo\13001151161760.jpg,acer_negundo,field
data\raw\5061353\leafsnap-dataset-30subset\dataset\images\field\acer_negundo\13001151162037.jpg,acer_negundo,field
data\raw\5061353\leafsnap-dataset-30subset\dataset\images\field\acer_negundo\13001151162113.jpg,acer_negundo,field
data\raw\5061353\leafsnap-dataset-30subset\dataset\images\field\acer_negundo\13001151162671.jpg,acer_negundo,field
data\raw\5061353\leafsnap-dataset-30subset\dataset\images\field\acer_negundo\13001151163249.jpg,acer_negundo,field
data\raw\5061353\leafsnap-dataset-30subset\dataset\images\field\acer_negundo\13001151163555.jpg,acer_negundo,field
data\raw\5061353\leafsnap-dataset-30subset\dataset\images\field\acer_negundo\13001151163880.jpg,acer_negundo,field
data\raw\5061353\leafsnap-dataset-30subset\dataset\images\field\acer_negundo\13001151163898.jpg,acer_negundo,field
data\raw\5061353\leafsnap-dataset-30subset\dataset\images\field\acer_negundo\13001151163946.jpg,acer_negundo,field
data\raw\5061353\leafsnap-dataset-30subset\dataset\images\field\acer_negundo\13001151164033.jpg,acer_negundo,field
data\raw\5061353\leafsnap-dataset-30subset\dataset\images\field\acer_negundo\13001151164094.jpg,acer_negundo,field
data\raw\5061353\leafsnap-dataset-30subset\dataset\images\field\acer_negundo\13001151164341.jpg,acer_negundo,field
data\raw\5061353\leafsnap-dataset-30subset\dataset\images\field\acer_negundo\13001151164384.jpg,acer_negundo,field
data\raw\5061353\leafsnap-dataset-30subset\dataset\images\field\acer_negundo\13001151164597.jpg,acer_negundo,field
data\raw\5061353\leafsnap-dataset-30subset\dataset\images\field\acer_negundo\13001151164737.jpg,acer_negundo,field
data\raw\5061353\leafsnap-dataset-30subset\dataset\images\field\acer_negundo\13001151165228.jpg,acer_negundo,field
data\raw\5061353\leafsnap-dataset-30subset\dataset\images\field\acer_negundo\13001151165342.jpg,acer_negundo,field
data\raw\5061353\leafsnap-dataset-30subset\dataset\images\field\acer_negundo\13001151165602.jpg,acer_negundo,field
data\raw\5061353\leafsnap-dataset-30subset\dataset\images\field\acer_negundo\13001151165933.jpg,acer_negundo,field
data\raw\5061353\leafsnap-dataset-30subset\dataset\images\field\acer_negundo\13001151166181.jpg,acer_negundo,field
data\raw\5061353\leafsnap-dataset-30subset\dataset\images\field\acer_negundo\13001151166827.jpg,acer_negundo,field
data\raw\5061353\leafsnap-dataset-30subset\dataset\images\field\acer_negundo\13001151166910.jpg,acer_negundo,field
data\raw\5061353\leafsnap-dataset-30subset\dataset\images\field\acer_negundo\13001151167202.jpg,acer_negundo,field
data\raw\5061353\leafsnap-dataset-30subset\dataset\images\field\acer_negundo\13001151167717.jpg,acer_negundo,field
data\raw\5061353\leafsnap-dataset-30subset\dataset\images\field\acer_negundo\13001151167978.jpg,acer_negundo,field
data\raw\5061353\leafsnap-dataset-30subset\dataset\images\field\acer_negundo\13001151168681.jpg,acer_negundo,field
data\raw\5061353\leafsnap-dataset-30subset\dataset\images\field\acer_negundo\13001151169021.jpg,acer_negundo,field
data\raw\5061353\leafsnap-dataset-30subset\dataset\images\field\acer_negundo\13001151169169.jpg,acer_negundo,field
data\raw\5061353\leafsnap-dataset-30subset\dataset\images\field\acer_negundo\13001151169463.jpg,acer_negundo,field
data\raw\5061353\leafsnap-dataset-30subset\dataset\images\field\acer_palmatum\1249061360_0000.jpg,acer_palmatum,field
data\raw\5061353\leafsnap-dataset-30subset\dataset\images\field\acer_palmatum\1249061360_0001.jpg,acer_palmatum,field
data\raw\5061353\leafsnap-dataset-30subset\dataset\images\field\acer_palmatum\1249061360_0002.jpg,acer_palmatum,field
data\raw\5061353\leafsnap-dataset-30subset\dataset\images\field\acer_palmatum\1249061360_0003.jpg,acer_palmatum,field
data\raw\5061353\leafsnap-dataset-30subset\dataset\images\field\acer_palmatum\1249061360_0004.jpg,acer_palmatum,field
data\raw\5061353\leafsnap-dataset-30subset\dataset\images\field\acer_palmatum\1249316680_0000.jpg,acer_palmatum,field
data\raw\5061353\leafsnap-dataset-30subset\dataset\images\field\acer_palmatum\1249316680_0001.jpg,acer_palmatum,field
data\raw\5061353\leafsnap-dataset-30subset\dataset\images\field\acer_palmatum\1249316680_0002.jpg,acer_palmatum,field
data\raw\5061353\leafsnap-dataset-30subset\dataset\images\field\acer_palmatum\1249316680_0003.jpg,acer_palmatum,field
data\raw\5061353\leafsnap-dataset-30subset\dataset\images\field\acer_palmatum\1249316680_0004.jpg,acer_palmatum,field
data\raw\5061353\leafsnap-dataset-30subset\dataset\images\field\acer_palmatum\1259110850_0024.jpg,acer_palmatum,field
data\raw\5061353\leafsnap-dataset-30subset\dataset\images\field\acer_palmatum\1259110850_0065.jpg,acer_palmatum,field
data\raw\5061353\leafsnap-dataset-30subset\dataset\images\field\acer_palmatum\1259110850_0072.jpg,acer_palmatum,field
data\raw\5061353\leafsnap-dataset-30subset\dataset\images\field\acer_palmatum\1259110850_0079.jpg,acer_palmatum,field
data\raw\5061353\leafsnap-dataset-30subset\dataset\images\field\acer_palmatum\1259110850_0110.jpg,acer_palmatum,field
data\raw\5061353\leafsnap-dataset-30subset\dataset\images\field\acer_palmatum\13001152960119.jpg,acer_palmatum,field
data\raw\5061353\leafsnap-dataset-30subset\dataset\images\field\acer_palmatum\13001152960212.jpg,acer_palmatum,field
data\raw\5061353\leafsnap-dataset-30subset\dataset\images\field\acer_palmatum\13001152960234.jpg,acer_palmatum,field
data\raw\5061353\leafsnap-dataset-30subset\dataset\images\field\acer_palmatum\13001152960371.jpg,acer_palmatum,field
data\raw\5061353\leafsnap-dataset-30subset\dataset\images\field\acer_palmatum\13001152960453.jpg,acer_palmatum,field
data\raw\5061353\leafsnap-dataset-30subset\dataset\images\field\acer_palmatum\13001152960488.jpg,acer_palmatum,field
data\raw\5061353\leafsnap-dataset-30subset\dataset\images\field\acer_palmatum\13001152960627.jpg,acer_palmatum,field
data\raw\5061353\leafsnap-dataset-30subset\dataset\images\field\acer_palmatum\13001152960756.jpg,acer_palmatum,field
data\raw\5061353\leafsnap-dataset-30subset\dataset\images\field\acer_palmatum\13001152960763.jpg,acer_palmatum,field
data\raw\5061353\leafsnap-dataset-30subset\dataset\images\field\acer_palmatum\13001152961059.jpg,acer_palmatum,field
data\raw\5061353\leafsnap-dataset-30subset\dataset\images\field\acer_palmatum\13001152961287.jpg,acer_palmatum,field
data\raw\5061353\leafsnap-dataset-30subset\dataset\images\field\acer_palmatum\13001152961413.jpg,acer_palmatum,field
data\raw\5061353\leafsnap-dataset-30subset\dataset\images\field\acer_palmatum\13001152961503.jpg,acer_palmatum,field
data\raw\5061353\leafsnap-dataset-30subset\dataset\images\field\acer_palmatum\13001152961572.jpg,acer_palmatum,field
data\raw\5061353\leafsnap-dataset-30subset\dataset\images\field\acer_palmatum\13001152961588.jpg,acer_palmatum,field
data\raw\5061353\leafsnap-dataset-30subset\dataset\images\field\acer_palmatum\13001152961924.jpg,acer_palmatum,field
data\raw\5061353\leafsnap-dataset-30subset\dataset\images\field\acer_palmatum\13001152962181.jpg,acer_palmatum,field
data\raw\5061353\leafsnap-dataset-30subset\dataset\images\field\acer_palmatum\13001152962596.jpg,acer_palmatum,field
data\raw\5061353\leafsnap-dataset-30subset\dataset\images\field\acer_palmatum\13001152962667.jpg,acer_palmatum,field
data\raw\5061353\leafsnap-dataset-30subset\dataset\images\field\acer_palmatum\13001152962949.jpg,acer_palmatum,field
data\raw\5061353\leafsnap-dataset-30subset\dataset\images\field\acer_palmatum\13001152962967.jpg,acer_palmatum,field
data\raw\5061353\leafsnap-dataset-30subset\dataset\images\field\acer_palmatum\13001152963177.jpg,acer_palmatum,field
data\raw\5061353\leafsnap-dataset-30subset\dataset\images\field\acer_palmatum\13001152963212.jpg,acer_palmatum,field
data\raw\5061353\leafsnap-dataset-30subset\dataset\images\field\acer_palmatum\13001152963388.jpg,acer_palmatum,field
data\raw\5061353\leafsnap-dataset-30subset\dataset\images\field\acer_palmatum\13001152963418.jpg,acer_palmatum,field
data\raw\5061353\leafsnap-dataset-30subset\dataset\images\field\acer_palmatum\13001152963574.jpg,acer_palmatum,field
data\raw\5061353\leafsnap-dataset-30subset\dataset\images\field\acer_palmatum\13001152963580.jpg,acer_palmatum,field
data\raw\5061353\leafsnap-dataset-30subset\dataset\images\field\acer_palmatum\13001152963635.jpg,acer_palmatum,field
data\raw\5061353\leafsnap-dataset-30subset\dataset\images\field\acer_palmatum\13001152963698.jpg,acer_palmatum,field
data\raw\5061353\leafsnap-dataset-30subset\dataset\images\field\acer_palmatum\13001152963752.jpg,acer_palmatum,field
data\raw\5061353\leafsnap-dataset-30subset\dataset\images\field\acer_palmatum\13001152963855.jpg,acer_palmatum,field
data\raw\5061353\leafsnap-dataset-30subset\dataset\images\field\acer_palmatum\13001152963910.jpg,acer_palmatum,field
data\raw\5061353\leafsnap-dataset-30subset\dataset\images\field\acer_palmatum\13001152963992.jpg,acer_palmatum,field
data\raw\5061353\leafsnap-dataset-30subset\dataset\images\field\acer_palmatum\13001152964155.jpg,acer_palmatum,field
data\raw\5061353\leafsnap-dataset-30subset\dataset\images\field\acer_palmatum\13001152964354.jpg,acer_palmatum,field
data\raw\5061353\leafsnap-dataset-30subset\dataset\images\field\acer_palmatum\13001152964490.jpg,acer_palmatum,field
data\raw\5061353\leafsnap-dataset-30subset\dataset\images\field\acer_palmatum\13001152964581.jpg,acer_palmatum,field
data\raw\5061353\leafsnap-dataset-30subset\dataset\images\field\acer_palmatum\13001152964589.jpg,acer_palmatum,field
data\raw\5061353\leafsnap-dataset-30subset\dataset\images\field\acer_palmatum\13001152965039.jpg,acer_palmatum,field
data\raw\5061353\leafsnap-dataset-30subset\dataset\images\field\acer_palmatum\13001152965132.jpg,acer_palmatum,field
data\raw\5061353\leafsnap-dataset-30subset\dataset\images\field\acer_palmatum\13001152965241.jpg,acer_palmatum,field
data\raw\5061353\leafsnap-dataset-30subset\dataset\images\field\acer_palmatum\13001152965258.jpg,acer_palmatum,field
data\raw\5061353\leafsnap-dataset-30subset\dataset\images\field\acer_palmatum\13001152965577.jpg,acer_palmatum,field
data\raw\5061353\leafsnap-dataset-30subset\dataset\images\field\acer_palmatum\13001152965893.jpg,acer_palmatum,field
data\raw\5061353\leafsnap-dataset-30subset\dataset\images\field\acer_palmatum\13001152965897.jpg,acer_palmatum,field
data\raw\5061353\leafsnap-dataset-30subset\dataset\images\field\acer_palmatum\13001152966002.jpg,acer_palmatum,field
data\raw\5061353\leafsnap-dataset-30subset\dataset\images\field\acer_palmatum\13001152966158.jpg,acer_palmatum,field
data\raw\5061353\leafsnap-dataset-30subset\dataset\images\field\acer_palmatum\13001152966520.jpg,acer_palmatum,field
data\raw\5061353\leafsnap-dataset-30subset\dataset\images\field\acer_palmatum\13001152966643.jpg,acer_palmatum,field
data\raw\5061353\leafsnap-dataset-30subset\dataset\images\field\acer_palmatum\13001152966767.jpg,acer_palmatum,field
data\raw\5061353\leafsnap-dataset-30subset\dataset\images\field\acer_palmatum\13001152966798.jpg,acer_palmatum,field
data\raw\5061353\leafsnap-dataset-30subset\dataset\images\field\acer_palmatum\13001152966835.jpg,acer_palmatum,field
data\raw\5061353\leafsnap-dataset-30subset\dataset\images\field\acer_palmatum\13001152967047.jpg,acer_palmatum,field
data\raw\5061353\leafsnap-dataset-30subset\dataset\images\field\acer_palmatum\13001152967070.jpg,acer_palmatum,field
data\raw\5061353\leafsnap-dataset-30subset\dataset\images\field\acer_palmatum\13001152967331.jpg,acer_palmatum,field
data\raw\5061353\leafsnap-dataset-30subset\dataset\images\field\acer_palmatum\13001152967441.jpg,acer_palmatum,field
data\raw\5061353\leafsnap-dataset-30subset\dataset\images\field\acer_palmatum\13001152967479.jpg,acer_palmatum,field
data\raw\5061353\leafsnap-dataset-30subset\dataset\images\field\acer_palmatum\13001152967590.jpg,acer_palmatum,field
data\raw\5061353\leafsnap-dataset-30subset\dataset\images\field\acer_palmatum\13001152967767.jpg,acer_palmatum,field
data\raw\5061353\leafsnap-dataset-30subset\dataset\images\field\acer_palmatum\13001152968008.jpg,acer_palmatum,field
data\raw\5061353\leafsnap-dataset-30subset\dataset\images\field\acer_palmatum\13001152968063.jpg,acer_palmatum,field
data\raw\5061353\leafsnap-dataset-30subset\dataset\images\field\acer_palmatum\13001152968333.jpg,acer_palmatum,field
data\raw\5061353\leafsnap-dataset-30subset\dataset\images\field\acer_palmatum\13001152968353.jpg,acer_palmatum,field
data\raw\5061353\leafsnap-dataset-30subset\dataset\images\field\acer_palmatum\13001152968502.jpg,acer_palmatum,field
data\raw\5061353\leafsnap-dataset-30subset\dataset\images\field\acer_palmatum\13001152968547.jpg,acer_palmatum,field
data\raw\5061353\leafsnap-dataset-30subset\dataset\images\field\acer_palmatum\13001152968578.jpg,acer_palmatum,field
data\raw\5061353\leafsnap-dataset-30subset\dataset\images\field\acer_palmatum\13001152968626.jpg,acer_palmatum,field
data\raw\5061353\leafsnap-dataset-30subset\dataset\images\field\acer_palmatum\13001152968688.jpg,acer_palmatum,field
data\raw\5061353\leafsnap-dataset-30subset\dataset\images\field\acer_palmatum\13001152968760.jpg,acer_palmatum,field
data\raw\5061353\leafsnap-dataset-30subset\dataset\images\field\acer_palmatum\13001152968836.jpg,acer_palmatum,field
data\raw\5061353\leafsnap-dataset-30subset\dataset\images\field\acer_palmatum\13001152968991.jpg,acer_palmatum,field
data\raw\5061353\leafsnap-dataset-30subset\dataset\images\field\acer_palmatum\13001152969274.jpg,acer_palmatum,field
data\raw\5061353\leafsnap-dataset-30subset\dataset\images\field\acer_palmatum\13001152969277.jpg,acer_palmatum,field
data\raw\5061353\leafsnap-dataset-30subset\dataset\images\field\acer_palmatum\13001152969446.jpg,acer_palmatum,field
data\raw\5061353\leafsnap-dataset-30subset\dataset\images\field\acer_palmatum\13001152969555.jpg,acer_palmatum,field
data\raw\5061353\leafsnap-dataset-30subset\dataset\images\field\acer_palmatum\13001152969722.jpg,acer_palmatum,field
data\raw\5061353\leafsnap-dataset-30subset\dataset\images\field\acer_palmatum\13001152969755.jpg,acer_palmatum,field
data\raw\5061353\leafsnap-dataset-30subset\dataset\images\field\acer_rubrum\13001155900043.jpg,acer_rubrum,field
data\raw\5061353\leafsnap-dataset-30subset\dataset\images\field\acer_rubrum\13001155900305.jpg,acer_rubrum,field
data\raw\5061353\leafsnap-dataset-30subset\dataset\images\field\acer_rubrum\13001155900602.jpg,acer_rubrum,field
data\raw\5061353\leafsnap-dataset-30subset\dataset\images\field\acer_rubrum\13001155901395.jpg,acer_rubrum,field
data\raw\5061353\leafsnap-dataset-30subset\dataset\images\field\acer_rubrum\13001155901402.jpg,acer_rubrum,field
data\raw\5061353\leafsnap-dataset-30subset\dataset\images\field\acer_rubrum\13001155901486.jpg,acer_rubrum,field
data\raw\5061353\leafsnap-dataset-30subset\dataset\images\field\acer_rubrum\13001155902121.jpg,acer_rubrum,field
data\raw\5061353\leafsnap-dataset-30subset\dataset\images\field\acer_rubrum\13001155902161.jpg,acer_rubrum,field
data\raw\5061353\leafsnap-dataset-30subset\dataset\images\field\acer_rubrum\13001155902241.jpg,acer_rubrum,field
data\raw\5061353\leafsnap-dataset-30subset\dataset\images\field\acer_rubrum\13001155902345.jpg,acer_rubrum,field
data\raw\5061353\leafsnap-dataset-30subset\dataset\images\field\acer_rubrum\13001155902403.jpg,acer_rubrum,field
data\raw\5061353\leafsnap-dataset-30subset\dataset\images\field\acer_rubrum\13001155902612.jpg,acer_rubrum,field
data\raw\5061353\leafsnap-dataset-30subset\dataset\images\field\acer_rubrum\13001155903147.jpg,acer_rubrum,field
data\raw\5061353\leafsnap-dataset-30subset\dataset\images\field\acer_rubrum\13001155903172.jpg,acer_rubrum,field
data\raw\5061353\leafsnap-dataset-30subset\dataset\images\field\acer_rubrum\13001155903798.jpg,acer_rubrum,field
data\raw\5061353\leafsnap-dataset-30subset\dataset\images\field\acer_rubrum\13001155904253.jpg,acer_rubrum,field
data\raw\5061353\leafsnap-dataset-30subset\dataset\images\field\acer_rubrum\13001155904688.jpg,acer_rubrum,field
data\raw\5061353\leafsnap-dataset-30subset\dataset\images\field\acer_rubrum\13001155904800.jpg,acer_rubrum,field
data\raw\5061353\leafsnap-dataset-30subset\dataset\images\field\acer_rubrum\13001155904837.jpg,acer_rubrum,field
data\raw\5061353\leafsnap-dataset-30subset\dataset\images\field\acer_rubrum\13001155905156.jpg,acer_rubrum,field
data\raw\5061353\leafsnap-dataset-30subset\dataset\images\field\acer_rubrum\13001155905335.jpg,acer_rubrum,field
data\raw\5061353\leafsnap-dataset-30subset\dataset\images\field\acer_rubrum\13001155905416.jpg,acer_rubrum,field
data\raw\5061353\leafsnap-dataset-30subset\dataset\images\field\acer_rubrum\13001155905439.jpg,acer_rubrum,field
data\raw\5061353\leafsnap-dataset-30subset\dataset\images\field\acer_rubrum\13001155905480.jpg,acer_rubrum,field
data\raw\5061353\leafsnap-dataset-30subset\dataset\images\field\acer_rubrum\13001155905581.jpg,acer_rubrum,field
data\raw\5061353\leafsnap-dataset-30subset\dataset\images\field\acer_rubrum\13001155905681.jpg,acer_rubrum,field
data\raw\5061353\leafsnap-dataset-30subset\dataset\images\field\acer_rubrum\13001155905684.jpg,acer_rubrum,field
data\raw\5061353\leafsnap-dataset-30subset\dataset\images\field\acer_rubrum\13001155906273.jpg,acer_rubrum,field
data\raw\5061353\leafsnap-dataset-30subset\dataset\images\field\acer_rubrum\13001155906457.jpg,acer_rubrum,field
data\raw\5061353\leafsnap-dataset-30subset\dataset\images\field\acer_rubrum\13001155906627.jpg,acer_rubrum,field
data\raw\5061353\leafsnap-dataset-30subset\dataset\images\field\acer_rubrum\13001155906909.jpg,acer_rubrum,field
data\raw\5061353\leafsnap-dataset-30subset\dataset\images\field\acer_rubrum\13001155906945.jpg,acer_rubrum,field
data\raw\5061353\leafsnap-dataset-30subset\dataset\images\field\acer_rubrum\13001155906965.jpg,acer_rubrum,field
data\raw\5061353\leafsnap-dataset-30subset\dataset\images\field\acer_rubrum\13001155907090.jpg,acer_rubrum,field
data\raw\5061353\leafsnap-dataset-30subset\dataset\images\field\acer_rubrum\13001155907155.jpg,acer_rubrum,field
data\raw\5061353\leafsnap-dataset-30subset\dataset\images\field\acer_rubrum\13001155907493.jpg,acer_rubrum,field
data\raw\5061353\leafsnap-dataset-30subset\dataset\images\field\acer_rubrum\13001155907676.jpg,acer_rubrum,field
data\raw\5061353\leafsnap-dataset-30subset\dataset\images\field\acer_rubrum\13001155907948.jpg,acer_rubrum,field
data\raw\5061353\leafsnap-dataset-30subset\dataset\images\field\acer_rubrum\13001155908147.jpg,acer_rubrum,field
data\raw\5061353\leafsnap-dataset-30subset\dataset\images\field\acer_rubrum\13001155908171.jpg,acer_rubrum,field
data\raw\5061353\leafsnap-dataset-30subset\dataset\images\field\acer_rubrum\13001155908368.jpg,acer_rubrum,field
data\raw\5061353\leafsnap-dataset-30subset\dataset\images\field\acer_rubrum\13001155908392.jpg,acer_rubrum,field
data\raw\5061353\leafsnap-dataset-30subset\dataset\images\field\acer_rubrum\13001155909012.jpg,acer_rubrum,field
data\raw\5061353\leafsnap-dataset-30subset\dataset\images\field\acer_rubrum\13001155909283.jpg,acer_rubrum,field
data\raw\5061353\leafsnap-dataset-30subset\dataset\images\field\acer_rubrum\13001155909866.jpg,acer_rubrum,field
data\raw\5061353\leafsnap-dataset-30subset\dataset\images\field\aesculus_pavi\13033299100054.jpg,aesculus_pavi,field
data\raw\5061353\leafsnap-dataset-30subset\dataset\images\field\aesculus_pavi\13033299100139.jpg,aesculus_pavi,field
data\raw\5061353\leafsnap-dataset-30subset\dataset\images\field\aesculus_pavi\13033299100406.jpg,aesculus_pavi,field
data\raw\5061353\leafsnap-dataset-30subset\dataset\images\field\aesculus_pavi\13033299100539.jpg,aesculus_pavi,field
data\raw\5061353\leafsnap-dataset-30subset\dataset\images\field\aesculus_pavi\13033299101478.jpg,aesculus_pavi,field
data\raw\5061353\leafsnap-dataset-30subset\dataset\images\field\aesculus_pavi\13033299101880.jpg,aesculus_pavi,field
data\raw\5061353\leafsnap-dataset-30subset\dataset\images\field\aesculus_pavi\13033299101999.jpg,aesculus_pavi,field
data\raw\5061353\leafsnap-dataset-30subset\dataset\images\field\aesculus_pavi\13033299102012.jpg,aesculus_pavi,field
data\raw\5061353\leafsnap-dataset-30subset\dataset\images\field\aesculus_pavi\13033299102072.jpg,aesculus_pavi,field
data\raw\5061353\leafsnap-dataset-30subset\dataset\images\field\aesculus_pavi\13033299102529.jpg,aesculus_pavi,field
data\raw\5061353\leafsnap-dataset-30subset\dataset\images\field\aesculus_pavi\13033299103120.jpg,aesculus_pavi,field
data\raw\5061353\leafsnap-dataset-30subset\dataset\images\field\aesculus_pavi\13033299103311.jpg,aesculus_pavi,field
data\raw\5061353\leafsnap-dataset-30subset\dataset\images\field\aesculus_pavi\13033299103619.jpg,aesculus_pavi,field
data\raw\5061353\leafsnap-dataset-30subset\dataset\images\field\aesculus_pavi\13033299103637.jpg,aesculus_pavi,field
data\raw\5061353\leafsnap-dataset-30subset\dataset\images\field\aesculus_pavi\13033299103964.jpg,aesculus_pavi,field
data\raw\5061353\leafsnap-dataset-30subset\dataset\images\field\aesculus_pavi\13033299104175.jpg,aesculus_pavi,field
data\raw\5061353\leafsnap-dataset-30subset\dataset\images\field\aesculus_pavi\13033299104543.jpg,aesculus_pavi,field
data\raw\5061353\leafsnap-dataset-30subset\dataset\images\field\aesculus_pavi\13033299104788.jpg,aesculus_pavi,field
data\raw\5061353\leafsnap-dataset-30subset\dataset\images\field\aesculus_pavi\13033299104968.jpg,aesculus_pavi,field
data\raw\5061353\leafsnap-dataset-30subset\dataset\images\field\aesculus_pavi\13033299105026.jpg,aesculus_pavi,field
data\raw\5061353\leafsnap-dataset-30subset\dataset\images\field\aesculus_pavi\13033299105275.jpg,aesculus_pavi,field
data\raw\5061353\leafsnap-dataset-30subset\dataset\images\field\aesculus_pavi\13033299105832.jpg,aesculus_pavi,field
data\raw\5061353\leafsnap-dataset-30subset\dataset\images\field\aesculus_pavi\13033299106002.jpg,aesculus_pavi,field
data\raw\5061353\leafsnap-dataset-30subset\dataset\images\field\aesculus_pavi\13033299106306.jpg,aesculus_pavi,field
data\raw\5061353\leafsnap-dataset-30subset\dataset\images\field\aesculus_pavi\13033299106911.jpg,aesculus_pavi,field
data\raw\5061353\leafsnap-dataset-30subset\dataset\images\field\aesculus_pavi\13033299106993.jpg,aesculus_pavi,field
data\raw\5061353\leafsnap-dataset-30subset\dataset\images\field\aesculus_pavi\13033299107244.jpg,aesculus_pavi,field
data\raw\5061353\leafsnap-dataset-30subset\dataset\images\field\aesculus_pavi\13033299107431.jpg,aesculus_pavi,field
data\raw\5061353\leafsnap-dataset-30subset\dataset\images\field\aesculus_pavi\13033299107508.jpg,aesculus_pavi,field
data\raw\5061353\leafsnap-dataset-30subset\dataset\images\field\aesculus_pavi\13033299107802.jpg,aesculus_pavi,field
data\raw\5061353\leafsnap-dataset-30subset\dataset\images\field\aesculus_pavi\13033299107808.jpg,aesculus_pavi,field
data\raw\5061353\leafsnap-dataset-30subset\dataset\images\field\aesculus_pavi\13033299107924.jpg,aesculus_pavi,field
data\raw\5061353\leafsnap-dataset-30subset\dataset\images\field\aesculus_pavi\13033299107985.jpg,aesculus_pavi,field
data\raw\5061353\leafsnap-dataset-30subset\dataset\images\field\aesculus_pavi\13033299108065.jpg,aesculus_pavi,field
data\raw\5061353\leafsnap-dataset-30subset\dataset\images\field\aesculus_pavi\13033299108397.jpg,aesculus_pavi,field
data\raw\5061353\leafsnap-dataset-30subset\dataset\images\field\aesculus_pavi\13033299108686.jpg,aesculus_pavi,field
data\raw\5061353\leafsnap-dataset-30subset\dataset\images\field\aesculus_pavi\13033299108891.jpg,aesculus_pavi,field
data\raw\5061353\leafsnap-dataset-30subset\dataset\images\field\aesculus_pavi\13033299109126.jpg,aesculus_pavi,field
data\raw\5061353\leafsnap-dataset-30subset\dataset\images\field\aesculus_pavi\13033299109148.jpg,aesculus_pavi,field
data\raw\5061353\leafsnap-dataset-30subset\dataset\images\field\aesculus_pavi\13033299109239.jpg,aesculus_pavi,field
data\raw\5061353\leafsnap-dataset-30subset\dataset\images\field\aesculus_pavi\13033299109355.jpg,aesculus_pavi,field
data\raw\5061353\leafsnap-dataset-30subset\dataset\images\field\aesculus_pavi\13033299109385.jpg,aesculus_pavi,field
data\raw\5061353\leafsnap-dataset-30subset\dataset\images\field\aesculus_pavi\13033299109462.jpg,aesculus_pavi,field
data\raw\5061353\leafsnap-dataset-30subset\dataset\images\field\aesculus_pavi\13033299109472.jpg,aesculus_pavi,field
data\raw\5061353\leafsnap-dataset-30subset\dataset\images\field\aesculus_pavi\13033299109727.jpg,aesculus_pavi,field
data\raw\5061353\leafsnap-dataset-30subset\dataset\images\field\aesculus_pavi\13291655550530.jpg,aesculus_pavi,field
data\raw\5061353\leafsnap-dataset-30subset\dataset\images\field\aesculus_pavi\13291655550601.jpg,aesculus_pavi,field
data\raw\5061353\leafsnap-dataset-30subset\dataset\images\field\aesculus_pavi\13291655550629.jpg,aesculus_pavi,field
data\raw\5061353\leafsnap-dataset-30subset\dataset\images\field\aesculus_pavi\13291655550630.jpg,aesculus_pavi,field
data\raw\5061353\leafsnap-dataset-30subset\dataset\images\field\aesculus_pavi\13291655550949.jpg,aesculus_pavi,field
data\raw\5061353\leafsnap-dataset-30subset\dataset\images\field\aesculus_pavi\13291655551009.jpg,aesculus_pavi,field
data\raw\5061353\leafsnap-dataset-30subset\dataset\images\field\aesculus_pavi\13291655551912.jpg,aesculus_pavi,field
data\raw\5061353\leafsnap-dataset-30subset\dataset\images\field\aesculus_pavi\13291655551969.jpg,aesculus_pavi,field
data\raw\5061353\leafsnap-dataset-30subset\dataset\images\field\aesculus_pavi\13291655552031.jpg,aesculus_pavi,field
data\raw\5061353\leafsnap-dataset-30subset\dataset\images\field\aesculus_pavi\13291655552179.jpg,aesculus_pavi,field
data\raw\5061353\leafsnap-dataset-30subset\dataset\images\field\aesculus_pavi\13291655552212.jpg,aesculus_pavi,field
data\raw\5061353\leafsnap-dataset-30subset\dataset\images\field\aesculus_pavi\13291655552243.jpg,aesculus_pavi,field
data\raw\5061353\leafsnap-dataset-30subset\dataset\images\field\aesculus_pavi\13291655552670.jpg,aesculus_pavi,field
data\raw\5061353\leafsnap-dataset-30subset\dataset\images\field\aesculus_pavi\13291655552890.jpg,aesculus_pavi,field
data\raw\5061353\leafsnap-dataset-30subset\dataset\images\field\aesculus_pavi\13291655553087.jpg,aesculus_pavi,field
data\raw\5061353\leafsnap-dataset-30subset\dataset\images\field\aesculus_pavi\13291655553160.jpg,aesculus_pavi,field
data\raw\5061353\leafsnap-dataset-30subset\dataset\images\field\aesculus_pavi\13291655553185.jpg,aesculus_pavi,field
data\raw\5061353\leafsnap-dataset-30subset\dataset\images\field\aesculus_pavi\13291655553602.jpg,aesculus_pavi,field
data\raw\5061353\leafsnap-dataset-30subset\dataset\images\field\aesculus_pavi\13291655553733.jpg,aesculus_pavi,field
data\raw\5061353\leafsnap-dataset-30subset\dataset\images\field\aesculus_pavi\13291655553755.jpg,aesculus_pavi,field
data\raw\5061353\leafsnap-dataset-30subset\dataset\images\field\aesculus_pavi\13291655553825.jpg,aesculus_pavi,field
data\raw\5061353\leafsnap-dataset-30subset\dataset\images\field\aesculus_pavi\13291655553874.jpg,aesculus_pavi,field
data\raw\5061353\leafsnap-dataset-30subset\dataset\images\field\aesculus_pavi\13291655553875.jpg,aesculus_pavi,field
data\raw\5061353\leafsnap-dataset-30subset\dataset\images\field\aesculus_pavi\13291655554365.jpg,aesculus_pavi,field
data\raw\5061353\leafsnap-dataset-30subset\dataset\images\field\aesculus_pavi\13291655554428.jpg,aesculus_pavi,field
data\raw\5061353\leafsnap-dataset-30subset\dataset\images\field\aesculus_pavi\13291655554452.jpg,aesculus_pavi,field
data\raw\5061353\leafsnap-dataset-30subset\dataset\images\field\aesculus_pavi\13291655554665.jpg,aesculus_pavi,field
data\raw\5061353\leafsnap-dataset-30subset\dataset\images\field\aesculus_pavi\13291655554707.jpg,aesculus_pavi,field
data\raw\5061353\leafsnap-dataset-30subset\dataset\images\field\aesculus_pavi\13291655554754.jpg,aesculus_pavi,field
data\raw\5061353\leafsnap-dataset-30subset\dataset\images\field\aesculus_pavi\13291655554776.jpg,aesculus_pavi,field
data\raw\5061353\leafsnap-dataset-30subset\dataset\images\field\aesculus_pavi\13291655555028.jpg,aesculus_pavi,field
data\raw\5061353\leafsnap-dataset-30subset\dataset\images\field\aesculus_pavi\13291655555048.jpg,aesculus_pavi,field
data\raw\5061353\leafsnap-dataset-30subset\dataset\images\field\aesculus_pavi\13291655555053.jpg,aesculus_pavi,field
data\raw\5061353\leafsnap-dataset-30subset\dataset\images\field\aesculus_pavi\13291655555617.jpg,aesculus_pavi,field
data\raw\5061353\leafsnap-dataset-30subset\dataset\images\field\aesculus_pavi\13291655555759.jpg,aesculus_pavi,field
data\raw\5061353\leafsnap-dataset-30subset\dataset\images\field\aesculus_pavi\13291655556045.jpg,aesculus_pavi,field
data\raw\5061353\leafsnap-dataset-30subset\dataset\images\field\aesculus_pavi\13291655556228.jpg,aesculus_pavi,field
data\raw\5061353\leafsnap-dataset-30subset\dataset\images\field\aesculus_pavi\13291655556378.jpg,aesculus_pavi,field
data\raw\5061353\leafsnap-dataset-30subset\dataset\images\field\aesculus_pavi\13291655556409.jpg,aesculus_pavi,field
data\raw\5061353\leafsnap-dataset-30subset\dataset\images\field\aesculus_pavi\13291655556443.jpg,aesculus_pavi,field
data\raw\5061353\leafsnap-dataset-30subset\dataset\images\field\aesculus_pavi\13291655556692.jpg,aesculus_pavi,field
data\raw\5061353\leafsnap-dataset-30subset\dataset\images\field\aesculus_pavi\13291655556917.jpg,aesculus_pavi,field
data\raw\5061353\leafsnap-dataset-30subset\dataset\images\field\aesculus_pavi\13291655557113.jpg,aesculus_pavi,field
data\raw\5061353\leafsnap-dataset-30subset\dataset\images\field\aesculus_pavi\13291655557165.jpg,aesculus_pavi,field
data\raw\5061353\leafsnap-dataset-30subset\dataset\images\field\aesculus_pavi\13291655557301.jpg,aesculus_pavi,field
data\raw\5061353\leafsnap-dataset-30subset\dataset\images\field\aesculus_pavi\13291655557306.jpg,aesculus_pavi,field
data\raw\5061353\leafsnap-dataset-30subset\dataset\images\field\aesculus_pavi\13291655557337.jpg,aesculus_pavi,field
data\raw\5061353\leafsnap-dataset-30subset\dataset\images\field\aesculus_pavi\13291655557558.jpg,aesculus_pavi,field
data\raw\5061353\leafsnap-dataset-30subset\dataset\images\field\aesculus_pavi\13291655557571.jpg,aesculus_pavi,field
data\raw\5061353\leafsnap-dataset-30subset\dataset\images\field\aesculus_pavi\13291655557905.jpg,aesculus_pavi,field
data\raw\5061353\leafsnap-dataset-30subset\dataset\images\field\aesculus_pavi\13291655557950.jpg,aesculus_pavi,field
data\raw\5061353\leafsnap-dataset-30subset\dataset\images\field\aesculus_pavi\13291655558088.jpg,aesculus_pavi,field
data\raw\5061353\leafsnap-dataset-30subset\dataset\images\field\aesculus_pavi\13291655558544.jpg,aesculus_pavi,field
data\raw\5061353\leafsnap-dataset-30subset\dataset\images\field\aesculus_pavi\13291655558941.jpg,aesculus_pavi,field
data\raw\5061353\leafsnap-dataset-30subset\dataset\images\field\aesculus_pavi\13291655559432.jpg,aesculus_pavi,field
data\raw\5061353\leafsnap-dataset-30subset\dataset\images\field\aesculus_pavi\13291655559940.jpg,aesculus_pavi,field
data\raw\5061353\leafsnap-dataset-30subset\dataset\images\field\asimina_triloba\13001240190681.jpg,asimina_triloba,field
data\raw\5061353\leafsnap-dataset-30subset\dataset\images\field\asimina_triloba\13001240190968.jpg,asimina_triloba,field
data\raw\5061353\leafsnap-dataset-30subset\dataset\images\field\asimina_triloba\13001240191008.jpg,asimina_triloba,field
data\raw\5061353\leafsnap-dataset-30subset\dataset\images\field\asimina_triloba\13001240191075.jpg,asimina_triloba,field
data\raw\5061353\leafsnap-dataset-30subset\dataset\images\field\asimina_triloba\13001240191078.jpg,asimina_triloba,field
data\raw\5061353\leafsnap-dataset-30subset\dataset\images\field\asimina_triloba\13001240191142.jpg,asimina_triloba,field
data\raw\5061353\leafsnap-dataset-30subset\dataset\images\field\asimina_triloba\13001240191316.jpg,asimina_triloba,field
data\raw\5061353\leafsnap-dataset-30subset\dataset\images\field\asimina_triloba\13001240191554.jpg,asimina_triloba,field
data\raw\5061353\leafsnap-dataset-30subset\dataset\images\field\asimina_triloba\13001240191823.jpg,asimina_triloba,field
data\raw\5061353\leafsnap-dataset-30subset\dataset\images\field\asimina_triloba\13001240192025.jpg,asimina_triloba,field
data\raw\5061353\leafsnap-dataset-30subset\dataset\images\field\asimina_triloba\13001240192319.jpg,asimina_triloba,field
data\raw\5061353\leafsnap-dataset-30subset\dataset\images\field\asimina_triloba\13001240192496.jpg,asimina_triloba,field
data\raw\5061353\leafsnap-dataset-30subset\dataset\images\field\asimina_triloba\13001240192524.jpg,asimina_triloba,field
data\raw\5061353\leafsnap-dataset-30subset\dataset\images\field\asimina_triloba\13001240192967.jpg,asimina_triloba,field
data\raw\5061353\leafsnap-dataset-30subset\dataset\images\field\asimina_triloba\13001240193464.jpg,asimina_triloba,field
data\raw\5061353\leafsnap-dataset-30subset\dataset\images\field\asimina_triloba\13001240193603.jpg,asimina_triloba,field
data\raw\5061353\leafsnap-dataset-30subset\dataset\images\field\asimina_triloba\13001240193786.jpg,asimina_triloba,field
data\raw\5061353\leafsnap-dataset-30subset\dataset\images\field\asimina_triloba\13001240193964.jpg,asimina_triloba,field
data\raw\5061353\leafsnap-dataset-30subset\dataset\images\field\asimina_triloba\13001240194352.jpg,asimina_triloba,field
data\raw\5061353\leafsnap-dataset-30subset\dataset\images\field\asimina_triloba\13001240194607.jpg,asimina_triloba,field
data\raw\5061353\leafsnap-dataset-30subset\dataset\images\field\asimina_triloba\13001240194625.jpg,asimina_triloba,field
data\raw\5061353\leafsnap-dataset-30subset\dataset\images\field\asimina_triloba\13001240194724.jpg,asimina_triloba,field
data\raw\5061353\leafsnap-dataset-30subset\dataset\images\field\asimina_triloba\13001240194809.jpg,asimina_triloba,field
data\raw\5061353\leafsnap-dataset-30subset\dataset\images\field\asimina_triloba\13001240194921.jpg,asimina_triloba,field
data\raw\5061353\leafsnap-dataset-30subset\dataset\images\field\asimina_triloba\13001240195113.jpg,asimina_triloba,field
data\raw\5061353\leafsnap-dataset-30subset\dataset\images\field\asimina_triloba\13001240195177.jpg,asimina_triloba,field
data\raw\5061353\leafsnap-dataset-30subset\dataset\images\field\asimina_triloba\13001240195434.jpg,asimina_triloba,field
data\raw\5061353\leafsnap-dataset-30subset\dataset\images\field\asimina_triloba\13001240195497.jpg,asimina_triloba,field
data\raw\5061353\leafsnap-dataset-30subset\dataset\images\field\asimina_triloba\13001240195522.jpg,asimina_triloba,field
data\raw\5061353\leafsnap-dataset-30subset\dataset\images\field\asimina_triloba\13001240195812.jpg,asimina_triloba,field
data\raw\5061353\leafsnap-dataset-30subset\dataset\images\field\asimina_triloba\13001240196018.jpg,asimina_triloba,field
data\raw\5061353\leafsnap-dataset-30subset\dataset\images\field\asimina_triloba\13001240196086.jpg,asimina_triloba,field
data\raw\5061353\leafsnap-dataset-30subset\dataset\images\field\asimina_triloba\13001240196103.jpg,asimina_triloba,field
data\raw\5061353\leafsnap-dataset-30subset\dataset\images\field\asimina_triloba\13001240196209.jpg,asimina_triloba,field
data\raw\5061353\leafsnap-dataset-30subset\dataset\images\field\asimina_triloba\13001240196343.jpg,asimina_triloba,field
data\raw\5061353\leafsnap-dataset-30subset\dataset\images\field\asimina_triloba\13001240196540.jpg,asimina_triloba,field
data\raw\5061353\leafsnap-dataset-30subset\dataset\images\field\asimina_triloba\13001240196654.jpg,asimina_triloba,field
data\raw\5061353\leafsnap-dataset-30subset\dataset\images\field\asimina_triloba\13001240196802.jpg,asimina_triloba,field
data\raw\5061353\leafsnap-dataset-30subset\dataset\images\field\asimina_triloba\13001240196978.jpg,asimina_triloba,field
data\raw\5061353\leafsnap-dataset-30subset\dataset\images\field\asimina_triloba\13001240197007.jpg,asimina_triloba,field
data\raw\5061353\leafsnap-dataset-30subset\dataset\images\field\asimina_triloba\13001240197128.jpg,asimina_triloba,field
data\raw\5061353\leafsnap-dataset-30subset\dataset\images\field\asimina_triloba\13001240197576.jpg,asimina_triloba,field
data\raw\5061353\leafsnap-dataset-30subset\dataset\images\field\asimina_triloba\13001240197770.jpg,asimina_triloba,field
data\raw\5061353\leafsnap-dataset-30subset\dataset\images\field\asimina_triloba\13001240197908.jpg,asimina_triloba,field
data\raw\5061353\leafsnap-dataset-30subset\dataset\images\field\asimina_triloba\13001240197914.jpg,asimina_triloba,field
data\raw\5061353\leafsnap-dataset-30subset\dataset\images\field\asimina_triloba\13001240198188.jpg,asimina_triloba,field
data\raw\5061353\leafsnap-dataset-30subset\dataset\images\field\asimina_triloba\13001240198718.jpg,asimina_triloba,field
data\raw\5061353\leafsnap-dataset-30subset\dataset\images\field\asimina_triloba\13001240199022.jpg,asimina_triloba,field
data\raw\5061353\leafsnap-dataset-30subset\dataset\images\field\asimina_triloba\13001240199874.jpg,asimina_triloba,field
data\raw\5061353\leafsnap-dataset-30subset\dataset\images\field\broussonettia_papyrifera\13001252070028.jpg,broussonettia_papyrifera,field
data\raw\5061353\leafsnap-dataset-30subset\dataset\images\field\broussonettia_papyrifera\13001252070202.jpg,broussonettia_papyrifera,field
data\raw\5061353\leafsnap-dataset-30subset\dataset\images\field\broussonettia_papyrifera\13001252070241.jpg,broussonettia_papyrifera,field
data\raw\5061353\leafsnap-dataset-30subset\dataset\images\field\broussonettia_papyrifera\13001252070242.jpg,broussonettia_papyrifera,field
data\raw\5061353\leafsnap-dataset-30subset\dataset\images\field\broussonettia_papyrifera\13001252070319.jpg,broussonettia_papyrifera,field
data\raw\5061353\leafsnap-dataset-30subset\dataset\images\field\broussonettia_papyrifera\13001252070610.jpg,broussonettia_papyrifera,field
data\raw\5061353\leafsnap-dataset-30subset\dataset\images\field\broussonettia_papyrifera\13001252070702.jpg,broussonettia_papyrifera,field
data\raw\5061353\leafsnap-dataset-30subset\dataset\images\field\broussonettia_papyrifera\13001252070840.jpg,broussonettia_papyrifera,field
data\raw\5061353\leafsnap-dataset-30subset\dataset\images\field\broussonettia_papyrifera\13001252070853.jpg,broussonettia_papyrifera,field
data\raw\5061353\leafsnap-dataset-30subset\dataset\images\field\broussonettia_papyrifera\13001252071115.jpg,broussonettia_papyrifera,field
data\raw\5061353\leafsnap-dataset-30subset\dataset\images\field\broussonettia_papyrifera\13001252071549.jpg,broussonettia_papyrifera,field
data\raw\5061353\leafsnap-dataset-30subset\dataset\images\field\broussonettia_papyrifera\13001252072120.jpg,broussonettia_papyrifera,field
data\raw\5061353\leafsnap-dataset-30subset\dataset\images\field\broussonettia_papyrifera\13001252072190.jpg,broussonettia_papyrifera,field
data\raw\5061353\leafsnap-dataset-30subset\dataset\images\field\broussonettia_papyrifera\13001252072254.jpg,broussonettia_papyrifera,field
data\raw\5061353\leafsnap-dataset-30subset\dataset\images\field\broussonettia_papyrifera\13001252072634.jpg,broussonettia_papyrifera,field
data\raw\5061353\leafsnap-dataset-30subset\dataset\images\field\broussonettia_papyrifera\13001252072792.jpg,broussonettia_papyrifera,field
data\raw\5061353\leafsnap-dataset-30subset\dataset\images\field\broussonettia_papyrifera\13001252072857.jpg,broussonettia_papyrifera,field
data\raw\5061353\leafsnap-dataset-30subset\dataset\images\field\broussonettia_papyrifera\13001252072996.jpg,broussonettia_papyrifera,field
data\raw\5061353\leafsnap-dataset-30subset\dataset\images\field\broussonettia_papyrifera\13001252073029.jpg,broussonettia_papyrifera,field
data\raw\5061353\leafsnap-dataset-30subset\dataset\images\field\broussonettia_papyrifera\13001252073566.jpg,broussonettia_papyrifera,field
data\raw\5061353\leafsnap-dataset-30subset\dataset\images\field\broussonettia_papyrifera\13001252073788.jpg,broussonettia_papyrifera,field
data\raw\5061353\leafsnap-dataset-30subset\dataset\images\field\broussonettia_papyrifera\13001252073840.jpg,broussonettia_papyrifera,field
data\raw\5061353\leafsnap-dataset-30subset\dataset\images\field\broussonettia_papyrifera\13001252073870.jpg,broussonettia_papyrifera,field
data\raw\5061353\leafsnap-dataset-30subset\dataset\images\field\broussonettia_papyrifera\13001252073966.jpg,broussonettia_papyrifera,field
data\raw\5061353\leafsnap-dataset-30subset\dataset\images\field\broussonettia_papyrifera\13001252074206.jpg,broussonettia_papyrifera,field
data\raw\5061353\leafsnap-dataset-30subset\dataset\images\field\broussonettia_papyrifera\13001252074606.jpg,broussonettia_papyrifera,field
data\raw\5061353\leafsnap-dataset-30subset\dataset\images\field\broussonettia_papyrifera\13001252074652.jpg,broussonettia_papyrifera,field
data\raw\5061353\leafsnap-dataset-30subset\dataset\images\field\broussonettia_papyrifera\13001252075081.jpg,broussonettia_papyrifera,field
data\raw\5061353\leafsnap-dataset-30subset\dataset\images\field\broussonettia_papyrifera\13001252075229.jpg,broussonettia_papyrifera,field
data\raw\5061353\leafsnap-dataset-30subset\dataset\images\field\broussonettia_papyrifera\13001252075437.jpg,broussonettia_papyrifera,field
data\raw\5061353\leafsnap-dataset-30subset\dataset\images\field\broussonettia_papyrifera\13001252076200.jpg,broussonettia_papyrifera,field
data\raw\5061353\leafsnap-dataset-30subset\dataset\images\field\broussonettia_papyrifera\13001252076304.jpg,broussonettia_papyrifera,field
data\raw\5061353\leafsnap-dataset-30subset\dataset\images\field\broussonettia_papyrifera\13001252076328.jpg,broussonettia_papyrifera,field
data\raw\5061353\leafsnap-dataset-30subset\dataset\images\field\broussonettia_papyrifera\13001252076410.jpg,broussonettia_papyrifera,field
data\raw\5061353\leafsnap-dataset-30subset\dataset\images\field\broussonettia_papyrifera\13001252076462.jpg,broussonettia_papyrifera,field
data\raw\5061353\leafsnap-dataset-30subset\dataset\images\field\broussonettia_papyrifera\13001252076925.jpg,broussonettia_papyrifera,field
data\raw\5061353\leafsnap-dataset-30subset\dataset\images\field\broussonettia_papyrifera\13001252077969.jpg,broussonettia_papyrifera,field
data\raw\5061353\leafsnap-dataset-30subset\dataset\images\field\broussonettia_papyrifera\13001252078075.jpg,broussonettia_papyrifera,field
data\raw\5061353\leafsnap-dataset-30subset\dataset\images\field\broussonettia_papyrifera\13001252078272.jpg,broussonettia_papyrifera,field
data\raw\5061353\leafsnap-dataset-30subset\dataset\images\field\broussonettia_papyrifera\13001252078312.jpg,broussonettia_papyrifera,field
data\raw\5061353\leafsnap-dataset-30subset\dataset\images\field\broussonettia_papyrifera\13001252078315.jpg,broussonettia_papyrifera,field
data\raw\5061353\leafsnap-dataset-30subset\dataset\images\field\broussonettia_papyrifera\13001252078546.jpg,broussonettia_papyrifera,field
data\raw\5061353\leafsnap-dataset-30subset\dataset\images\field\broussonettia_papyrifera\13001252078895.jpg,broussonettia_papyrifera,field
data\raw\5061353\leafsnap-dataset-30subset\dataset\images\field\broussonettia_papyrifera\13001252078970.jpg,broussonettia_papyrifera,field
data\raw\5061353\leafsnap-dataset-30subset\dataset\images\field\broussonettia_papyrifera\13001252079229.jpg,broussonettia_papyrifera,field
data\raw\5061353\leafsnap-dataset-30subset\dataset\images\field\broussonettia_papyrifera\13001252079231.jpg,broussonettia_papyrifera,field
data\raw\5061353\leafsnap-dataset-30subset\dataset\images\field\broussonettia_papyrifera\13001252079268.jpg,broussonettia_papyrifera,field
data\raw\5061353\leafsnap-dataset-30subset\dataset\images\field\broussonettia_papyrifera\13001252079308.jpg,broussonettia_papyrifera,field
data\raw\5061353\leafsnap-dataset-30subset\dataset\images\field\broussonettia_papyrifera\13001252079643.jpg,broussonettia_papyrifera,field
data\raw\5061353\leafsnap-dataset-30subset\dataset\images\field\broussonettia_papyrifera\13001252079654.jpg,broussonettia_papyrifera,field
data\raw\5061353\leafsnap-dataset-30subset\dataset\images\field\broussonettia_papyrifera\13001252079669.jpg,broussonettia_papyrifera,field
data\raw\5061353\leafsnap-dataset-30subset\dataset\images\field\broussonettia_papyrifera\13001252079775.jpg,broussonettia_papyrifera,field
data\raw\5061353\leafsnap-dataset-30subset\dataset\images\field\broussonettia_papyrifera\13001252079914.jpg,broussonettia_papyrifera,field
data\raw\5061353\leafsnap-dataset-30subset\dataset\images\field\broussonettia_papyrifera\13001252079957.jpg,broussonettia_papyrifera,field
data\raw\5061353\leafsnap-dataset-30subset\dataset\images\field\carya_cordiformis\13001257140155.jpg,carya_cordiformis,field
data\raw\5061353\leafsnap-dataset-30subset\dataset\images\field\carya_cordiformis\13001257140652.jpg,carya_cordiformis,field
data\raw\5061353\leafsnap-dataset-30subset\dataset\images\field\carya_cordiformis\13001257140811.jpg,carya_cordiformis,field
data\raw\5061353\leafsnap-dataset-30subset\dataset\images\field\carya_cordiformis\13001257141044.jpg,carya_cordiformis,field
data\raw\5061353\leafsnap-dataset-30subset\dataset\images\field\carya_cordiformis\13001257141387.jpg,carya_cordiformis,field
data\raw\5061353\leafsnap-dataset-30subset\dataset\images\field\carya_cordiformis\13001257141595.jpg,carya_cordiformis,field
data\raw\5061353\leafsnap-dataset-30subset\dataset\images\field\carya_cordiformis\13001257141682.jpg,carya_cordiformis,field
data\raw\5061353\leafsnap-dataset-30subset\dataset\images\field\carya_cordiformis\13001257141738.jpg,carya_cordiformis,field
data\raw\5061353\leafsnap-dataset-30subset\dataset\images\field\carya_cordiformis\13001257142075.jpg,carya_cordiformis,field
data\raw\5061353\leafsnap-dataset-30subset\dataset\images\field\carya_cordiformis\13001257142096.jpg,carya_cordiformis,field
data\raw\5061353\leafsnap-dataset-30subset\dataset\images\field\carya_cordiformis\13001257142666.jpg,carya_cordiformis,field
data\raw\5061353\leafsnap-dataset-30subset\dataset\images\field\carya_cordiformis\13001257142704.jpg,carya_cordiformis,field
data\raw\5061353\leafsnap-dataset-30subset\dataset\images\field\carya_cordiformis\13001257142738.jpg,carya_cordiformis,field
data\raw\5061353\leafsnap-dataset-30subset\dataset\images\field\carya_cordiformis\13001257142871.jpg,carya_cordiformis,field
data\raw\5061353\leafsnap-dataset-30subset\dataset\images\field\carya_cordiformis\13001257142910.jpg,carya_cordiformis,field
data\raw\5061353\leafsnap-dataset-30subset\dataset\images\field\carya_cordiformis\13001257143165.jpg,carya_cordiformis,field
data\raw\5061353\leafsnap-dataset-30subset\dataset\images\field\carya_cordiformis\13001257143219.jpg,carya_cordiformis,field
data\raw\5061353\leafsnap-dataset-30subset\dataset\images\field\carya_cordiformis\13001257143242.jpg,carya_cordiformis,field
data\raw\5061353\leafsnap-dataset-30subset\dataset\images\field\carya_cordiformis\13001257143415.jpg,carya_cordiformis,field
data\raw\5061353\leafsnap-dataset-30subset\dataset\images\field\carya_cordiformis\13001257143623.jpg,carya_cordiformis,field
data\raw\5061353\leafsnap-dataset-30subset\dataset\images\field\carya_cordiformis\13001257143714.jpg,carya_cordiformis,field
data\raw\5061353\leafsnap-dataset-30subset\dataset\images\field\carya_cordiformis\13001257143857.jpg,carya_cordiformis,field
data\raw\5061353\leafsnap-dataset-30subset\dataset\images\field\carya_cordiformis\13001257144000.jpg,carya_cordiformis,field
data\raw\5061353\leafsnap-dataset-30subset\dataset\images\field\carya_cordiformis\13001257144043.jpg,carya_cordiformis,field
data\raw\5061353\leafsnap-dataset-30subset\dataset\images\field\carya_cordiformis\13001257144049.jpg,carya_cordiformis,field
data\raw\5061353\leafsnap-dataset-30subset\dataset\images\field\carya_cordiformis\13001257144453.jpg,carya_cordiformis,field
data\raw\5061353\leafsnap-dataset-30subset\dataset\images\field\carya_cordiformis\13001257144471.jpg,carya_cordiformis,field
data\raw\5061353\leafsnap-dataset-30subset\dataset\images\field\carya_cordiformis\13001257145108.jpg,carya_cordiformis,field
data\raw\5061353\leafsnap-dataset-30subset\dataset\images\field\carya_cordiformis\13001257145718.jpg,carya_cordiformis,field
data\raw\5061353\leafsnap-dataset-30subset\dataset\images\field\carya_cordiformis\13001257146113.jpg,carya_cordiformis,field
data\raw\5061353\leafsnap-dataset-30subset\dataset\images\field\carya_cordiformis\13001257146138.jpg,carya_cordiformis,field
data\raw\5061353\leafsnap-dataset-30subset\dataset\images\field\carya_cordiformis\13001257146165.jpg,carya_cordiformis,field
data\raw\5061353\leafsnap-dataset-30subset\dataset\images\field\carya_cordiformis\13001257146237.jpg,carya_cordiformis,field
data\raw\5061353\leafsnap-dataset-30subset\dataset\images\field\carya_cordiformis\13001257146566.jpg,carya_cordiformis,field
data\raw\5061353\leafsnap-dataset-30subset\dataset\images\field\carya_cordiformis\13001257146706.jpg,carya_cordiformis,field
data\raw\5061353\leafsnap-dataset-30subset\dataset\images\field\carya_cordiformis\13001257146778.jpg,carya_cordiformis,field
data\raw\5061353\leafsnap-dataset-30subset\dataset\images\field\carya_cordiformis\13001257146983.jpg,carya_cordiformis,field
data\raw\5061353\leafsnap-dataset-30subset\dataset\images\field\carya_cordiformis\13001257147079.jpg,carya_cordiformis,field
data\raw\5061353\leafsnap-dataset-30subset\dataset\images\field\carya_cordiformis\13001257147201.jpg,carya_cordiformis,field
data\raw\5061353\leafsnap-dataset-30subset\dataset\images\field\carya_cordiformis\13001257147235.jpg,carya_cordiformis,field
data\raw\5061353\leafsnap-dataset-30subset\dataset\images\field\carya_cordiformis\13001257147289.jpg,carya_cordiformis,field
data\raw\5061353\leafsnap-dataset-30subset\dataset\images\field\carya_cordiformis\13001257147354.jpg,carya_cordiformis,field
data\raw\5061353\leafsnap-dataset-30subset\dataset\images\field\carya_cordiformis\13001257147476.jpg,carya_cordiformis,field
data\raw\5061353\leafsnap-dataset-30subset\dataset\images\field\carya_cordiformis\13001257147749.jpg,carya_cordiformis,field
data\raw\5061353\leafsnap-dataset-30subset\dataset\images\field\carya_cordiformis\13001257147908.jpg,carya_cordiformis,field
data\raw\5061353\leafsnap-dataset-30subset\dataset\images\field\carya_cordiformis\13001257147913.jpg,carya_cordiformis,field
data\raw\5061353\leafsnap-dataset-30subset\dataset\images\field\carya_cordiformis\13001257148801.jpg,carya_cordiformis,field
data\raw\5061353\leafsnap-dataset-30subset\dataset\images\field\carya_cordiformis\13001257148814.jpg,carya_cordiformis,field
data\raw\5061353\leafsnap-dataset-30subset\dataset\images\field\carya_cordiformis\13001257149000.jpg,carya_cordiformis,field
data\raw\5061353\leafsnap-dataset-30subset\dataset\images\field\carya_cordiformis\13001257149263.jpg,carya_cordiformis,field
data\raw\5061353\leafsnap-dataset-30subset\dataset\images\field\carya_cordiformis\13001257149510.jpg,carya_cordiformis,field
data\raw\5061353\leafsnap-dataset-30subset\dataset\images\field\carya_cordiformis\13001257149899.jpg,carya_cordiformis,field
data\raw\5061353\leafsnap-dataset-30subset\dataset\images\field\catalpa_bignonioides\13001269150194.jpg,catalpa_bignonioides,field
data\raw\5061353\leafsnap-dataset-30subset\dataset\images\field\catalpa_bignonioides\13001269150310.jpg,catalpa_bignonioides,field
data\raw\5061353\leafsnap-dataset-30subset\dataset\images\field\catalpa_bignonioides\13001269150344.jpg,catalpa_bignonioides,field
data\raw\5061353\leafsnap-dataset-30subset\dataset\images\field\catalpa_bignonioides\13001269150386.jpg,catalpa_bignonioides,field
data\raw\5061353\leafsnap-dataset-30subset\dataset\images\field\catalpa_bignonioides\13001269150649.jpg,catalpa_bignonioides,field
data\raw\5061353\leafsnap-dataset-30subset\dataset\images\field\catalpa_bignonioides\13001269151143.jpg,catalpa_bignonioides,field
data\raw\5061353\leafsnap-dataset-30subset\dataset\images\field\catalpa_bignonioides\13001269151465.jpg,catalpa_bignonioides,field
data\raw\5061353\leafsnap-dataset-30subset\dataset\images\field\catalpa_bignonioides\13001269151754.jpg,catalpa_bignonioides,field
data\raw\5061353\leafsnap-dataset-30subset\dataset\images\field\catalpa_bignonioides\13001269152126.jpg,catalpa_bignonioides,field
data\raw\5061353\leafsnap-dataset-30subset\dataset\images\field\catalpa_bignonioides\13001269152197.jpg,catalpa_bignonioides,field
data\raw\5061353\leafsnap-dataset-30subset\dataset\images\field\catalpa_bignonioides\13001269152328.jpg,catalpa_bignonioides,field
data\raw\5061353\leafsnap-dataset-30subset\dataset\images\field\catalpa_bignonioides\13001269152368.jpg,catalpa_bignonioides,field
data\raw\5061353\leafsnap-dataset-30subset\dataset\images\field\catalpa_bignonioides\13001269152402.jpg,catalpa_bignonioides,field
data\raw\5061353\leafsnap-dataset-30subset\dataset\images\field\catalpa_bignonioides\13001269152449.jpg,catalpa_bignonioides,field
data\raw\5061353\leafsnap-dataset-30subset\dataset\images\field\catalpa_bignonioides\13001269152453.jpg,catalpa_bignonioides,field
data\raw\5061353\leafsnap-dataset-30subset\dataset\images\field\catalpa_bignonioides\13001269153117.jpg,catalpa_bignonioides,field
data\raw\5061353\leafsnap-dataset-30subset\dataset\images\field\catalpa_bignonioides\13001269153222.jpg,catalpa_bignonioides,field
data\raw\5061353\leafsnap-dataset-30subset\dataset\images\field\catalpa_bignonioides\13001269154513.jpg,catalpa_bignonioides,field
data\raw\5061353\leafsnap-dataset-30subset\dataset\images\field\catalpa_bignonioides\13001269154724.jpg,catalpa_bignonioides,field
data\raw\5061353\leafsnap-dataset-30subset\dataset\images\field\catalpa_bignonioides\13001269154740.jpg,catalpa_bignonioides,field
data\raw\5061353\leafsnap-dataset-30subset\dataset\images\field\catalpa_bignonioides\13001269154861.jpg,catalpa_bignonioides,field
data\raw\5061353\leafsnap-dataset-30subset\dataset\images\field\catalpa_bignonioides\13001269154862.jpg,catalpa_bignonioides,field
data\raw\5061353\leafsnap-dataset-30subset\dataset\images\field\catalpa_bignonioides\13001269155191.jpg,catalpa_bignonioides,field
data\raw\5061353\leafsnap-dataset-30subset\dataset\images\field\catalpa_bignonioides\13001269155373.jpg,catalpa_bignonioides,field
data\raw\5061353\leafsnap-dataset-30subset\dataset\images\field\catalpa_bignonioides\13001269155660.jpg,catalpa_bignonioides,field
data\raw\5061353\leafsnap-dataset-30subset\dataset\images\field\catalpa_bignonioides\13001269155847.jpg,catalpa_bignonioides,field
data\raw\5061353\leafsnap-dataset-30subset\dataset\images\field\catalpa_bignonioides\13001269156343.jpg,catalpa_bignonioides,field
data\raw\5061353\leafsnap-dataset-30subset\dataset\images\field\catalpa_bignonioides\13001269156396.jpg,catalpa_bignonioides,field
data\raw\5061353\leafsnap-dataset-30subset\dataset\images\field\catalpa_bignonioides\13001269156568.jpg,catalpa_bignonioides,field
data\raw\5061353\leafsnap-dataset-30subset\dataset\images\field\catalpa_bignonioides\13001269156614.jpg,catalpa_bignonioides,field
data\raw\5061353\leafsnap-dataset-30subset\dataset\images\field\catalpa_bignonioides\13001269156844.jpg,catalpa_bignonioides,field
data\raw\5061353\leafsnap-dataset-30subset\dataset\images\field\catalpa_bignonioides\13001269157611.jpg,catalpa_bignonioides,field
data\raw\5061353\leafsnap-dataset-30subset\dataset\images\field\catalpa_bignonioides\13001269157637.jpg,catalpa_bignonioides,field
data\raw\5061353\leafsnap-dataset-30subset\dataset\images\field\catalpa_bignonioides\13001269157741.jpg,catalpa_bignonioides,field
data\raw\5061353\leafsnap-dataset-30subset\dataset\images\field\catalpa_bignonioides\13001269157766.jpg,catalpa_bignonioides,field
data\raw\5061353\leafsnap-dataset-30subset\dataset\images\field\catalpa_bignonioides\13001269157856.jpg,catalpa_bignonioides,field
data\raw\5061353\leafsnap-dataset-30subset\dataset\images\field\catalpa_bignonioides\13001269157936.jpg,catalpa_bignonioides,field
data\raw\5061353\leafsnap-dataset-30subset\dataset\images\field\catalpa_bignonioides\13001269158260.jpg,catalpa_bignonioides,field
data\raw\5061353\leafsnap-dataset-30subset\dataset\images\field\catalpa_bignonioides\13001269158430.jpg,catalpa_bignonioides,field
data\raw\5061353\leafsnap-dataset-30subset\dataset\images\field\catalpa_bignonioides\13001269158443.jpg,catalpa_bignonioides,field
data\raw\5061353\leafsnap-dataset-30subset\dataset\images\field\catalpa_bignonioides\13001269158642.jpg,catalpa_bignonioides,field
data\raw\5061353\leafsnap-dataset-30subset\dataset\images\field\catalpa_bignonioides\13001269158812.jpg,catalpa_bignonioides,field
data\raw\5061353\leafsnap-dataset-30subset\dataset\images\field\catalpa_bignonioides\13001269158850.jpg,catalpa_bignonioides,field
data\raw\5061353\leafsnap-dataset-30subset\dataset\images\field\catalpa_bignonioides\13001269158948.jpg,catalpa_bignonioides,field
data\raw\5061353\leafsnap-dataset-30subset\dataset\images\field\catalpa_bignonioides\13001269159167.jpg,catalpa_bignonioides,field
data\raw\5061353\leafsnap-dataset-30subset\dataset\images\field\cercis_canadensis\12991998966884.jpg,cercis_canadensis,field
data\raw\5061353\leafsnap-dataset-30subset\dataset\images\field\cercis_canadensis\12991998974691.jpg,cercis_canadensis,field
data\raw\5061353\leafsnap-dataset-30subset\dataset\images\field\cercis_canadensis\12991998992727.jpg,cercis_canadensis,field
data\raw\5061353\leafsnap-dataset-30subset\dataset\images\field\cercis_canadensis\12991999009708.jpg,cercis_canadensis,field
data\raw\5061353\leafsnap-dataset-30subset\dataset\images\field\cercis_canadensis\12991999011882.jpg,cercis_canadensis,field
data\raw\5061353\leafsnap-dataset-30subset\dataset\images\field\cercis_canadensis\12991999029622.jpg,cercis_canadensis,field
data\raw\5061353\leafsnap-dataset-30subset\dataset\images\field\cercis_canadensis\12991999030900.jpg,cercis_canadensis,field
data\raw\5061353\leafsnap-dataset-30subset\dataset\images\field\cercis_canadensis\12991999047098.jpg,cercis_canadensis,field
data\raw\5061353\leafsnap-dataset-30subset\dataset\images\field\cercis_canadensis\12991999052780.jpg,cercis_canadensis,field
data\raw\5061353\leafsnap-dataset-30subset\dataset\images\field\cercis_canadensis\12991999064088.jpg,cercis_canadensis,field
data\raw\5061353\leafsnap-dataset-30subset\dataset\images\field\cercis_canadensis\12991999077666.jpg,cercis_canadensis,field
data\raw\5061353\leafsnap-dataset-30subset\dataset\images\field\cercis_canadensis\12991999096384.jpg,cercis_canadensis,field
data\raw\5061353\leafsnap-dataset-30subset\dataset\images\field\cercis_canadensis\12991999103812.jpg,cercis_canadensis,field
data\raw\5061353\leafsnap-dataset-30subset\dataset\images\field\cercis_canadensis\12991999119849.jpg,cercis_canadensis,field
data\raw\5061353\leafsnap-dataset-30subset\dataset\images\field\cercis_canadensis\12991999122252.jpg,cercis_canadensis,field
data\raw\5061353\leafsnap-dataset-30subset\dataset\images\field\cercis_canadensis\12991999138437.jpg,cercis_canadensis,field
data\raw\5061353\leafsnap-dataset-30subset\dataset\images\field\cercis_canadensis\12991999145430.jpg,cercis_canadensis,field
data\raw\5061353\leafsnap-dataset-30subset\dataset\images\field\cercis_canadensis\12991999153179.jpg,cercis_canadensis,field
data\raw\5061353\leafsnap-dataset-30subset\dataset\images\field\cercis_canadensis\12991999167027.jpg,cercis_canadensis,field
data\raw\5061353\leafsnap-dataset-30subset\dataset\images\field\cercis_canadensis\12991999176986.jpg,cercis_canadensis,field
data\raw\5061353\leafsnap-dataset-30subset\dataset\images\field\cercis_canadensis\12991999185559.jpg,cercis_canadensis,field
data\raw\5061353\leafsnap-dataset-30subset\dataset\images\field\cercis_canadensis\12991999185825.jpg,cercis_canadensis,field
data\raw\5061353\leafsnap-dataset-30subset\dataset\images\field\cercis_canadensis\12991999193161.jpg,cercis_canadensis,field
data\raw\5061353\leafsnap-dataset-30subset\dataset\images\field\cercis_canadensis\12991999195962.jpg,cercis_canadensis,field
data\raw\5061353\leafsnap-dataset-30subset\dataset\images\field\cercis_canadensis\12991999196086.jpg,cercis_canadensis,field
data\raw\5061353\leafsnap-dataset-30subset\dataset\images\field\cercis_canadensis\12991999200613.jpg,cercis_canadensis,field
data\raw\5061353\leafsnap-dataset-30subset\dataset\images\field\cercis_canadensis\12991999202447.jpg,cercis_canadensis,field
data\raw\5061353\leafsnap-dataset-30subset\dataset\images\field\cercis_canadensis\12991999203016.jpg,cercis_canadensis,field
data\raw\5061353\leafsnap-dataset-30subset\dataset\images\field\cercis_canadensis\12991999207682.jpg,cercis_canadensis,field
data\raw\5061353\leafsnap-dataset-30subset\dataset\images\field\cercis_canadensis\12991999213051.jpg,cercis_canadensis,field
data\raw\5061353\leafsnap-dataset-30subset\dataset\images\field\cercis_canadensis\12991999215149.jpg,cercis_canadensis,field
data\raw\5061353\leafsnap-dataset-30subset\dataset\images\field\cercis_canadensis\12991999217749.jpg,cercis_canadensis,field
data\raw\5061353\leafsnap-dataset-30subset\dataset\images\field\cercis_canadensis\12991999217995.jpg,cercis_canadensis,field
data\raw\5061353\leafsnap-dataset-30subset\dataset\images\field\cercis_canadensis\12991999223371.jpg,cercis_canadensis,field
data\raw\5061353\leafsnap-dataset-30subset\dataset\images\field\cercis_canadensis\12991999231897.jpg,cercis_canadensis,field
data\raw\5061353\leafsnap-dataset-30subset\dataset\images\field\cercis_canadensis\12991999232080.jpg,cercis_canadensis,field
data\raw\5061353\leafsnap-dataset-30subset\dataset\images\field\cercis_canadensis\12991999232724.jpg,cercis_canadensis,field
data\raw\5061353\leafsnap-dataset-30subset\dataset\images\field\cercis_canadensis\12991999242142.jpg,cercis_canadensis,field
data\raw\5061353\leafsnap-dataset-30subset\dataset\images\field\cercis_canadensis\12991999250392.jpg,cercis_canadensis,field
data\raw\5061353\leafsnap-dataset-30subset\dataset\images\field\cercis_canadensis\12991999264760.jpg,cercis_canadensis,field
data\raw\5061353\leafsnap-dataset-30subset\dataset\images\field\cercis_canadensis\12991999278914.jpg,cercis_canadensis,field
data\raw\5061353\leafsnap-dataset-30subset\dataset\images\field\cercis_canadensis\12991999283149.jpg,cercis_canadensis,field
data\raw\5061353\leafsnap-dataset-30subset\dataset\images\field\cercis_canadensis\12991999296325.jpg,cercis_canadensis,field
data\raw\5061353\leafsnap-dataset-30subset\dataset\images\field\cercis_canadensis\12991999307294.jpg,cercis_canadensis,field
data\raw\5061353\leafsnap-dataset-30subset\dataset\images\field\chionanthus_virginicus\13001305190102.jpg,chionanthus_virginicus,field
data\raw\5061353\leafsnap-dataset-30subset\dataset\images\field\chionanthus_virginicus\13001305190353.jpg,chionanthus_virginicus,field
data\raw\5061353\leafsnap-dataset-30subset\dataset\images\field\chionanthus_virginicus\13001305190572.jpg,chionanthus_virginicus,field
data\raw\5061353\leafsnap-dataset-30subset\dataset\images\field\chionanthus_virginicus\13001305190680.jpg,chionanthus_virginicus,field
data\raw\5061353\leafsnap-dataset-30subset\dataset\images\field\chionanthus_virginicus\13001305190733.jpg,chionanthus_virginicus,field
data\raw\5061353\leafsnap-dataset-30subset\dataset\images\field\chionanthus_virginicus\13001305191008.jpg,chionanthus_virginicus,field
data\raw\5061353\leafsnap-dataset-30subset\dataset\images\field\chionanthus_virginicus\13001305191249.jpg,chionanthus_virginicus,field
data\raw\5061353\leafsnap-dataset-30subset\dataset\images\field\chionanthus_virginicus\13001305191270.jpg,chionanthus_virginicus,field
data\raw\5061353\leafsnap-dataset-30subset\dataset\images\field\chionanthus_virginicus\13001305191427.jpg,chionanthus_virginicus,field
data\raw\5061353\leafsnap-dataset-30subset\dataset\images\field\chionanthus_virginicus\13001305191606.jpg,chionanthus_virginicus,field
data\raw\5061353\leafsnap-dataset-30subset\dataset\images\field\chionanthus_virginicus\13001305191941.jpg,chionanthus_virginicus,field
data\raw\5061353\leafsnap-dataset-30subset\dataset\images\field\chionanthus_virginicus\13001305192272.jpg,chionanthus_virginicus,field
data\raw\5061353\leafsnap-dataset-30subset\dataset\images\field\chionanthus_virginicus\13001305192288.jpg,chionanthus_virginicus,field
data\raw\5061353\leafsnap-dataset-30subset\dataset\images\field\chionanthus_virginicus\13001305192298.jpg,chionanthus_virginicus,field
data\raw\5061353\leafsnap-dataset-30subset\dataset\images\field\chionanthus_virginicus\13001305192388.jpg,chionanthus_virginicus,field
data\raw\5061353\leafsnap-dataset-30subset\dataset\images\field\chionanthus_virginicus\13001305192398.jpg,chionanthus_virginicus,field
data\raw\5061353\leafsnap-dataset-30subset\dataset\images\field\chionanthus_virginicus\13001305192446.jpg,chionanthus_virginicus,field
data\raw\5061353\leafsnap-dataset-30subset\dataset\images\field\chionanthus_virginicus\13001305192589.jpg,chionanthus_virginicus,field
data\raw\5061353\leafsnap-dataset-30subset\dataset\images\field\chionanthus_virginicus\13001305192646.jpg,chionanthus_virginicus,field
data\raw\5061353\leafsnap-dataset-30subset\dataset\images\field\chionanthus_virginicus\13001305192722.jpg,chionanthus_virginicus,field
data\raw\5061353\leafsnap-dataset-30subset\dataset\images\field\chionanthus_virginicus\13001305192845.jpg,chionanthus_virginicus,field
data\raw\5061353\leafsnap-dataset-30subset\dataset\images\field\chionanthus_virginicus\13001305193440.jpg,chionanthus_virginicus,field
data\raw\5061353\leafsnap-dataset-30subset\dataset\images\field\chionanthus_virginicus\13001305194171.jpg,chionanthus_virginicus,field
data\raw\5061353\leafsnap-dataset-30subset\dataset\images\field\chionanthus_virginicus\13001305194196.jpg,chionanthus_virginicus,field
data\raw\5061353\leafsnap-dataset-30subset\dataset\images\field\chionanthus_virginicus\13001305194250.jpg,chionanthus_virginicus,field
data\raw\5061353\leafsnap-dataset-30subset\dataset\images\field\chionanthus_virginicus\13001305194632.jpg,chionanthus_virginicus,field
data\raw\5061353\leafsnap-dataset-30subset\dataset\images\field\chionanthus_virginicus\13001305194992.jpg,chionanthus_virginicus,field
data\raw\5061353\leafsnap-dataset-30subset\dataset\images\field\chionanthus_virginicus\13001305195025.jpg,chionanthus_virginicus,field
data\raw\5061353\leafsnap-dataset-30subset\dataset\images\field\chionanthus_virginicus\13001305195292.jpg,chionanthus_virginicus,field
data\raw\5061353\leafsnap-dataset-30subset\dataset\images\field\chionanthus_virginicus\13001305196887.jpg,chionanthus_virginicus,field
data\raw\5061353\leafsnap-dataset-30subset\dataset\images\field\chionanthus_virginicus\13001305196894.jpg,chionanthus_virginicus,field
data\raw\5061353\leafsnap-dataset-30subset\dataset\images\field\chionanthus_virginicus\13001305196925.jpg,chionanthus_virginicus,field
data\raw\5061353\leafsnap-dataset-30subset\dataset\images\field\chionanthus_virginicus\13001305196996.jpg,chionanthus_virginicus,field
data\raw\5061353\leafsnap-dataset-30subset\dataset\images\field\chionanthus_virginicus\13001305197160.jpg,chionanthus_virginicus,field
data\raw\5061353\leafsnap-dataset-30subset\dataset\images\field\chionanthus_virginicus\13001305197310.jpg,chionanthus_virginicus,field
data\raw\5061353\leafsnap-dataset-30subset\dataset\images\field\chionanthus_virginicus\13001305197392.jpg,chionanthus_virginicus,field
data\raw\5061353\leafsnap-dataset-30subset\dataset\images\field\chionanthus_virginicus\13001305197517.jpg,chionanthus_virginicus,field
data\raw\5061353\leafsnap-dataset-30subset\dataset\images\field\chionanthus_virginicus\13001305197782.jpg,chionanthus_virginicus,field
data\raw\5061353\leafsnap-dataset-30subset\dataset\images\field\chionanthus_virginicus\13001305198124.jpg,chionanthus_virginicus,field
data\raw\5061353\leafsnap-dataset-30subset\dataset\images\field\chionanthus_virginicus\13001305198293.jpg,chionanthus_virginicus,field
data\raw\5061353\leafsnap-dataset-30subset\dataset\images\field\chionanthus_virginicus\13001305199039.jpg,chionanthus_virginicus,field
data\raw\5061353\leafsnap-dataset-30subset\dataset\images\field\chionanthus_virginicus\13001305199305.jpg,chionanthus_virginicus,field
data\raw\5061353\leafsnap-dataset-30subset\dataset\images\field\chionanthus_virginicus\13001305199450.jpg,chionanthus_virginicus,field
data\raw\5061353\leafsnap-dataset-30subset\dataset\images\field\chionanthus_virginicus\13001305199475.jpg,chionanthus_virginicus,field
data\raw\5061353\leafsnap-dataset-30subset\dataset\images\field\chionanthus_virginicus\13001305199905.jpg,chionanthus_virginicus,field
data\raw\5061353\leafsnap-dataset-30subset\dataset\images\field\cryptomeria_japonica\13001326970053.jpg,cryptomeria_japonica,field
data\raw\5061353\leafsnap-dataset-30subset\dataset\images\field\cryptomeria_japonica\13001326970283.jpg,cryptomeria_japonica,field
data\raw\5061353\leafsnap-dataset-30subset\dataset\images\field\cryptomeria_japonica\13001326970424.jpg,cryptomeria_japonica,field
data\raw\5061353\leafsnap-dataset-30subset\dataset\images\field\cryptomeria_japonica\13001326970558.jpg,cryptomeria_japonica,field
data\raw\5061353\leafsnap-dataset-30subset\dataset\images\field\cryptomeria_japonica\13001326970622.jpg,cryptomeria_japonica,field
data\raw\5061353\leafsnap-dataset-30subset\dataset\images\field\cryptomeria_japonica\13001326970855.jpg,cryptomeria_japonica,field
data\raw\5061353\leafsnap-dataset-30subset\dataset\images\field\cryptomeria_japonica\13001326970917.jpg,cryptomeria_japonica,field
data\raw\5061353\leafsnap-dataset-30subset\dataset\images\field\cryptomeria_japonica\13001326971057.jpg,cryptomeria_japonica,field
data\raw\5061353\leafsnap-dataset-30subset\dataset\images\field\cryptomeria_japonica\13001326971295.jpg,cryptomeria_japonica,field
data\raw\5061353\leafsnap-dataset-30subset\dataset\images\field\cryptomeria_japonica\13001326971415.jpg,cryptomeria_japonica,field
data\raw\5061353\leafsnap-dataset-30subset\dataset\images\field\cryptomeria_japonica\13001326971421.jpg,cryptomeria_japonica,field
data\raw\5061353\leafsnap-dataset-30subset\dataset\images\field\cryptomeria_japonica\13001326971450.jpg,cryptomeria_japonica,field
data\raw\5061353\leafsnap-dataset-30subset\dataset\images\field\cryptomeria_japonica\13001326971497.jpg,cryptomeria_japonica,field
data\raw\5061353\leafsnap-dataset-30subset\dataset\images\field\cryptomeria_japonica\13001326971587.jpg,cryptomeria_japonica,field
data\raw\5061353\leafsnap-dataset-30subset\dataset\images\field\cryptomeria_japonica\13001326971667.jpg,cryptomeria_japonica,field
data\raw\5061353\leafsnap-dataset-30subset\dataset\images\field\cryptomeria_japonica\13001326971707.jpg,cryptomeria_japonica,field
data\raw\5061353\leafsnap-dataset-30subset\dataset\images\field\cryptomeria_japonica\13001326972237.jpg,cryptomeria_japonica,field
data\raw\5061353\leafsnap-dataset-30subset\dataset\images\field\cryptomeria_japonica\13001326972313.jpg,cryptomeria_japonica,field
data\raw\5061353\leafsnap-dataset-30subset\dataset\images\field\cryptomeria_japonica\13001326972835.jpg,cryptomeria_japonica,field
data\raw\5061353\leafsnap-dataset-30subset\dataset\images\field\cryptomeria_japonica\13001326972942.jpg,cryptomeria_japonica,field
data\raw\5061353\leafsnap-dataset-30subset\dataset\images\field\cryptomeria_japonica\13001326973004.jpg,cryptomeria_japonica,field
data\raw\5061353\leafsnap-dataset-30subset\dataset\images\field\cryptomeria_japonica\13001326973038.jpg,cryptomeria_japonica,field
data\raw\5061353\leafsnap-dataset-30subset\dataset\images\field\cryptomeria_japonica\13001326973668.jpg,cryptomeria_japonica,field
data\raw\5061353\leafsnap-dataset-30subset\dataset\images\field\cryptomeria_japonica\13001326973764.jpg,cryptomeria_japonica,field
data\raw\5061353\leafsnap-dataset-30subset\dataset\images\field\cryptomeria_japonica\13001326973903.jpg,cryptomeria_japonica,field
data\raw\5061353\leafsnap-dataset-30subset\dataset\images\field\cryptomeria_japonica\13001326973998.jpg,cryptomeria_japonica,field
data\raw\5061353\leafsnap-dataset-30subset\dataset\images\field\cryptomeria_japonica\13001326974144.jpg,cryptomeria_japonica,field
data\raw\5061353\leafsnap-dataset-30subset\dataset\images\field\cryptomeria_japonica\13001326974310.jpg,cryptomeria_japonica,field
data\raw\5061353\leafsnap-dataset-30subset\dataset\images\field\cryptomeria_japonica\13001326974334.jpg,cryptomeria_japonica,field
data\raw\5061353\leafsnap-dataset-30subset\dataset\images\field\cryptomeria_japonica\13001326974426.jpg,cryptomeria_japonica,field
data\raw\5061353\leafsnap-dataset-30subset\dataset\images\field\cryptomeria_japonica\13001326974437.jpg,cryptomeria_japonica,field
data\raw\5061353\leafsnap-dataset-30subset\dataset\images\field\cryptomeria_japonica\13001326975030.jpg,cryptomeria_japonica,field
data\raw\5061353\leafsnap-dataset-30subset\dataset\images\field\cryptomeria_japonica\13001326975409.jpg,cryptomeria_japonica,field
data\raw\5061353\leafsnap-dataset-30subset\dataset\images\field\cryptomeria_japonica\13001326975509.jpg,cryptomeria_japonica,field
data\raw\5061353\leafsnap-dataset-30subset\dataset\images\field\cryptomeria_japonica\13001326975512.jpg,cryptomeria_japonica,field
data\raw\5061353\leafsnap-dataset-30subset\dataset\images\field\cryptomeria_japonica\13001326975823.jpg,cryptomeria_japonica,field
data\raw\5061353\leafsnap-dataset-30subset\dataset\images\field\cryptomeria_japonica\13001326976073.jpg,cryptomeria_japonica,field
data\raw\5061353\leafsnap-dataset-30subset\dataset\images\field\cryptomeria_japonica\13001326976457.jpg,cryptomeria_japonica,field
data\raw\5061353\leafsnap-dataset-30subset\dataset\images\field\cryptomeria_japonica\13001326976567.jpg,cryptomeria_japonica,field
data\raw\5061353\leafsnap-dataset-30subset\dataset\images\field\cryptomeria_japonica\13001326976939.jpg,cryptomeria_japonica,field
data\raw\5061353\leafsnap-dataset-30subset\dataset\images\field\cryptomeria_japonica\13001326977024.jpg,cryptomeria_japonica,field
data\raw\5061353\leafsnap-dataset-30subset\dataset\images\field\cryptomeria_japonica\13001326977274.jpg,cryptomeria_japonica,field
data\raw\5061353\leafsnap-dataset-30subset\dataset\images\field\cryptomeria_japonica\13001326977294.jpg,cryptomeria_japonica,field
data\raw\5061353\leafsnap-dataset-30subset\dataset\images\field\cryptomeria_japonica\13001326977297.jpg,cryptomeria_japonica,field
data\raw\5061353\leafsnap-dataset-30subset\dataset\images\field\cryptomeria_japonica\13001326977343.jpg,cryptomeria_japonica,field
data\raw\5061353\leafsnap-dataset-30subset\dataset\images\field\cryptomeria_japonica\13001326977407.jpg,cryptomeria_japonica,field
data\raw\5061353\leafsnap-dataset-30subset\dataset\images\field\cryptomeria_japonica\13001326977638.jpg,cryptomeria_japonica,field
data\raw\5061353\leafsnap-dataset-30subset\dataset\images\field\cryptomeria_japonica\13001326977692.jpg,cryptomeria_japonica,field
data\raw\5061353\leafsnap-dataset-30subset\dataset\images\field\cryptomeria_japonica\13001326977718.jpg,cryptomeria_japonica,field
data\raw\5061353\leafsnap-dataset-30subset\dataset\images\field\cryptomeria_japonica\13001326978030.jpg,cryptomeria_japonica,field
data\raw\5061353\leafsnap-dataset-30subset\dataset\images\field\cryptomeria_japonica\13001326978044.jpg,cryptomeria_japonica,field
data\raw\5061353\leafsnap-dataset-30subset\dataset\images\field\cryptomeria_japonica\13001326978200.jpg,cryptomeria_japonica,field
data\raw\5061353\leafsnap-dataset-30subset\dataset\images\field\cryptomeria_japonica\13001326978259.jpg,cryptomeria_japonica,field
data\raw\5061353\leafsnap-dataset-30subset\dataset\images\field\cryptomeria_japonica\13001326978478.jpg,cryptomeria_japonica,field
data\raw\5061353\leafsnap-dataset-30subset\dataset\images\field\cryptomeria_japonica\13001326978480.jpg,cryptomeria_japonica,field
data\raw\5061353\leafsnap-dataset-30subset\dataset\images\field\cryptomeria_japonica\13001326978610.jpg,cryptomeria_japonica,field
data\raw\5061353\leafsnap-dataset-30subset\dataset\images\field\cryptomeria_japonica\13001326978622.jpg,cryptomeria_japonica,field
data\raw\5061353\leafsnap-dataset-30subset\dataset\images\field\cryptomeria_japonica\13001326978663.jpg,cryptomeria_japonica,field
data\raw\5061353\leafsnap-dataset-30subset\dataset\images\field\cryptomeria_japonica\13001326978671.jpg,cryptomeria_japonica,field
data\raw\5061353\leafsnap-dataset-30subset\dataset\images\field\cryptomeria_japonica\13001326978680.jpg,cryptomeria_japonica,field
data\raw\5061353\leafsnap-dataset-30subset\dataset\images\field\cryptomeria_japonica\13001326978781.jpg,cryptomeria_japonica,field
data\raw\5061353\leafsnap-dataset-30subset\dataset\images\field\cryptomeria_japonica\13001326979187.jpg,cryptomeria_japonica,field
data\raw\5061353\leafsnap-dataset-30subset\dataset\images\field\cryptomeria_japonica\13001326979191.jpg,cryptomeria_japonica,field
data\raw\5061353\leafsnap-dataset-30subset\dataset\images\field\cryptomeria_japonica\13001326979444.jpg,cryptomeria_japonica,field
data\raw\5061353\leafsnap-dataset-30subset\dataset\images\field\cryptomeria_japonica\13001326979759.jpg,cryptomeria_japonica,field
data\raw\5061353\leafsnap-dataset-30subset\dataset\images\field\cryptomeria_japonica\13001326979935.jpg,cryptomeria_japonica,field
data\raw\5061353\leafsnap-dataset-30subset\dataset\images\field\cryptomeria_japonica\13001917800032.jpg,cryptomeria_japonica,field
data\raw\5061353\leafsnap-dataset-30subset\dataset\images\field\cryptomeria_japonica\13001917800047.jpg,cryptomeria_japonica,field
data\raw\5061353\leafsnap-dataset-30subset\dataset\images\field\cryptomeria_japonica\13001917800321.jpg,cryptomeria_japonica,field
data\raw\5061353\leafsnap-dataset-30subset\dataset\images\field\cryptomeria_japonica\13001917800354.jpg,cryptomeria_japonica,field
data\raw\5061353\leafsnap-dataset-30subset\dataset\images\field\cryptomeria_japonica\13001917800364.jpg,cryptomeria_japonica,field
data\raw\5061353\leafsnap-dataset-30subset\dataset\images\field\cryptomeria_japonica\13001917800587.jpg,cryptomeria_japonica,field
data\raw\5061353\leafsnap-dataset-30subset\dataset\images\field\cryptomeria_japonica\13001917800631.jpg,cryptomeria_japonica,field
data\raw\5061353\leafsnap-dataset-30subset\dataset\images\field\cryptomeria_japonica\13001917800676.jpg,cryptomeria_japonica,field
data\raw\5061353\leafsnap-dataset-30subset\dataset\images\field\cryptomeria_japonica\13001917801035.jpg,cryptomeria_japonica,field
data\raw\5061353\leafsnap-dataset-30subset\dataset\images\field\cryptomeria_japonica\13001917801181.jpg,cryptomeria_japonica,field
data\raw\5061353\leafsnap-dataset-30subset\dataset\images\field\cryptomeria_japonica\13001917801241.jpg,cryptomeria_japonica,field
data\raw\5061353\leafsnap-dataset-30subset\dataset\images\field\cryptomeria_japonica\13001917801253.jpg,cryptomeria_japonica,field
data\raw\5061353\leafsnap-dataset-30subset\dataset\images\field\cryptomeria_japonica\13001917801311.jpg,cryptomeria_japonica,field
data\raw\5061353\leafsnap-dataset-30subset\dataset\images\field\cryptomeria_japonica\13001917801379.jpg,cryptomeria_japonica,field
data\raw\5061353\leafsnap-dataset-30subset\dataset\images\field\cryptomeria_japonica\13001917801604.jpg,cryptomeria_japonica,field
data\raw\5061353\leafsnap-dataset-30subset\dataset\images\field\cryptomeria_japonica\13001917801683.jpg,cryptomeria_japonica,field
data\raw\5061353\leafsnap-dataset-30subset\dataset\images\field\cryptomeria_japonica\13001917802016.jpg,cryptomeria_japonica,field
data\raw\5061353\leafsnap-dataset-30subset\dataset\images\field\cryptomeria_japonica\13001917802115.jpg,cryptomeria_japonica,field
data\raw\5061353\leafsnap-dataset-30subset\dataset\images\field\cryptomeria_japonica\13001917802208.jpg,cryptomeria_japonica,field
data\raw\5061353\leafsnap-dataset-30subset\dataset\images\field\cryptomeria_japonica\13001917802551.jpg,cryptomeria_japonica,field
data\raw\5061353\leafsnap-dataset-30subset\dataset\images\field\cryptomeria_japonica\13001917802623.jpg,cryptomeria_japonica,field
data\raw\5061353\leafsnap-dataset-30subset\dataset\images\field\cryptomeria_japonica\13001917802716.jpg,cryptomeria_japonica,field
data\raw\5061353\leafsnap-dataset-30subset\dataset\images\field\cryptomeria_japonica\13001917802766.jpg,cryptomeria_japonica,field
data\raw\5061353\leafsnap-dataset-30subset\dataset\images\field\cryptomeria_japonica\13001917802887.jpg,cryptomeria_japonica,field
data\raw\5061353\leafsnap-dataset-30subset\dataset\images\field\cryptomeria_japonica\13001917802984.jpg,cryptomeria_japonica,field
data\raw\5061353\leafsnap-dataset-30subset\dataset\images\field\cryptomeria_japonica\13001917803311.jpg,cryptomeria_japonica,field
data\raw\5061353\leafsnap-dataset-30subset\dataset\images\field\cryptomeria_japonica\13001917803314.jpg,cryptomeria_japonica,field
data\raw\5061353\leafsnap-dataset-30subset\dataset\images\field\cryptomeria_japonica\13001917803419.jpg,cryptomeria_japonica,field
data\raw\5061353\leafsnap-dataset-30subset\dataset\images\field\cryptomeria_japonica\13001917803465.jpg,cryptomeria_japonica,field
data\raw\5061353\leafsnap-dataset-30subset\dataset\images\field\cryptomeria_japonica\13001917803486.jpg,cryptomeria_japonica,field
data\raw\5061353\leafsnap-dataset-30subset\dataset\images\field\cryptomeria_japonica\13001917803542.jpg,cryptomeria_japonica,field
data\raw\5061353\leafsnap-dataset-30subset\dataset\images\field\cryptomeria_japonica\13001917803601.jpg,cryptomeria_japonica,field
data\raw\5061353\leafsnap-dataset-30subset\dataset\images\field\cryptomeria_japonica\13001917803767.jpg,cryptomeria_japonica,field
data\raw\5061353\leafsnap-dataset-30subset\dataset\images\field\cryptomeria_japonica\13001917803962.jpg,cryptomeria_japonica,field
data\raw\5061353\leafsnap-dataset-30subset\dataset\images\field\cryptomeria_japonica\13001917803989.jpg,cryptomeria_japonica,field
data\raw\5061353\leafsnap-dataset-30subset\dataset\images\field\cryptomeria_japonica\13001917804767.jpg,cryptomeria_japonica,field
data\raw\5061353\leafsnap-dataset-30subset\dataset\images\field\cryptomeria_japonica\13001917804841.jpg,cryptomeria_japonica,field
data\raw\5061353\leafsnap-dataset-30subset\dataset\images\field\cryptomeria_japonica\13001917805709.jpg,cryptomeria_japonica,field
data\raw\5061353\leafsnap-dataset-30subset\dataset\images\field\cryptomeria_japonica\13001917805877.jpg,cryptomeria_japonica,field
data\raw\5061353\leafsnap-dataset-30subset\dataset\images\field\cryptomeria_japonica\13001917806112.jpg,cryptomeria_japonica,field
data\raw\5061353\leafsnap-dataset-30subset\dataset\images\field\cryptomeria_japonica\13001917806254.jpg,cryptomeria_japonica,field
data\raw\5061353\leafsnap-dataset-30subset\dataset\images\field\cryptomeria_japonica\13001917806343.jpg,cryptomeria_japonica,field
data\raw\5061353\leafsnap-dataset-30subset\dataset\images\field\cryptomeria_japonica\13001917806694.jpg,cryptomeria_japonica,field
data\raw\5061353\leafsnap-dataset-30subset\dataset\images\field\cryptomeria_japonica\13001917807235.jpg,cryptomeria_japonica,field
data\raw\5061353\leafsnap-dataset-30subset\dataset\images\field\cryptomeria_japonica\13001917807400.jpg,cryptomeria_japonica,field
data\raw\5061353\leafsnap-dataset-30subset\dataset\images\field\cryptomeria_japonica\13001917807402.jpg,cryptomeria_japonica,field
data\raw\5061353\leafsnap-dataset-30subset\dataset\images\field\cryptomeria_japonica\13001917807444.jpg,cryptomeria_japonica,field
data\raw\5061353\leafsnap-dataset-30subset\dataset\images\field\cryptomeria_japonica\13001917807776.jpg,cryptomeria_japonica,field
data\raw\5061353\leafsnap-dataset-30subset\dataset\images\field\cryptomeria_japonica\13001917807803.jpg,cryptomeria_japonica,field
data\raw\5061353\leafsnap-dataset-30subset\dataset\images\field\cryptomeria_japonica\13001917807853.jpg,cryptomeria_japonica,field
data\raw\5061353\leafsnap-dataset-30subset\dataset\images\field\cryptomeria_japonica\13001917807944.jpg,cryptomeria_japonica,field
data\raw\5061353\leafsnap-dataset-30subset\dataset\images\field\cryptomeria_japonica\13001917807978.jpg,cryptomeria_japonica,field
data\raw\5061353\leafsnap-dataset-30subset\dataset\images\field\cryptomeria_japonica\13001917808065.jpg,cryptomeria_japonica,field
data\raw\5061353\leafsnap-dataset-30subset\dataset\images\field\cryptomeria_japonica\13001917808101.jpg,cryptomeria_japonica,field
data\raw\5061353\leafsnap-dataset-30subset\dataset\images\field\cryptomeria_japonica\13001917808311.jpg,cryptomeria_japonica,field
data\raw\5061353\leafsnap-dataset-30subset\dataset\images\field\cryptomeria_japonica\13001917808346.jpg,cryptomeria_japonica,field
data\raw\5061353\leafsnap-dataset-30subset\dataset\images\field\cryptomeria_japonica\13001917808383.jpg,cryptomeria_japonica,field
data\raw\5061353\leafsnap-dataset-30subset\dataset\images\field\cryptomeria_japonica\13001917808557.jpg,cryptomeria_japonica,field
data\raw\5061353\leafsnap-dataset-30subset\dataset\images\field\cryptomeria_japonica\13001917808846.jpg,cryptomeria_japonica,field
data\raw\5061353\leafsnap-dataset-30subset\dataset\images\field\cryptomeria_japonica\13001917809022.jpg,cryptomeria_japonica,field
data\raw\5061353\leafsnap-dataset-30subset\dataset\images\field\cryptomeria_japonica\13001917809041.jpg,cryptomeria_japonica,field
data\raw\5061353\leafsnap-dataset-30subset\dataset\images\field\cryptomeria_japonica\13001917809321.jpg,cryptomeria_japonica,field
data\raw\5061353\leafsnap-dataset-30subset\dataset\images\field\cryptomeria_japonica\13001917809667.jpg,cryptomeria_japonica,field
data\raw\5061353\leafsnap-dataset-30subset\dataset\images\field\cryptomeria_japonica\13001917809682.jpg,cryptomeria_japonica,field
data\raw\5061353\leafsnap-dataset-30subset\dataset\images\field\cryptomeria_japonica\13001917809891.jpg,cryptomeria_japonica,field
data\raw\5061353\leafsnap-dataset-30subset\dataset\images\field\cryptomeria_japonica\13001917809897.jpg,cryptomeria_japonica,field
data\raw\5061353\leafsnap-dataset-30subset\dataset\images\field\diospyros_virginiana\12991999785260.jpg,diospyros_virginiana,field
data\raw\5061353\leafsnap-dataset-30subset\dataset\images\field\diospyros_virginiana\12991999790951.jpg,diospyros_virginiana,field
data\raw\5061353\leafsnap-dataset-30subset\dataset\images\field\diospyros_virginiana\12991999800320.jpg,diospyros_virginiana,field
data\raw\5061353\leafsnap-dataset-30subset\dataset\images\field\diospyros_virginiana\12991999813493.jpg,diospyros_virginiana,field
data\raw\5061353\leafsnap-dataset-30subset\dataset\images\field\diospyros_virginiana\12991999821242.jpg,diospyros_virginiana,field
data\raw\5061353\leafsnap-dataset-30subset\dataset\images\field\diospyros_virginiana\12991999838005.jpg,diospyros_virginiana,field
data\raw\5061353\leafsnap-dataset-30subset\dataset\images\field\diospyros_virginiana\12991999842234.jpg,diospyros_virginiana,field
data\raw\5061353\leafsnap-dataset-30subset\dataset\images\field\diospyros_virginiana\12991999853014.jpg,diospyros_virginiana,field
data\raw\5061353\leafsnap-dataset-30subset\dataset\images\field\diospyros_virginiana\12991999861506.jpg,diospyros_virginiana,field
data\raw\5061353\leafsnap-dataset-30subset\dataset\images\field\diospyros_virginiana\12991999873704.jpg,diospyros_virginiana,field
data\raw\5061353\leafsnap-dataset-30subset\dataset\images\field\diospyros_virginiana\12991999887824.jpg,diospyros_virginiana,field
data\raw\5061353\leafsnap-dataset-30subset\dataset\images\field\diospyros_virginiana\12991999894981.jpg,diospyros_virginiana,field
data\raw\5061353\leafsnap-dataset-30subset\dataset\images\field\diospyros_virginiana\12991999900032.jpg,diospyros_virginiana,field
data\raw\5061353\leafsnap-dataset-30subset\dataset\images\field\diospyros_virginiana\12991999915655.jpg,diospyros_virginiana,field
data\raw\5061353\leafsnap-dataset-30subset\dataset\images\field\diospyros_virginiana\12991999922620.jpg,diospyros_virginiana,field
data\raw\5061353\leafsnap-dataset-30subset\dataset\images\field\diospyros_virginiana\12991999944500.jpg,diospyros_virginiana,field
data\raw\5061353\leafsnap-dataset-30subset\dataset\images\field\diospyros_virginiana\12991999957761.jpg,diospyros_virginiana,field
data\raw\5061353\leafsnap-dataset-30subset\dataset\images\field\diospyros_virginiana\12991999969436.jpg,diospyros_virginiana,field
data\raw\5061353\leafsnap-dataset-30subset\dataset\images\field\diospyros_virginiana\12991999975033.jpg,diospyros_virginiana,field
data\raw\5061353\leafsnap-dataset-30subset\dataset\images\field\diospyros_virginiana\12991999983148.jpg,diospyros_virginiana,field
data\raw\5061353\leafsnap-dataset-30subset\dataset\images\field\diospyros_virginiana\12991999997216.jpg,diospyros_virginiana,field
data\raw\5061353\leafsnap-dataset-30subset\dataset\images\field\diospyros_virginiana\12992000005947.jpg,diospyros_virginiana,field
data\raw\5061353\leafsnap-dataset-30subset\dataset\images\field\diospyros_virginiana\12992000014268.jpg,diospyros_virginiana,field
data\raw\5061353\leafsnap-dataset-30subset\dataset\images\field\diospyros_virginiana\12992000027292.jpg,diospyros_virginiana,field
data\raw\5061353\leafsnap-dataset-30subset\dataset\images\field\diospyros_virginiana\12992000037614.jpg,diospyros_virginiana,field
data\raw\5061353\leafsnap-dataset-30subset\dataset\images\field\diospyros_virginiana\12992000040240.jpg,diospyros_virginiana,field
data\raw\5061353\leafsnap-dataset-30subset\dataset\images\field\diospyros_virginiana\12992000042109.jpg,diospyros_virginiana,field
data\raw\5061353\leafsnap-dataset-30subset\dataset\images\field\diospyros_virginiana\12992000042158.jpg,diospyros_virginiana,field
data\raw\5061353\leafsnap-dataset-30subset\dataset\images\field\diospyros_virginiana\12992000053502.jpg,diospyros_virginiana,field
data\raw\5061353\leafsnap-dataset-30subset\dataset\images\field\diospyros_virginiana\12992000057134.jpg,diospyros_virginiana,field
data\raw\5061353\leafsnap-dataset-30subset\dataset\images\field\diospyros_virginiana\12992000059607.jpg,diospyros_virginiana,field
data\raw\5061353\leafsnap-dataset-30subset\dataset\images\field\diospyros_virginiana\12992000059860.jpg,diospyros_virginiana,field
data\raw\5061353\leafsnap-dataset-30subset\dataset\images\field\diospyros_virginiana\12992000065460.jpg,diospyros_virginiana,field
data\raw\5061353\leafsnap-dataset-30subset\dataset\images\field\diospyros_virginiana\12992000070139.jpg,diospyros_virginiana,field
data\raw\5061353\leafsnap-dataset-30subset\dataset\images\field\diospyros_virginiana\12992000075499.jpg,diospyros_virginiana,field
data\raw\5061353\leafsnap-dataset-30subset\dataset\images\field\diospyros_virginiana\12992000079599.jpg,diospyros_virginiana,field
data\raw\5061353\leafsnap-dataset-30subset\dataset\images\field\diospyros_virginiana\12992000079622.jpg,diospyros_virginiana,field
data\raw\5061353\leafsnap-dataset-30subset\dataset\images\field\diospyros_virginiana\12992000085235.jpg,diospyros_virginiana,field
data\raw\5061353\leafsnap-dataset-30subset\dataset\images\field\diospyros_virginiana\12992000088076.jpg,diospyros_virginiana,field
data\raw\5061353\leafsnap-dataset-30subset\dataset\images\field\diospyros_virginiana\12992000088883.jpg,diospyros_virginiana,field
data\raw\5061353\leafsnap-dataset-30subset\dataset\images\field\diospyros_virginiana\12992000090239.jpg,diospyros_virginiana,field
data\raw\5061353\leafsnap-dataset-30subset\dataset\images\field\diospyros_virginiana\12992000095666.jpg,diospyros_virginiana,field
data\raw\5061353\leafsnap-dataset-30subset\dataset\images\field\diospyros_virginiana\12992000103882.jpg,diospyros_virginiana,field
data\raw\5061353\leafsnap-dataset-30subset\dataset\images\field\diospyros_virginiana\12992000117223.jpg,diospyros_virginiana,field
data\raw\5061353\leafsnap-dataset-30subset\dataset\images\field\diospyros_virginiana\12992000124735.jpg,diospyros_virginiana,field
data\raw\5061353\leafsnap-dataset-30subset\dataset\images\field\diospyros_virginiana\12992000135532.jpg,diospyros_virginiana,field
data\raw\5061353\leafsnap-dataset-30subset\dataset\images\field\diospyros_virginiana\12992000147313.jpg,diospyros_virginiana,field
data\raw\5061353\leafsnap-dataset-30subset\dataset\images\field\diospyros_virginiana\12992000156973.jpg,diospyros_virginiana,field
data\raw\5061353\leafsnap-dataset-30subset\dataset\images\field\fraxinus_nigra\13291804050219.jpg,fraxinus_nigra,field
data\raw\5061353\leafsnap-dataset-30subset\dataset\images\field\fraxinus_nigra\13291804050290.jpg,fraxinus_nigra,field
data\raw\5061353\leafsnap-dataset-30subset\dataset\images\field\fraxinus_nigra\13291804050569.jpg,fraxinus_nigra,field
data\raw\5061353\leafsnap-dataset-30subset\dataset\images\field\fraxinus_nigra\13291804050836.jpg,fraxinus_nigra,field
data\raw\5061353\leafsnap-dataset-30subset\dataset\images\field\fraxinus_nigra\13291804050846.jpg,fraxinus_nigra,field
data\raw\5061353\leafsnap-dataset-30subset\dataset\images\field\fraxinus_nigra\13291804051085.jpg,fraxinus_nigra,field
data\raw\5061353\leafsnap-dataset-30subset\dataset\images\field\fraxinus_nigra\13291804051142.jpg,fraxinus_nigra,field
data\raw\5061353\leafsnap-dataset-30subset\dataset\images\field\fraxinus_nigra\13291804051243.jpg,fraxinus_nigra,field
data\raw\5061353\leafsnap-dataset-30subset\dataset\images\field\fraxinus_nigra\13291804051263.jpg,fraxinus_nigra,field
data\raw\5061353\leafsnap-dataset-30subset\dataset\images\field\fraxinus_nigra\13291804051293.jpg,fraxinus_nigra,field
data\raw\5061353\leafsnap-dataset-30subset\dataset\images\field\fraxinus_nigra\13291804051306.jpg,fraxinus_nigra,field
data\raw\5061353\leafsnap-dataset-30subset\dataset\images\field\fraxinus_nigra\13291804051438.jpg,fraxinus_nigra,field
data\raw\5061353\leafsnap-dataset-30subset\dataset\images\field\fraxinus_nigra\13291804051608.jpg,fraxinus_nigra,field
data\raw\5061353\leafsnap-dataset-30subset\dataset\images\field\fraxinus_nigra\13291804052008.jpg,fraxinus_nigra,field
data\raw\5061353\leafsnap-dataset-30subset\dataset\images\field\fraxinus_nigra\13291804052199.jpg,fraxinus_nigra,field
data\raw\5061353\leafsnap-dataset-30subset\dataset\images\field\fraxinus_nigra\13291804052362.jpg,fraxinus_nigra,field
data\raw\5061353\leafsnap-dataset-30subset\dataset\images\field\fraxinus_nigra\13291804052455.jpg,fraxinus_nigra,field
data\raw\5061353\leafsnap-dataset-30subset\dataset\images\field\fraxinus_nigra\13291804052508.jpg,fraxinus_nigra,field
data\raw\5061353\leafsnap-dataset-30subset\dataset\images\field\fraxinus_nigra\13291804052573.jpg,fraxinus_nigra,field
data\raw\5061353\leafsnap-dataset-30subset\dataset\images\field\fraxinus_nigra\13291804052865.jpg,fraxinus_nigra,field
data\raw\5061353\leafsnap-dataset-30subset\dataset\images\field\fraxinus_nigra\13291804052925.jpg,fraxinus_nigra,field
data\raw\5061353\leafsnap-dataset-30subset\dataset\images\field\fraxinus_nigra\13291804052953.jpg,fraxinus_nigra,field
data\raw\5061353\leafsnap-dataset-30subset\dataset\images\field\fraxinus_nigra\13291804052956.jpg,fraxinus_nigra,field
data\raw\5061353\leafsnap-dataset-30subset\dataset\images\field\fraxinus_nigra\13291804053025.jpg,fraxinus_nigra,field
data\raw\5061353\leafsnap-dataset-30subset\dataset\images\field\fraxinus_nigra\13291804053186.jpg,fraxinus_nigra,field
data\raw\5061353\leafsnap-dataset-30subset\dataset\images\field\fraxinus_nigra\13291804053497.jpg,fraxinus_nigra,field
data\raw\5061353\leafsnap-dataset-30subset\dataset\images\field\fraxinus_nigra\13291804053577.jpg,fraxinus_nigra,field
data\raw\5061353\leafsnap-dataset-30subset\dataset\images\field\fraxinus_nigra\13291804053740.jpg,fraxinus_nigra,field
data\raw\5061353\leafsnap-dataset-30subset\dataset\images\field\fraxinus_nigra\13291804053747.jpg,fraxinus_nigra,field
data\raw\5061353\leafsnap-dataset-30subset\dataset\images\field\fraxinus_nigra\13291804053995.jpg,fraxinus_nigra,field
data\raw\5061353\leafsnap-dataset-30subset\dataset\images\field\fraxinus_nigra\13291804054250.jpg,fraxinus_nigra,field
data\raw\5061353\leafsnap-dataset-30subset\dataset\images\field\fraxinus_nigra\13291804054382.jpg,fraxinus_nigra,field
data\raw\5061353\leafsnap-dataset-30subset\dataset\images\field\fraxinus_nigra\13291804054480.jpg,fraxinus_nigra,field
data\raw\5061353\leafsnap-dataset-30subset\dataset\images\field\fraxinus_nigra\13291804055079.jpg,fraxinus_nigra,field
data\raw\5061353\leafsnap-dataset-30subset\dataset\images\field\fraxinus_nigra\13291804055083.jpg,fraxinus_nigra,field
data\raw\5061353\leafsnap-dataset-30subset\dataset\images\field\fraxinus_nigra\13291804055375.jpg,fraxinus_nigra,field
data\raw\5061353\leafsnap-dataset-30subset\dataset\images\field\fraxinus_nigra\13291804055401.jpg,fraxinus_nigra,field
data\raw\5061353\leafsnap-dataset-30subset\dataset\images\field\fraxinus_nigra\13291804055690.jpg,fraxinus_nigra,field
data\raw\5061353\leafsnap-dataset-30subset\dataset\images\field\fraxinus_nigra\13291804055764.jpg,fraxinus_nigra,field
data\raw\5061353\leafsnap-dataset-30subset\dataset\images\field\fraxinus_nigra\13291804055929.jpg,fraxinus_nigra,field
data\raw\5061353\leafsnap-dataset-30subset\dataset\images\field\fraxinus_nigra\13291804056109.jpg,fraxinus_nigra,field
data\raw\5061353\leafsnap-dataset-30subset\dataset\images\field\fraxinus_nigra\13291804056291.jpg,fraxinus_nigra,field
data\raw\5061353\leafsnap-dataset-30subset\dataset\images\field\fraxinus_nigra\13291804056458.jpg,fraxinus_nigra,field
data\raw\5061353\leafsnap-dataset-30subset\dataset\images\field\fraxinus_nigra\13291804056537.jpg,fraxinus_nigra,field
data\raw\5061353\leafsnap-dataset-30subset\dataset\images\field\fraxinus_nigra\13291804056574.jpg,fraxinus_nigra,field
data\raw\5061353\leafsnap-dataset-30subset\dataset\images\field\fraxinus_nigra\13291804056810.jpg,fraxinus_nigra,field
data\raw\5061353\leafsnap-dataset-30subset\dataset\images\field\fraxinus_nigra\13291804056913.jpg,fraxinus_nigra,field
data\raw\5061353\leafsnap-dataset-30subset\dataset\images\field\fraxinus_nigra\13291804057012.jpg,fraxinus_nigra,field
data\raw\5061353\leafsnap-dataset-30subset\dataset\images\field\fraxinus_nigra\13291804057015.jpg,fraxinus_nigra,field
data\raw\5061353\leafsnap-dataset-30subset\dataset\images\field\fraxinus_nigra\13291804057337.jpg,fraxinus_nigra,field
data\raw\5061353\leafsnap-dataset-30subset\dataset\images\field\fraxinus_nigra\13291804057356.jpg,fraxinus_nigra,field
data\raw\5061353\leafsnap-dataset-30subset\dataset\images\field\fraxinus_nigra\13291804057391.jpg,fraxinus_nigra,field
data\raw\5061353\leafsnap-dataset-30subset\dataset\images\field\fraxinus_nigra\13291804057514.jpg,fraxinus_nigra,field
data\raw\5061353\leafsnap-dataset-30subset\dataset\images\field\fraxinus_nigra\13291804057653.jpg,fraxinus_nigra,field
data\raw\5061353\leafsnap-dataset-30subset\dataset\images\field\fraxinus_nigra\13291804057851.jpg,fraxinus_nigra,field
data\raw\5061353\leafsnap-dataset-30subset\dataset\images\field\fraxinus_nigra\13291804057872.jpg,fraxinus_nigra,field
data\raw\5061353\leafsnap-dataset-30subset\dataset\images\field\fraxinus_nigra\13291804057997.jpg,fraxinus_nigra,field
data\raw\5061353\leafsnap-dataset-30subset\dataset\images\field\fraxinus_nigra\13291804058290.jpg,fraxinus_nigra,field
data\raw\5061353\leafsnap-dataset-30subset\dataset\images\field\fraxinus_nigra\13291804058669.jpg,fraxinus_nigra,field
data\raw\5061353\leafsnap-dataset-30subset\dataset\images\field\fraxinus_nigra\13291804058673.jpg,fraxinus_nigra,field
data\raw\5061353\leafsnap-dataset-30subset\dataset\images\field\fraxinus_nigra\13291804058687.jpg,fraxinus_nigra,field
data\raw\5061353\leafsnap-dataset-30subset\dataset\images\field\fraxinus_nigra\13291804058716.jpg,fraxinus_nigra,field
data\raw\5061353\leafsnap-dataset-30subset\dataset\images\field\fraxinus_nigra\13291804058755.jpg,fraxinus_nigra,field
data\raw\5061353\leafsnap-dataset-30subset\dataset\images\field\fraxinus_nigra\13291804058761.jpg,fraxinus_nigra,field
data\raw\5061353\leafsnap-dataset-30subset\dataset\images\field\fraxinus_nigra\13291804058821.jpg,fraxinus_nigra,field
data\raw\5061353\leafsnap-dataset-30subset\dataset\images\field\fraxinus_nigra\13291804058862.jpg,fraxinus_nigra,field
data\raw\5061353\leafsnap-dataset-30subset\dataset\images\field\fraxinus_nigra\13291804058898.jpg,fraxinus_nigra,field
data\raw\5061353\leafsnap-dataset-30subset\dataset\images\field\fraxinus_nigra\13291804058908.jpg,fraxinus_nigra,field
data\raw\5061353\leafsnap-dataset-30subset\dataset\images\field\fraxinus_nigra\13291804058990.jpg,fraxinus_nigra,field
data\raw\5061353\leafsnap-dataset-30subset\dataset\images\field\fraxinus_nigra\13291804059098.jpg,fraxinus_nigra,field
data\raw\5061353\leafsnap-dataset-30subset\dataset\images\field\fraxinus_nigra\13291804059186.jpg,fraxinus_nigra,field
data\raw\5061353\leafsnap-dataset-30subset\dataset\images\field\fraxinus_nigra\13291804059205.jpg,fraxinus_nigra,field
data\raw\5061353\leafsnap-dataset-30subset\dataset\images\field\fraxinus_nigra\13291804059300.jpg,fraxinus_nigra,field
data\raw\5061353\leafsnap-dataset-30subset\dataset\images\field\fraxinus_nigra\13291804059314.jpg,fraxinus_nigra,field
data\raw\5061353\leafsnap-dataset-30subset\dataset\images\field\fraxinus_nigra\13291804059343.jpg,fraxinus_nigra,field
data\raw\5061353\leafsnap-dataset-30subset\dataset\images\field\fraxinus_nigra\13291804059542.jpg,fraxinus_nigra,field
data\raw\5061353\leafsnap-dataset-30subset\dataset\images\field\fraxinus_nigra\13291804059699.jpg,fraxinus_nigra,field
data\raw\5061353\leafsnap-dataset-30subset\dataset\images\field\fraxinus_nigra\13291804059710.jpg,fraxinus_nigra,field
data\raw\5061353\leafsnap-dataset-30subset\dataset\images\field\fraxinus_nigra\13291804059775.jpg,fraxinus_nigra,field
data\raw\5061353\leafsnap-dataset-30subset\dataset\images\field\fraxinus_nigra\13291804059799.jpg,fraxinus_nigra,field
data\raw\5061353\leafsnap-dataset-30subset\dataset\images\field\fraxinus_nigra\13291804059810.jpg,fraxinus_nigra,field
data\raw\5061353\leafsnap-dataset-30subset\dataset\images\field\fraxinus_nigra\13291804059848.jpg,fraxinus_nigra,field
data\raw\5061353\leafsnap-dataset-30subset\dataset\images\field\fraxinus_nigra\13291804059899.jpg,fraxinus_nigra,field
data\raw\5061353\leafsnap-dataset-30subset\dataset\images\field\fraxinus_nigra\13291804059928.jpg,fraxinus_nigra,field
data\raw\5061353\leafsnap-dataset-30subset\dataset\images\field\fraxinus_nigra\13291804059998.jpg,fraxinus_nigra,field
data\raw\5061353\leafsnap-dataset-30subset\dataset\images\field\gleditsia_triacanthos\12992000849671.jpg,gleditsia_triacanthos,field
data\raw\5061353\leafsnap-dataset-30subset\dataset\images\field\gleditsia_triacanthos\12992000851559.jpg,gleditsia_triacanthos,field
data\raw\5061353\leafsnap-dataset-30subset\dataset\images\field\gleditsia_triacanthos\12992000860641.jpg,gleditsia_triacanthos,field
data\raw\5061353\leafsnap-dataset-30subset\dataset\images\field\gleditsia_triacanthos\12992000871560.jpg,gleditsia_triacanthos,field
data\raw\5061353\leafsnap-dataset-30subset\dataset\images\field\gleditsia_triacanthos\12992000888893.jpg,gleditsia_triacanthos,field
data\raw\5061353\leafsnap-dataset-30subset\dataset\images\field\gleditsia_triacanthos\12992000892448.jpg,gleditsia_triacanthos,field
data\raw\5061353\leafsnap-dataset-30subset\dataset\images\field\gleditsia_triacanthos\12992000904528.jpg,gleditsia_triacanthos,field
data\raw\5061353\leafsnap-dataset-30subset\dataset\images\field\gleditsia_triacanthos\12992000911703.jpg,gleditsia_triacanthos,field
data\raw\5061353\leafsnap-dataset-30subset\dataset\images\field\gleditsia_triacanthos\12992000921067.jpg,gleditsia_triacanthos,field
data\raw\5061353\leafsnap-dataset-30subset\dataset\images\field\gleditsia_triacanthos\12992000937154.jpg,gleditsia_triacanthos,field
data\raw\5061353\leafsnap-dataset-30subset\dataset\images\field\gleditsia_triacanthos\12992000945433.jpg,gleditsia_triacanthos,field
data\raw\5061353\leafsnap-dataset-30subset\dataset\images\field\gleditsia_triacanthos\12992000957042.jpg,gleditsia_triacanthos,field
data\raw\5061353\leafsnap-dataset-30subset\dataset\images\field\gleditsia_triacanthos\12992000962590.jpg,gleditsia_triacanthos,field
data\raw\5061353\leafsnap-dataset-30subset\dataset\images\field\gleditsia_triacanthos\12992000975469.jpg,gleditsia_triacanthos,field
data\raw\5061353\leafsnap-dataset-30subset\dataset\images\field\gleditsia_triacanthos\12992000996803.jpg,gleditsia_triacanthos,field
data\raw\5061353\leafsnap-dataset-30subset\dataset\images\field\gleditsia_triacanthos\12992001009229.jpg,gleditsia_triacanthos,field
data\raw\5061353\leafsnap-dataset-30subset\dataset\images\field\gleditsia_triacanthos\12992001013700.jpg,gleditsia_triacanthos,field
data\raw\5061353\leafsnap-dataset-30subset\dataset\images\field\gleditsia_triacanthos\12992001025880.jpg,gleditsia_triacanthos,field
data\raw\5061353\leafsnap-dataset-30subset\dataset\images\field\gleditsia_triacanthos\12992001034964.jpg,gleditsia_triacanthos,field
data\raw\5061353\leafsnap-dataset-30subset\dataset\images\field\gleditsia_triacanthos\12992001046630.jpg,gleditsia_triacanthos,field
data\raw\5061353\leafsnap-dataset-30subset\dataset\images\field\gleditsia_triacanthos\12992001050319.jpg,gleditsia_triacanthos,field
data\raw\5061353\leafsnap-dataset-30subset\dataset\images\field\gleditsia_triacanthos\12992001062993.jpg,gleditsia_triacanthos,field
data\raw\5061353\leafsnap-dataset-30subset\dataset\images\field\gleditsia_triacanthos\12992001073824.jpg,gleditsia_triacanthos,field
data\raw\5061353\leafsnap-dataset-30subset\dataset\images\field\gleditsia_triacanthos\12992001089838.jpg,gleditsia_triacanthos,field
data\raw\5061353\leafsnap-dataset-30subset\dataset\images\field\gleditsia_triacanthos\12992001093840.jpg,gleditsia_triacanthos,field
data\raw\5061353\leafsnap-dataset-30subset\dataset\images\field\gleditsia_triacanthos\12992001098734.jpg,gleditsia_triacanthos,field
data\raw\5061353\leafsnap-dataset-30subset\dataset\images\field\gleditsia_triacanthos\12992001100618.jpg,gleditsia_triacanthos,field
data\raw\5061353\leafsnap-dataset-30subset\dataset\images\field\gleditsia_triacanthos\12992001102615.jpg,gleditsia_triacanthos,field
data\raw\5061353\leafsnap-dataset-30subset\dataset\images\field\gleditsia_triacanthos\12992001104894.jpg,gleditsia_triacanthos,field
data\raw\5061353\leafsnap-dataset-30subset\dataset\images\field\gleditsia_triacanthos\12992001105556.jpg,gleditsia_triacanthos,field
data\raw\5061353\leafsnap-dataset-30subset\dataset\images\field\gleditsia_triacanthos\12992001110446.jpg,gleditsia_triacanthos,field
data\raw\5061353\leafsnap-dataset-30subset\dataset\images\field\gleditsia_triacanthos\12992001116146.jpg,gleditsia_triacanthos,field
data\raw\5061353\leafsnap-dataset-30subset\dataset\images\field\gleditsia_triacanthos\12992001119047.jpg,gleditsia_triacanthos,field
data\raw\5061353\leafsnap-dataset-30subset\dataset\images\field\gleditsia_triacanthos\12992001121762.jpg,gleditsia_triacanthos,field
data\raw\5061353\leafsnap-dataset-30subset\dataset\images\field\gleditsia_triacanthos\12992001125085.jpg,gleditsia_triacanthos,field
data\raw\5061353\leafsnap-dataset-30subset\dataset\images\field\gleditsia_triacanthos\12992001133826.jpg,gleditsia_triacanthos,field
data\raw\5061353\leafsnap-dataset-30subset\dataset\images\field\gleditsia_triacanthos\12992001137244.jpg,gleditsia_triacanthos,field
data\raw\5061353\leafsnap-dataset-30subset\dataset\images\field\gleditsia_triacanthos\12992001138953.jpg,gleditsia_triacanthos,field
data\raw\5061353\leafsnap-dataset-30subset\dataset\images\field\gleditsia_triacanthos\12992001141104.jpg,gleditsia_triacanthos,field
data\raw\5061353\leafsnap-dataset-30subset\dataset\images\field\gleditsia_triacanthos\12992001142656.jpg,gleditsia_triacanthos,field
data\raw\5061353\leafsnap-dataset-30subset\dataset\images\field\gleditsia_triacanthos\12992001142858.jpg,gleditsia_triacanthos,field
data\raw\5061353\leafsnap-dataset-30subset\dataset\images\field\gleditsia_triacanthos\12992001151037.jpg,gleditsia_triacanthos,field
data\raw\5061353\leafsnap-dataset-30subset\dataset\images\field\gleditsia_triacanthos\12992001168663.jpg,gleditsia_triacanthos,field
data\raw\5061353\leafsnap-dataset-30subset\dataset\images\field\gleditsia_triacanthos\12992001172888.jpg,gleditsia_triacanthos,field
data\raw\5061353\leafsnap-dataset-30subset\dataset\images\field\gleditsia_triacanthos\12992001196372.jpg,gleditsia_triacanthos,field
data\raw\5061353\leafsnap-dataset-30subset\dataset\images\field\gleditsia_triacanthos\12992001205233.jpg,gleditsia_triacanthos,field
data\raw\5061353\leafsnap-dataset-30subset\dataset\images\field\ilex_opaca\1248105728_0000.jpg,ilex_opaca,field
data\raw\5061353\leafsnap-dataset-30subset\dataset\images\field\ilex_opaca\1248105728_0001.jpg,ilex_opaca,field
data\raw\5061353\leafsnap-dataset-30subset\dataset\images\field\ilex_opaca\1248105728_0002.jpg,ilex_opaca,field
data\raw\5061353\leafsnap-dataset-30subset\dataset\images\field\ilex_opaca\1248105728_0003.jpg,ilex_opaca,field
data\raw\5061353\leafsnap-dataset-30subset\dataset\images\field\ilex_opaca\1248105728_0004.jpg,ilex_opaca,field
data\raw\5061353\leafsnap-dataset-30subset\dataset\images\field\ilex_opaca\1248105728_0005.jpg,ilex_opaca,field
data\raw\5061353\leafsnap-dataset-30subset\dataset\images\field\ilex_opaca\1248105728_0006.jpg,ilex_opaca,field
data\raw\5061353\leafsnap-dataset-30subset\dataset\images\field\ilex_opaca\1248105728_0007.jpg,ilex_opaca,field
data\raw\5061353\leafsnap-dataset-30subset\dataset\images\field\ilex_opaca\1258479670_0000.jpg,ilex_opaca,field
data\raw\5061353\leafsnap-dataset-30subset\dataset\images\field\ilex_opaca\1258479670_0001.jpg,ilex_opaca,field
data\raw\5061353\leafsnap-dataset-30subset\dataset\images\field\ilex_opaca\1258479670_0002.jpg,ilex_opaca,field
data\raw\5061353\leafsnap-dataset-30subset\dataset\images\field\ilex_opaca\1258479670_0003.jpg,ilex_opaca,field
data\raw\5061353\leafsnap-dataset-30subset\dataset\images\field\ilex_opaca\1258479670_0004.jpg,ilex_opaca,field
data\raw\5061353\leafsnap-dataset-30subset\dataset\images\field\ilex_opaca\1258479670_0005.jpg,ilex_opaca,field
data\raw\5061353\leafsnap-dataset-30subset\dataset\images\field\ilex_opaca\1258479670_0006.jpg,ilex_opaca,field
data\raw\5061353\leafsnap-dataset-30subset\dataset\images\field\ilex_opaca\1258479670_0007.jpg,ilex_opaca,field
data\raw\5061353\leafsnap-dataset-30subset\dataset\images\field\ilex_opaca\1259044643_0006.jpg,ilex_opaca,field
data\raw\5061353\leafsnap-dataset-30subset\dataset\images\field\ilex_opaca\1259044643_0016.jpg,ilex_opaca,field
data\raw\5061353\leafsnap-dataset-30subset\dataset\images\field\ilex_opaca\1259044643_0020.jpg,ilex_opaca,field
data\raw\5061353\leafsnap-dataset-30subset\dataset\images\field\ilex_opaca\1259044643_0024.jpg,ilex_opaca,field
data\raw\5061353\leafsnap-dataset-30subset\dataset\images\field\ilex_opaca\1259044643_0027.jpg,ilex_opaca,field
data\raw\5061353\leafsnap-dataset-30subset\dataset\images\field\ilex_opaca\1259044643_0038.jpg,ilex_opaca,field
data\raw\5061353\leafsnap-dataset-30subset\dataset\images\field\ilex_opaca\1259044643_0045.jpg,ilex_opaca,field
data\raw\5061353\leafsnap-dataset-30subset\dataset\images\field\ilex_opaca\1259045059_0007.jpg,ilex_opaca,field
data\raw\5061353\leafsnap-dataset-30subset\dataset\images\field\ilex_opaca\1259045059_0017.jpg,ilex_opaca,field
data\raw\5061353\leafsnap-dataset-30subset\dataset\images\field\ilex_opaca\1259045059_0020.jpg,ilex_opaca,field
data\raw\5061353\leafsnap-dataset-30subset\dataset\images\field\ilex_opaca\1259045059_0027.jpg,ilex_opaca,field
data\raw\5061353\leafsnap-dataset-30subset\dataset\images\field\ilex_opaca\1259045059_0046.jpg,ilex_opaca,field
data\raw\5061353\leafsnap-dataset-30subset\dataset\images\field\juglans_cinerea\13292191160131.jpg,juglans_cinerea,field
data\raw\5061353\leafsnap-dataset-30subset\dataset\images\field\juglans_cinerea\13292191160146.jpg,juglans_cinerea,field
data\raw\5061353\leafsnap-dataset-30subset\dataset\images\field\juglans_cinerea\13292191160404.jpg,juglans_cinerea,field
data\raw\5061353\leafsnap-dataset-30subset\dataset\images\field\juglans_cinerea\13292191160419.jpg,juglans_cinerea,field
data\raw\5061353\leafsnap-dataset-30subset\dataset\images\field\juglans_cinerea\13292191160453.jpg,juglans_cinerea,field
data\raw\5061353\leafsnap-dataset-30subset\dataset\images\field\juglans_cinerea\13292191160814.jpg,juglans_cinerea,field
data\raw\5061353\leafsnap-dataset-30subset\dataset\images\field\juglans_cinerea\13292191160862.jpg,juglans_cinerea,field
data\raw\5061353\leafsnap-dataset-30subset\dataset\images\field\juglans_cinerea\13292191160949.jpg,juglans_cinerea,field
data\raw\5061353\leafsnap-dataset-30subset\dataset\images\field\juglans_cinerea\13292191160962.jpg,juglans_cinerea,field
data\raw\5061353\leafsnap-dataset-30subset\dataset\images\field\juglans_cinerea\13292191161167.jpg,juglans_cinerea,field
data\raw\5061353\leafsnap-dataset-30subset\dataset\images\field\juglans_cinerea\13292191161209.jpg,juglans_cinerea,field
data\raw\5061353\leafsnap-dataset-30subset\dataset\images\field\juglans_cinerea\13292191161229.jpg,juglans_cinerea,field
data\raw\5061353\leafsnap-dataset-30subset\dataset\images\field\juglans_cinerea\13292191161256.jpg,juglans_cinerea,field
data\raw\5061353\leafsnap-dataset-30subset\dataset\images\field\juglans_cinerea\13292191161322.jpg,juglans_cinerea,field
data\raw\5061353\leafsnap-dataset-30subset\dataset\images\field\juglans_cinerea\13292191161347.jpg,juglans_cinerea,field
data\raw\5061353\leafsnap-dataset-30subset\dataset\images\field\juglans_cinerea\13292191161404.jpg,juglans_cinerea,field
data\raw\5061353\leafsnap-dataset-30subset\dataset\images\field\juglans_cinerea\13292191161612.jpg,juglans_cinerea,field
data\raw\5061353\leafsnap-dataset-30subset\dataset\images\field\juglans_cinerea\13292191161805.jpg,juglans_cinerea,field
data\raw\5061353\leafsnap-dataset-30subset\dataset\images\field\juglans_cinerea\13292191161902.jpg,juglans_cinerea,field
data\raw\5061353\leafsnap-dataset-30subset\dataset\images\field\juglans_cinerea\13292191161919.jpg,juglans_cinerea,field
data\raw\5061353\leafsnap-dataset-30subset\dataset\images\field\juglans_cinerea\13292191162001.jpg,juglans_cinerea,field
data\raw\5061353\leafsnap-dataset-30subset\dataset\images\field\juglans_cinerea\13292191162294.jpg,juglans_cinerea,field
data\raw\5061353\leafsnap-dataset-30subset\dataset\images\field\juglans_cinerea\13292191162549.jpg,juglans_cinerea,field
data\raw\5061353\leafsnap-dataset-30subset\dataset\images\field\juglans_cinerea\13292191162561.jpg,juglans_cinerea,field
data\raw\5061353\leafsnap-dataset-30subset\dataset\images\field\juglans_cinerea\13292191162897.jpg,juglans_cinerea,field
data\raw\5061353\leafsnap-dataset-30subset\dataset\images\field\juglans_cinerea\13292191162916.jpg,juglans_cinerea,field
data\raw\5061353\leafsnap-dataset-30subset\dataset\images\field\juglans_cinerea\13292191162984.jpg,juglans_cinerea,field
data\raw\5061353\leafsnap-dataset-30subset\dataset\images\field\juglans_cinerea\13292191163175.jpg,juglans_cinerea,field
data\raw\5061353\leafsnap-dataset-30subset\dataset\images\field\juglans_cinerea\13292191163208.jpg,juglans_cinerea,field
data\raw\5061353\leafsnap-dataset-30subset\dataset\images\field\juglans_cinerea\13292191163237.jpg,juglans_cinerea,field
data\raw\5061353\leafsnap-dataset-30subset\dataset\images\field\juglans_cinerea\13292191163321.jpg,juglans_cinerea,field
data\raw\5061353\leafsnap-dataset-30subset\dataset\images\field\juglans_cinerea\13292191163339.jpg,juglans_cinerea,field
data\raw\5061353\leafsnap-dataset-30subset\dataset\images\field\juglans_cinerea\13292191163469.jpg,juglans_cinerea,field
data\raw\5061353\leafsnap-dataset-30subset\dataset\images\field\juglans_cinerea\13292191163511.jpg,juglans_cinerea,field
data\raw\5061353\leafsnap-dataset-30subset\dataset\images\field\juglans_cinerea\13292191163550.jpg,juglans_cinerea,field
data\raw\5061353\leafsnap-dataset-30subset\dataset\images\field\juglans_cinerea\13292191163686.jpg,juglans_cinerea,field
data\raw\5061353\leafsnap-dataset-30subset\dataset\images\field\juglans_cinerea\13292191163762.jpg,juglans_cinerea,field
data\raw\5061353\leafsnap-dataset-30subset\dataset\images\field\juglans_cinerea\13292191163871.jpg,juglans_cinerea,field
data\raw\5061353\leafsnap-dataset-30subset\dataset\images\field\juglans_cinerea\13292191163878.jpg,juglans_cinerea,field
data\raw\5061353\leafsnap-dataset-30subset\dataset\images\field\juglans_cinerea\13292191163932.jpg,juglans_cinerea,field
data\raw\5061353\leafsnap-dataset-30subset\dataset\images\field\juglans_cinerea\13292191164055.jpg,juglans_cinerea,field
data\raw\5061353\leafsnap-dataset-30subset\dataset\images\field\juglans_cinerea\13292191164072.jpg,juglans_cinerea,field
data\raw\5061353\leafsnap-dataset-30subset\dataset\images\field\juglans_cinerea\13292191164119.jpg,juglans_cinerea,field
data\raw\5061353\leafsnap-dataset-30subset\dataset\images\field\juglans_cinerea\13292191164183.jpg,juglans_cinerea,field
data\raw\5061353\leafsnap-dataset-30subset\dataset\images\field\juglans_cinerea\13292191164438.jpg,juglans_cinerea,field
data\raw\5061353\leafsnap-dataset-30subset\dataset\images\field\juglans_cinerea\13292191164644.jpg,juglans_cinerea,field
data\raw\5061353\leafsnap-dataset-30subset\dataset\images\field\juglans_cinerea\13292191164774.jpg,juglans_cinerea,field
data\raw\5061353\leafsnap-dataset-30subset\dataset\images\field\juglans_cinerea\13292191164802.jpg,juglans_cinerea,field
data\raw\5061353\leafsnap-dataset-30subset\dataset\images\field\juglans_cinerea\13292191164929.jpg,juglans_cinerea,field
data\raw\5061353\leafsnap-dataset-30subset\dataset\images\field\juglans_cinerea\13292191165001.jpg,juglans_cinerea,field
data\raw\5061353\leafsnap-dataset-30subset\dataset\images\field\juglans_cinerea\13292191165056.jpg,juglans_cinerea,field
data\raw\5061353\leafsnap-dataset-30subset\dataset\images\field\juglans_cinerea\13292191165405.jpg,juglans_cinerea,field
data\raw\5061353\leafsnap-dataset-30subset\dataset\images\field\juglans_cinerea\13292191165577.jpg,juglans_cinerea,field
data\raw\5061353\leafsnap-dataset-30subset\dataset\images\field\juglans_cinerea\13292191165713.jpg,juglans_cinerea,field
data\raw\5061353\leafsnap-dataset-30subset\dataset\images\field\juglans_cinerea\13292191165848.jpg,juglans_cinerea,field
data\raw\5061353\leafsnap-dataset-30subset\dataset\images\field\juglans_cinerea\13292191165875.jpg,juglans_cinerea,field
data\raw\5061353\leafsnap-dataset-30subset\dataset\images\field\juglans_cinerea\13292191165930.jpg,juglans_cinerea,field
data\raw\5061353\leafsnap-dataset-30subset\dataset\images\field\juglans_cinerea\13292191165998.jpg,juglans_cinerea,field
data\raw\5061353\leafsnap-dataset-30subset\dataset\images\field\juglans_cinerea\13292191166241.jpg,juglans_cinerea,field
data\raw\5061353\leafsnap-dataset-30subset\dataset\images\field\juglans_cinerea\13292191166413.jpg,juglans_cinerea,field
data\raw\5061353\leafsnap-dataset-30subset\dataset\images\field\juglans_cinerea\13292191166423.jpg,juglans_cinerea,field
data\raw\5061353\leafsnap-dataset-30subset\dataset\images\field\juglans_cinerea\13292191166437.jpg,juglans_cinerea,field
data\raw\5061353\leafsnap-dataset-30subset\dataset\images\field\juglans_cinerea\13292191166470.jpg,juglans_cinerea,field
data\raw\5061353\leafsnap-dataset-30subset\dataset\images\field\juglans_cinerea\13292191166506.jpg,juglans_cinerea,field
data\raw\5061353\leafsnap-dataset-30subset\dataset\images\field\juglans_cinerea\13292191166575.jpg,juglans_cinerea,field
data\raw\5061353\leafsnap-dataset-30subset\dataset\images\field\juglans_cinerea\13292191166597.jpg,juglans_cinerea,field
data\raw\5061353\leafsnap-dataset-30subset\dataset\images\field\juglans_cinerea\13292191166857.jpg,juglans_cinerea,field
data\raw\5061353\leafsnap-dataset-30subset\dataset\images\field\juglans_cinerea\13292191166943.jpg,juglans_cinerea,field
data\raw\5061353\leafsnap-dataset-30subset\dataset\images\field\juglans_cinerea\13292191167186.jpg,juglans_cinerea,field
data\raw\5061353\leafsnap-dataset-30subset\dataset\images\field\juglans_cinerea\13292191167191.jpg,juglans_cinerea,field
data\raw\5061353\leafsnap-dataset-30subset\dataset\images\field\juglans_cinerea\13292191167300.jpg,juglans_cinerea,field
data\raw\5061353\leafsnap-dataset-30subset\dataset\images\field\juglans_cinerea\13292191167433.jpg,juglans_cinerea,field
data\raw\5061353\leafsnap-dataset-30subset\dataset\images\field\juglans_cinerea\13292191167627.jpg,juglans_cinerea,field
data\raw\5061353\leafsnap-dataset-30subset\dataset\images\field\juglans_cinerea\13292191167820.jpg,juglans_cinerea,field
data\raw\5061353\leafsnap-dataset-30subset\dataset\images\field\juglans_cinerea\13292191167873.jpg,juglans_cinerea,field
data\raw\5061353\leafsnap-dataset-30subset\dataset\images\field\juglans_cinerea\13292191167915.jpg,juglans_cinerea,field
data\raw\5061353\leafsnap-dataset-30subset\dataset\images\field\juglans_cinerea\13292191168346.jpg,juglans_cinerea,field
data\raw\5061353\leafsnap-dataset-30subset\dataset\images\field\juglans_cinerea\13292191168391.jpg,juglans_cinerea,field
data\raw\5061353\leafsnap-dataset-30subset\dataset\images\field\juglans_cinerea\13292191168449.jpg,juglans_cinerea,field
data\raw\5061353\leafsnap-dataset-30subset\dataset\images\field\juglans_cinerea\13292191168489.jpg,juglans_cinerea,field
data\raw\5061353\leafsnap-dataset-30subset\dataset\images\field\juglans_cinerea\13292191168536.jpg,juglans_cinerea,field
data\raw\5061353\leafsnap-dataset-30subset\dataset\images\field\juglans_cinerea\13292191168600.jpg,juglans_cinerea,field
data\raw\5061353\leafsnap-dataset-30subset\dataset\images\field\juglans_cinerea\13292191168644.jpg,juglans_cinerea,field
data\raw\5061353\leafsnap-dataset-30subset\dataset\images\field\juglans_cinerea\13292191168685.jpg,juglans_cinerea,field
data\raw\5061353\leafsnap-dataset-30subset\dataset\images\field\juglans_cinerea\13292191168711.jpg,juglans_cinerea,field
data\raw\5061353\leafsnap-dataset-30subset\dataset\images\field\juglans_cinerea\13292191168733.jpg,juglans_cinerea,field
data\raw\5061353\leafsnap-dataset-30subset\dataset\images\field\juglans_cinerea\13292191168790.jpg,juglans_cinerea,field
data\raw\5061353\leafsnap-dataset-30subset\dataset\images\field\juglans_cinerea\13292191168870.jpg,juglans_cinerea,field
data\raw\5061353\leafsnap-dataset-30subset\dataset\images\field\juglans_cinerea\13292191168943.jpg,juglans_cinerea,field
data\raw\5061353\leafsnap-dataset-30subset\dataset\images\field\juglans_cinerea\13292191169010.jpg,juglans_cinerea,field
data\raw\5061353\leafsnap-dataset-30subset\dataset\images\field\juglans_cinerea\13292191169288.jpg,juglans_cinerea,field
data\raw\5061353\leafsnap-dataset-30subset\dataset\images\field\juglans_cinerea\13292191169373.jpg,juglans_cinerea,field
data\raw\5061353\leafsnap-dataset-30subset\dataset\images\field\juglans_cinerea\13292191169399.jpg,juglans_cinerea,field
data\raw\5061353\leafsnap-dataset-30subset\dataset\images\field\juglans_cinerea\13292191169563.jpg,juglans_cinerea,field
data\raw\5061353\leafsnap-dataset-30subset\dataset\images\field\juglans_cinerea\13292191169727.jpg,juglans_cinerea,field
data\raw\5061353\leafsnap-dataset-30subset\dataset\images\field\juglans_cinerea\13292191169867.jpg,juglans_cinerea,field
data\raw\5061353\leafsnap-dataset-30subset\dataset\images\field\juglans_cinerea\13292191169891.jpg,juglans_cinerea,field
data\raw\5061353\leafsnap-dataset-30subset\dataset\images\field\liriodendron_tulipifera\12992002304743.jpg,liriodendron_tulipifera,field
data\raw\5061353\leafsnap-dataset-30subset\dataset\images\field\liriodendron_tulipifera\12992002316291.jpg,liriodendron_tulipifera,field
data\raw\5061353\leafsnap-dataset-30subset\dataset\images\field\liriodendron_tulipifera\12992002336539.jpg,liriodendron_tulipifera,field
data\raw\5061353\leafsnap-dataset-30subset\dataset\images\field\liriodendron_tulipifera\12992002340508.jpg,liriodendron_tulipifera,field
data\raw\5061353\leafsnap-dataset-30subset\dataset\images\field\liriodendron_tulipifera\12992002354369.jpg,liriodendron_tulipifera,field
data\raw\5061353\leafsnap-dataset-30subset\dataset\images\field\liriodendron_tulipifera\12992002367158.jpg,liriodendron_tulipifera,field
data\raw\5061353\leafsnap-dataset-30subset\dataset\images\field\liriodendron_tulipifera\12992002379910.jpg,liriodendron_tulipifera,field
data\raw\5061353\leafsnap-dataset-30subset\dataset\images\field\liriodendron_tulipifera\12992002382953.jpg,liriodendron_tulipifera,field
data\raw\5061353\leafsnap-dataset-30subset\dataset\images\field\liriodendron_tulipifera\12992002391477.jpg,liriodendron_tulipifera,field
data\raw\5061353\leafsnap-dataset-30subset\dataset\images\field\liriodendron_tulipifera\12992002409359.jpg,liriodendron_tulipifera,field
data\raw\5061353\leafsnap-dataset-30subset\dataset\images\field\liriodendron_tulipifera\12992002410058.jpg,liriodendron_tulipifera,field
data\raw\5061353\leafsnap-dataset-30subset\dataset\images\field\liriodendron_tulipifera\12992002466481.jpg,liriodendron_tulipifera,field
data\raw\5061353\leafsnap-dataset-30subset\dataset\images\field\liriodendron_tulipifera\12992002485541.jpg,liriodendron_tulipifera,field
data\raw\5061353\leafsnap-dataset-30subset\dataset\images\field\liriodendron_tulipifera\12992002496760.jpg,liriodendron_tulipifera,field
data\raw\5061353\leafsnap-dataset-30subset\dataset\images\field\liriodendron_tulipifera\12992002516694.jpg,liriodendron_tulipifera,field
data\raw\5061353\leafsnap-dataset-30subset\dataset\images\field\liriodendron_tulipifera\12992002529231.jpg,liriodendron_tulipifera,field
data\raw\5061353\leafsnap-dataset-30subset\dataset\images\field\liriodendron_tulipifera\12992002534366.jpg,liriodendron_tulipifera,field
data\raw\5061353\leafsnap-dataset-30subset\dataset\images\field\liriodendron_tulipifera\12992002544128.jpg,liriodendron_tulipifera,field
data\raw\5061353\leafsnap-dataset-30subset\dataset\images\field\liriodendron_tulipifera\12992002550330.jpg,liriodendron_tulipifera,field
data\raw\5061353\leafsnap-dataset-30subset\dataset\images\field\liriodendron_tulipifera\12992002560705.jpg,liriodendron_tulipifera,field
data\raw\5061353\leafsnap-dataset-30subset\dataset\images\field\liriodendron_tulipifera\12992002576746.jpg,liriodendron_tulipifera,field
data\raw\5061353\leafsnap-dataset-30subset\dataset\images\field\liriodendron_tulipifera\12992002591225.jpg,liriodendron_tulipifera,field
data\raw\5061353\leafsnap-dataset-30subset\dataset\images\field\liriodendron_tulipifera\12992002608002.jpg,liriodendron_tulipifera,field
data\raw\5061353\leafsnap-dataset-30subset\dataset\images\field\liriodendron_tulipifera\12992002612030.jpg,liriodendron_tulipifera,field
data\raw\5061353\leafsnap-dataset-30subset\dataset\images\field\liriodendron_tulipifera\12992002628515.jpg,liriodendron_tulipifera,field
data\raw\5061353\leafsnap-dataset-30subset\dataset\images\field\liriodendron_tulipifera\12992002639287.jpg,liriodendron_tulipifera,field
data\raw\5061353\leafsnap-dataset-30subset\dataset\images\field\liriodendron_tulipifera\12992002649482.jpg,liriodendron_tulipifera,field
data\raw\5061353\leafsnap-dataset-30subset\dataset\images\field\liriodendron_tulipifera\12992002651296.jpg,liriodendron_tulipifera,field
data\raw\5061353\leafsnap-dataset-30subset\dataset\images\field\liriodendron_tulipifera\12992002669268.jpg,liriodendron_tulipifera,field
data\raw\5061353\leafsnap-dataset-30subset\dataset\images\field\liriodendron_tulipifera\12992002674682.jpg,liriodendron_tulipifera,field
data\raw\5061353\leafsnap-dataset-30subset\dataset\images\field\liriodendron_tulipifera\12992002694573.jpg,liriodendron_tulipifera,field
data\raw\5061353\leafsnap-dataset-30subset\dataset\images\field\liriodendron_tulipifera\12992002700345.jpg,liriodendron_tulipifera,field
data\raw\5061353\leafsnap-dataset-30subset\dataset\images\field\liriodendron_tulipifera\12992002717065.jpg,liriodendron_tulipifera,field
data\raw\5061353\leafsnap-dataset-30subset\dataset\images\field\liriodendron_tulipifera\12992002729830.jpg,liriodendron_tulipifera,field
data\raw\5061353\leafsnap-dataset-30subset\dataset\images\field\liriodendron_tulipifera\12992002730362.jpg,liriodendron_tulipifera,field
data\raw\5061353\leafsnap-dataset-30subset\dataset\images\field\liriodendron_tulipifera\12992002741196.jpg,liriodendron_tulipifera,field
data\raw\5061353\leafsnap-dataset-30subset\dataset\images\field\liriodendron_tulipifera\12992002746804.jpg,liriodendron_tulipifera,field
data\raw\5061353\leafsnap-dataset-30subset\dataset\images\field\liriodendron_tulipifera\12992002746961.jpg,liriodendron_tulipifera,field
data\raw\5061353\leafsnap-dataset-30subset\dataset\images\field\liriodendron_tulipifera\12992002749064.jpg,liriodendron_tulipifera,field
data\raw\5061353\leafsnap-dataset-30subset\dataset\images\field\liriodendron_tulipifera\12992002750093.jpg,liriodendron_tulipifera,field
data\raw\5061353\leafsnap-dataset-30subset\dataset\images\field\liriodendron_tulipifera\12992002752738.jpg,liriodendron_tulipifera,field
data\raw\5061353\leafsnap-dataset-30subset\dataset\images\field\liriodendron_tulipifera\12992002767203.jpg,liriodendron_tulipifera,field
data\raw\5061353\leafsnap-dataset-30subset\dataset\images\field\liriodendron_tulipifera\12992002768312.jpg,liriodendron_tulipifera,field
data\raw\5061353\leafsnap-dataset-30subset\dataset\images\field\liriodendron_tulipifera\12992002769554.jpg,liriodendron_tulipifera,field
data\raw\5061353\leafsnap-dataset-30subset\dataset\images\field\liriodendron_tulipifera\12992002774789.jpg,liriodendron_tulipifera,field
data\raw\5061353\leafsnap-dataset-30subset\dataset\images\field\liriodendron_tulipifera\12992002776742.jpg,liriodendron_tulipifera,field
data\raw\5061353\leafsnap-dataset-30subset\dataset\images\field\liriodendron_tulipifera\12992002782646.jpg,liriodendron_tulipifera,field
data\raw\5061353\leafsnap-dataset-30subset\dataset\images\field\liriodendron_tulipifera\12992002792506.jpg,liriodendron_tulipifera,field
data\raw\5061353\leafsnap-dataset-30subset\dataset\images\field\liriodendron_tulipifera\12992002801738.jpg,liriodendron_tulipifera,field
data\raw\5061353\leafsnap-dataset-30subset\dataset\images\field\liriodendron_tulipifera\12992002815799.jpg,liriodendron_tulipifera,field
data\raw\5061353\leafsnap-dataset-30subset\dataset\images\field\liriodendron_tulipifera\12992002819441.jpg,liriodendron_tulipifera,field
data\raw\5061353\leafsnap-dataset-30subset\dataset\images\field\maclura_pomifera\1248106412_0000.jpg,maclura_pomifera,field
data\raw\5061353\leafsnap-dataset-30subset\dataset\images\field\maclura_pomifera\1248106412_0001.jpg,maclura_pomifera,field
data\raw\5061353\leafsnap-dataset-30subset\dataset\images\field\maclura_pomifera\1248106412_0002.jpg,maclura_pomifera,field
data\raw\5061353\leafsnap-dataset-30subset\dataset\images\field\maclura_pomifera\1248106412_0003.jpg,maclura_pomifera,field
data\raw\5061353\leafsnap-dataset-30subset\dataset\images\field\maclura_pomifera\1248106412_0004.jpg,maclura_pomifera,field
data\raw\5061353\leafsnap-dataset-30subset\dataset\images\field\maclura_pomifera\1258480798_0000.jpg,maclura_pomifera,field
data\raw\5061353\leafsnap-dataset-30subset\dataset\images\field\maclura_pomifera\1258480798_0001.jpg,maclura_pomifera,field
data\raw\5061353\leafsnap-dataset-30subset\dataset\images\field\maclura_pomifera\1258480798_0002.jpg,maclura_pomifera,field
data\raw\5061353\leafsnap-dataset-30subset\dataset\images\field\maclura_pomifera\1258480798_0003.jpg,maclura_pomifera,field
data\raw\5061353\leafsnap-dataset-30subset\dataset\images\field\maclura_pomifera\1259040122_0003.jpg,maclura_pomifera,field
data\raw\5061353\leafsnap-dataset-30subset\dataset\images\field\maclura_pomifera\1259040122_0007.jpg,maclura_pomifera,field
data\raw\5061353\leafsnap-dataset-30subset\dataset\images\field\maclura_pomifera\1259040122_0010.jpg,maclura_pomifera,field
data\raw\5061353\leafsnap-dataset-30subset\dataset\images\field\maclura_pomifera\1259040122_0013.jpg,maclura_pomifera,field
data\raw\5061353\leafsnap-dataset-30subset\dataset\images\field\maclura_pomifera\1259040122_0015.jpg,maclura_pomifera,field
data\raw\5061353\leafsnap-dataset-30subset\dataset\images\field\maclura_pomifera\1259040122_0018.jpg,maclura_pomifera,field
data\raw\5061353\leafsnap-dataset-30subset\dataset\images\field\maclura_pomifera\1259040730_0000.jpg,maclura_pomifera,field
data\raw\5061353\leafsnap-dataset-30subset\dataset\images\field\maclura_pomifera\1259040730_0001.jpg,maclura_pomifera,field
data\raw\5061353\leafsnap-dataset-30subset\dataset\images\field\maclura_pomifera\1259040730_0002.jpg,maclura_pomifera,field
data\raw\5061353\leafsnap-dataset-30subset\dataset\images\field\maclura_pomifera\1259040730_0004.jpg,maclura_pomifera,field
data\raw\5061353\leafsnap-dataset-30subset\dataset\images\field\maclura_pomifera\1259040730_0006.jpg,maclura_pomifera,field
data\raw\5061353\leafsnap-dataset-30subset\dataset\images\field\maclura_pomifera\1259040730_0007.jpg,maclura_pomifera,field
data\raw\5061353\leafsnap-dataset-30subset\dataset\images\field\maclura_pomifera\1259040730_0010.jpg,maclura_pomifera,field
data\raw\5061353\leafsnap-dataset-30subset\dataset\images\field\maclura_pomifera\1259040730_0012.jpg,maclura_pomifera,field
data\raw\5061353\leafsnap-dataset-30subset\dataset\images\field\maclura_pomifera\1259040730_0013.jpg,maclura_pomifera,field
data\raw\5061353\leafsnap-dataset-30subset\dataset\images\field\ostrya_virginiana\13001985580372.jpg,ostrya_virginiana,field
data\raw\5061353\leafsnap-dataset-30subset\dataset\images\field\ostrya_virginiana\13001985580691.jpg,ostrya_virginiana,field
data\raw\5061353\leafsnap-dataset-30subset\dataset\images\field\ostrya_virginiana\13001985580823.jpg,ostrya_virginiana,field
data\raw\5061353\leafsnap-dataset-30subset\dataset\images\field\ostrya_virginiana\13001985581907.jpg,ostrya_virginiana,field
data\raw\5061353\leafsnap-dataset-30subset\dataset\images\field\ostrya_virginiana\13001985582643.jpg,ostrya_virginiana,field
data\raw\5061353\leafsnap-dataset-30subset\dataset\images\field\ostrya_virginiana\13001985583127.jpg,ostrya_virginiana,field
data\raw\5061353\leafsnap-dataset-30subset\dataset\images\field\ostrya_virginiana\13001985583483.jpg,ostrya_virginiana,field
data\raw\5061353\leafsnap-dataset-30subset\dataset\images\field\ostrya_virginiana\13001985584109.jpg,ostrya_virginiana,field
data\raw\5061353\leafsnap-dataset-30subset\dataset\images\field\ostrya_virginiana\13001985584203.jpg,ostrya_virginiana,field
data\raw\5061353\leafsnap-dataset-30subset\dataset\images\field\ostrya_virginiana\13001985584334.jpg,ostrya_virginiana,field
data\raw\5061353\leafsnap-dataset-30subset\dataset\images\field\ostrya_virginiana\13001985584752.jpg,ostrya_virginiana,field
data\raw\5061353\leafsnap-dataset-30subset\dataset\images\field\ostrya_virginiana\13001985585580.jpg,ostrya_virginiana,field
data\raw\5061353\leafsnap-dataset-30subset\dataset\images\field\ostrya_virginiana\13001985586029.jpg,ostrya_virginiana,field
data\raw\5061353\leafsnap-dataset-30subset\dataset\images\field\ostrya_virginiana\13001985586137.jpg,ostrya_virginiana,field
data\raw\5061353\leafsnap-dataset-30subset\dataset\images\field\ostrya_virginiana\13001985586278.jpg,ostrya_virginiana,field
data\raw\5061353\leafsnap-dataset-30subset\dataset\images\field\ostrya_virginiana\13001985587020.jpg,ostrya_virginiana,field
data\raw\5061353\leafsnap-dataset-30subset\dataset\images\field\ostrya_virginiana\13001985587139.jpg,ostrya_virginiana,field
data\raw\5061353\leafsnap-dataset-30subset\dataset\images\field\ostrya_virginiana\13001985587165.jpg,ostrya_virginiana,field
data\raw\5061353\leafsnap-dataset-30subset\dataset\images\field\ostrya_virginiana\13001985587631.jpg,ostrya_virginiana,field
data\raw\5061353\leafsnap-dataset-30subset\dataset\images\field\ostrya_virginiana\13001985587681.jpg,ostrya_virginiana,field
data\raw\5061353\leafsnap-dataset-30subset\dataset\images\field\ostrya_virginiana\13001985587847.jpg,ostrya_virginiana,field
data\raw\5061353\leafsnap-dataset-30subset\dataset\images\field\ostrya_virginiana\13001985588140.jpg,ostrya_virginiana,field
data\raw\5061353\leafsnap-dataset-30subset\dataset\images\field\ostrya_virginiana\13001985588247.jpg,ostrya_virginiana,field
data\raw\5061353\leafsnap-dataset-30subset\dataset\images\field\ostrya_virginiana\13001985588878.jpg,ostrya_virginiana,field
data\raw\5061353\leafsnap-dataset-30subset\dataset\images\field\ostrya_virginiana\13001985588946.jpg,ostrya_virginiana,field
data\raw\5061353\leafsnap-dataset-30subset\dataset\images\field\prunus_sargentii\13292214150278.jpg,prunus_sargentii,field
data\raw\5061353\leafsnap-dataset-30subset\dataset\images\field\prunus_sargentii\13292214150381.jpg,prunus_sargentii,field
data\raw\5061353\leafsnap-dataset-30subset\dataset\images\field\prunus_sargentii\13292214150565.jpg,prunus_sargentii,field
data\raw\5061353\leafsnap-dataset-30subset\dataset\images\field\prunus_sargentii\13292214150626.jpg,prunus_sargentii,field
data\raw\5061353\leafsnap-dataset-30subset\dataset\images\field\prunus_sargentii\13292214151002.jpg,prunus_sargentii,field
data\raw\5061353\leafsnap-dataset-30subset\dataset\images\field\prunus_sargentii\13292214151264.jpg,prunus_sargentii,field
data\raw\5061353\leafsnap-dataset-30subset\dataset\images\field\prunus_sargentii\13292214151304.jpg,prunus_sargentii,field
data\raw\5061353\leafsnap-dataset-30subset\dataset\images\field\prunus_sargentii\13292214151693.jpg,prunus_sargentii,field
data\raw\5061353\leafsnap-dataset-30subset\dataset\images\field\prunus_sargentii\13292214152029.jpg,prunus_sargentii,field
data\raw\5061353\leafsnap-dataset-30subset\dataset\images\field\prunus_sargentii\13292214152218.jpg,prunus_sargentii,field
data\raw\5061353\leafsnap-dataset-30subset\dataset\images\field\prunus_sargentii\13292214152372.jpg,prunus_sargentii,field
data\raw\5061353\leafsnap-dataset-30subset\dataset\images\field\prunus_sargentii\13292214152566.jpg,prunus_sargentii,field
data\raw\5061353\leafsnap-dataset-30subset\dataset\images\field\prunus_sargentii\13292214153420.jpg,prunus_sargentii,field
data\raw\5061353\leafsnap-dataset-30subset\dataset\images\field\prunus_sargentii\13292214153733.jpg,prunus_sargentii,field
data\raw\5061353\leafsnap-dataset-30subset\dataset\images\field\prunus_sargentii\13292214153834.jpg,prunus_sargentii,field
data\raw\5061353\leafsnap-dataset-30subset\dataset\images\field\prunus_sargentii\13292214154245.jpg,prunus_sargentii,field
data\raw\5061353\leafsnap-dataset-30subset\dataset\images\field\prunus_sargentii\13292214154362.jpg,prunus_sargentii,field
data\raw\5061353\leafsnap-dataset-30subset\dataset\images\field\prunus_sargentii\13292214154598.jpg,prunus_sargentii,field
data\raw\5061353\leafsnap-dataset-30subset\dataset\images\field\prunus_sargentii\13292214154785.jpg,prunus_sargentii,field
data\raw\5061353\leafsnap-dataset-30subset\dataset\images\field\prunus_sargentii\13292214155782.jpg,prunus_sargentii,field
data\raw\5061353\leafsnap-dataset-30subset\dataset\images\field\prunus_sargentii\13292214155990.jpg,prunus_sargentii,field
data\raw\5061353\leafsnap-dataset-30subset\dataset\images\field\prunus_sargentii\13292214156460.jpg,prunus_sargentii,field
data\raw\5061353\leafsnap-dataset-30subset\dataset\images\field\prunus_sargentii\13292214156783.jpg,prunus_sargentii,field
data\raw\5061353\leafsnap-dataset-30subset\dataset\images\field\prunus_sargentii\13292214157035.jpg,prunus_sargentii,field
data\raw\5061353\leafsnap-dataset-30subset\dataset\images\field\prunus_sargentii\13292214157187.jpg,prunus_sargentii,field
data\raw\5061353\leafsnap-dataset-30subset\dataset\images\field\prunus_sargentii\13292214157538.jpg,prunus_sargentii,field
data\raw\5061353\leafsnap-dataset-30subset\dataset\images\field\prunus_sargentii\13292214157829.jpg,prunus_sargentii,field
data\raw\5061353\leafsnap-dataset-30subset\dataset\images\field\prunus_sargentii\13292214158847.jpg,prunus_sargentii,field
data\raw\5061353\leafsnap-dataset-30subset\dataset\images\field\prunus_sargentii\13292214158994.jpg,prunus_sargentii,field
data\raw\5061353\leafsnap-dataset-30subset\dataset\images\field\prunus_sargentii\13292214159000.jpg,prunus_sargentii,field
data\raw\5061353\leafsnap-dataset-30subset\dataset\images\field\prunus_sargentii\13292214159128.jpg,prunus_sargentii,field
data\raw\5061353\leafsnap-dataset-30subset\dataset\images\field\prunus_sargentii\13292214159191.jpg,prunus_sargentii,field
data\raw\5061353\leafsnap-dataset-30subset\dataset\images\field\prunus_sargentii\13292214159367.jpg,prunus_sargentii,field
data\raw\5061353\leafsnap-dataset-30subset\dataset\images\field\prunus_sargentii\13292214159487.jpg,prunus_sargentii,field
data\raw\5061353\leafsnap-dataset-30subset\dataset\images\field\prunus_sargentii\13292214159529.jpg,prunus_sargentii,field
data\raw\5061353\leafsnap-dataset-30subset\dataset\images\field\prunus_sargentii\13292214159759.jpg,prunus_sargentii,field
data\raw\5061353\leafsnap-dataset-30subset\dataset\images\field\prunus_sargentii\13292228490013.jpg,prunus_sargentii,field
data\raw\5061353\leafsnap-dataset-30subset\dataset\images\field\prunus_sargentii\13292228490210.jpg,prunus_sargentii,field
data\raw\5061353\leafsnap-dataset-30subset\dataset\images\field\prunus_sargentii\13292228490227.jpg,prunus_sargentii,field
data\raw\5061353\leafsnap-dataset-30subset\dataset\images\field\prunus_sargentii\13292228490236.jpg,prunus_sargentii,field
data\raw\5061353\leafsnap-dataset-30subset\dataset\images\field\prunus_sargentii\13292228490371.jpg,prunus_sargentii,field
data\raw\5061353\leafsnap-dataset-30subset\dataset\images\field\prunus_sargentii\13292228490700.jpg,prunus_sargentii,field
data\raw\5061353\leafsnap-dataset-30subset\dataset\images\field\prunus_sargentii\13292228490949.jpg,prunus_sargentii,field
data\raw\5061353\leafsnap-dataset-30subset\dataset\images\field\prunus_sargentii\13292228491040.jpg,prunus_sargentii,field
data\raw\5061353\leafsnap-dataset-30subset\dataset\images\field\prunus_sargentii\13292228491150.jpg,prunus_sargentii,field
data\raw\5061353\leafsnap-dataset-30subset\dataset\images\field\prunus_sargentii\13292228491234.jpg,prunus_sargentii,field
data\raw\5061353\leafsnap-dataset-30subset\dataset\images\field\prunus_sargentii\13292228491298.jpg,prunus_sargentii,field
data\raw\5061353\leafsnap-dataset-30subset\dataset\images\field\prunus_sargentii\13292228491365.jpg,prunus_sargentii,field
data\raw\5061353\leafsnap-dataset-30subset\dataset\images\field\prunus_sargentii\13292228491441.jpg,prunus_sargentii,field
data\raw\5061353\leafsnap-dataset-30subset\dataset\images\field\prunus_sargentii\13292228491569.jpg,prunus_sargentii,field
data\raw\5061353\leafsnap-dataset-30subset\dataset\images\field\prunus_sargentii\13292228491594.jpg,prunus_sargentii,field
data\raw\5061353\leafsnap-dataset-30subset\dataset\images\field\prunus_sargentii\13292228491646.jpg,prunus_sargentii,field
data\raw\5061353\leafsnap-dataset-30subset\dataset\images\field\prunus_sargentii\13292228491773.jpg,prunus_sargentii,field
data\raw\5061353\leafsnap-dataset-30subset\dataset\images\field\prunus_sargentii\13292228491779.jpg,prunus_sargentii,field
data\raw\5061353\leafsnap-dataset-30subset\dataset\images\field\prunus_sargentii\13292228491981.jpg,prunus_sargentii,field
data\raw\5061353\leafsnap-dataset-30subset\dataset\images\field\prunus_sargentii\13292228491993.jpg,prunus_sargentii,field
data\raw\5061353\leafsnap-dataset-30subset\dataset\images\field\prunus_sargentii\13292228492133.jpg,prunus_sargentii,field
data\raw\5061353\leafsnap-dataset-30subset\dataset\images\field\prunus_sargentii\13292228492220.jpg,prunus_sargentii,field
data\raw\5061353\leafsnap-dataset-30subset\dataset\images\field\prunus_sargentii\13292228492425.jpg,prunus_sargentii,field
data\raw\5061353\leafsnap-dataset-30subset\dataset\images\field\prunus_sargentii\13292228492717.jpg,prunus_sargentii,field
data\raw\5061353\leafsnap-dataset-30subset\dataset\images\field\prunus_sargentii\13292228492719.jpg,prunus_sargentii,field
data\raw\5061353\leafsnap-dataset-30subset\dataset\images\field\prunus_sargentii\13292228492738.jpg,prunus_sargentii,field
data\raw\5061353\leafsnap-dataset-30subset\dataset\images\field\prunus_sargentii\13292228492911.jpg,prunus_sargentii,field
data\raw\5061353\leafsnap-dataset-30subset\dataset\images\field\prunus_sargentii\13292228492950.jpg,prunus_sargentii,field
data\raw\5061353\leafsnap-dataset-30subset\dataset\images\field\prunus_sargentii\13292228493269.jpg,prunus_sargentii,field
data\raw\5061353\leafsnap-dataset-30subset\dataset\images\field\prunus_sargentii\13292228493681.jpg,prunus_sargentii,field
data\raw\5061353\leafsnap-dataset-30subset\dataset\images\field\prunus_sargentii\13292228493739.jpg,prunus_sargentii,field
data\raw\5061353\leafsnap-dataset-30subset\dataset\images\field\prunus_sargentii\13292228493796.jpg,prunus_sargentii,field
data\raw\5061353\leafsnap-dataset-30subset\dataset\images\field\prunus_sargentii\13292228493854.jpg,prunus_sargentii,field
data\raw\5061353\leafsnap-dataset-30subset\dataset\images\field\prunus_sargentii\13292228494508.jpg,prunus_sargentii,field
data\raw\5061353\leafsnap-dataset-30subset\dataset\images\field\prunus_sargentii\13292228494660.jpg,prunus_sargentii,field
data\raw\5061353\leafsnap-dataset-30subset\dataset\images\field\prunus_sargentii\13292228494671.jpg,prunus_sargentii,field
data\raw\5061353\leafsnap-dataset-30subset\dataset\images\field\prunus_sargentii\13292228494895.jpg,prunus_sargentii,field
data\raw\5061353\leafsnap-dataset-30subset\dataset\images\field\prunus_sargentii\13292228495281.jpg,prunus_sargentii,field
data\raw\5061353\leafsnap-dataset-30subset\dataset\images\field\prunus_sargentii\13292228495365.jpg,prunus_sargentii,field
data\raw\5061353\leafsnap-dataset-30subset\dataset\images\field\prunus_sargentii\13292228495446.jpg,prunus_sargentii,field
data\raw\5061353\leafsnap-dataset-30subset\dataset\images\field\prunus_sargentii\13292228495646.jpg,prunus_sargentii,field
data\raw\5061353\leafsnap-dataset-30subset\dataset\images\field\prunus_sargentii\13292228495731.jpg,prunus_sargentii,field
data\raw\5061353\leafsnap-dataset-30subset\dataset\images\field\prunus_sargentii\13292228495811.jpg,prunus_sargentii,field
data\raw\5061353\leafsnap-dataset-30subset\dataset\images\field\prunus_sargentii\13292228495994.jpg,prunus_sargentii,field
data\raw\5061353\leafsnap-dataset-30subset\dataset\images\field\prunus_sargentii\13292228496376.jpg,prunus_sargentii,field
data\raw\5061353\leafsnap-dataset-30subset\dataset\images\field\prunus_sargentii\13292228496417.jpg,prunus_sargentii,field
data\raw\5061353\leafsnap-dataset-30subset\dataset\images\field\prunus_sargentii\13292228496431.jpg,prunus_sargentii,field
data\raw\5061353\leafsnap-dataset-30subset\dataset\images\field\prunus_sargentii\13292228496647.jpg,prunus_sargentii,field
data\raw\5061353\leafsnap-dataset-30subset\dataset\images\field\prunus_sargentii\13292228496706.jpg,prunus_sargentii,field
data\raw\5061353\leafsnap-dataset-30subset\dataset\images\field\prunus_sargentii\13292228496936.jpg,prunus_sargentii,field
data\raw\5061353\leafsnap-dataset-30subset\dataset\images\field\prunus_sargentii\13292228497066.jpg,prunus_sargentii,field
data\raw\5061353\leafsnap-dataset-30subset\dataset\images\field\prunus_sargentii\13292228497149.jpg,prunus_sargentii,field
data\raw\5061353\leafsnap-dataset-30subset\dataset\images\field\prunus_sargentii\13292228497396.jpg,prunus_sargentii,field
data\raw\5061353\leafsnap-dataset-30subset\dataset\images\field\prunus_sargentii\13292228497823.jpg,prunus_sargentii,field
data\raw\5061353\leafsnap-dataset-30subset\dataset\images\field\prunus_sargentii\13292228498056.jpg,prunus_sargentii,field
data\raw\5061353\leafsnap-dataset-30subset\dataset\images\field\prunus_sargentii\13292228498070.jpg,prunus_sargentii,field
data\raw\5061353\leafsnap-dataset-30subset\dataset\images\field\prunus_sargentii\13292228498281.jpg,prunus_sargentii,field
data\raw\5061353\leafsnap-dataset-30subset\dataset\images\field\prunus_sargentii\13292228498479.jpg,prunus_sargentii,field
data\raw\5061353\leafsnap-dataset-30subset\dataset\images\field\prunus_sargentii\13292228498493.jpg,prunus_sargentii,field
data\raw\5061353\leafsnap-dataset-30subset\dataset\images\field\prunus_sargentii\13292228498513.jpg,prunus_sargentii,field
data\raw\5061353\leafsnap-dataset-30subset\dataset\images\field\prunus_sargentii\13292228498618.jpg,prunus_sargentii,field
data\raw\5061353\leafsnap-dataset-30subset\dataset\images\field\prunus_sargentii\13292228498741.jpg,prunus_sargentii,field
data\raw\5061353\leafsnap-dataset-30subset\dataset\images\field\prunus_sargentii\13292228498976.jpg,prunus_sargentii,field
data\raw\5061353\leafsnap-dataset-30subset\dataset\images\field\prunus_sargentii\13292228499158.jpg,prunus_sargentii,field
data\raw\5061353\leafsnap-dataset-30subset\dataset\images\field\prunus_sargentii\13292228499167.jpg,prunus_sargentii,field
data\raw\5061353\leafsnap-dataset-30subset\dataset\images\field\prunus_sargentii\13292228499436.jpg,prunus_sargentii,field
data\raw\5061353\leafsnap-dataset-30subset\dataset\images\field\prunus_sargentii\13292233220374.jpg,prunus_sargentii,field
data\raw\5061353\leafsnap-dataset-30subset\dataset\images\field\prunus_sargentii\13292233220639.jpg,prunus_sargentii,field
data\raw\5061353\leafsnap-dataset-30subset\dataset\images\field\prunus_sargentii\13292233220714.jpg,prunus_sargentii,field
data\raw\5061353\leafsnap-dataset-30subset\dataset\images\field\prunus_sargentii\13292233220728.jpg,prunus_sargentii,field
data\raw\5061353\leafsnap-dataset-30subset\dataset\images\field\prunus_sargentii\13292233220743.jpg,prunus_sargentii,field
data\raw\5061353\leafsnap-dataset-30subset\dataset\images\field\prunus_sargentii\13292233220845.jpg,prunus_sargentii,field
data\raw\5061353\leafsnap-dataset-30subset\dataset\images\field\prunus_sargentii\13292233221210.jpg,prunus_sargentii,field
data\raw\5061353\leafsnap-dataset-30subset\dataset\images\field\prunus_sargentii\13292233221560.jpg,prunus_sargentii,field
data\raw\5061353\leafsnap-dataset-30subset\dataset\images\field\prunus_sargentii\13292233221622.jpg,prunus_sargentii,field
data\raw\5061353\leafsnap-dataset-30subset\dataset\images\field\prunus_sargentii\13292233221766.jpg,prunus_sargentii,field
data\raw\5061353\leafsnap-dataset-30subset\dataset\images\field\prunus_sargentii\13292233222350.jpg,prunus_sargentii,field
data\raw\5061353\leafsnap-dataset-30subset\dataset\images\field\prunus_sargentii\13292233222365.jpg,prunus_sargentii,field
data\raw\5061353\leafsnap-dataset-30subset\dataset\images\field\prunus_sargentii\13292233222394.jpg,prunus_sargentii,field
data\raw\5061353\leafsnap-dataset-30subset\dataset\images\field\prunus_sargentii\13292233222407.jpg,prunus_sargentii,field
data\raw\5061353\leafsnap-dataset-30subset\dataset\images\field\prunus_sargentii\13292233222507.jpg,prunus_sargentii,field
data\raw\5061353\leafsnap-dataset-30subset\dataset\images\field\prunus_sargentii\13292233222584.jpg,prunus_sargentii,field
data\raw\5061353\leafsnap-dataset-30subset\dataset\images\field\prunus_sargentii\13292233222866.jpg,prunus_sargentii,field
data\raw\5061353\leafsnap-dataset-30subset\dataset\images\field\prunus_sargentii\13292233222878.jpg,prunus_sargentii,field
data\raw\5061353\leafsnap-dataset-30subset\dataset\images\field\prunus_sargentii\13292233222890.jpg,prunus_sargentii,field
data\raw\5061353\leafsnap-dataset-30subset\dataset\images\field\prunus_sargentii\13292233222998.jpg,prunus_sargentii,field
data\raw\5061353\leafsnap-dataset-30subset\dataset\images\field\prunus_sargentii\13292233223015.jpg,prunus_sargentii,field
data\raw\5061353\leafsnap-dataset-30subset\dataset\images\field\prunus_sargentii\13292233223018.jpg,prunus_sargentii,field
data\raw\5061353\leafsnap-dataset-30subset\dataset\images\field\prunus_sargentii\13292233223315.jpg,prunus_sargentii,field
data\raw\5061353\leafsnap-dataset-30subset\dataset\images\field\prunus_sargentii\13292233223338.jpg,prunus_sargentii,field
data\raw\5061353\leafsnap-dataset-30subset\dataset\images\field\prunus_sargentii\13292233223507.jpg,prunus_sargentii,field
data\raw\5061353\leafsnap-dataset-30subset\dataset\images\field\prunus_sargentii\13292233223734.jpg,prunus_sargentii,field
data\raw\5061353\leafsnap-dataset-30subset\dataset\images\field\prunus_sargentii\13292233223845.jpg,prunus_sargentii,field
data\raw\5061353\leafsnap-dataset-30subset\dataset\images\field\prunus_sargentii\13292233223856.jpg,prunus_sargentii,field
data\raw\5061353\leafsnap-dataset-30subset\dataset\images\field\prunus_sargentii\13292233223931.jpg,prunus_sargentii,field
data\raw\5061353\leafsnap-dataset-30subset\dataset\images\field\prunus_sargentii\13292233224014.jpg,prunus_sargentii,field
data\raw\5061353\leafsnap-dataset-30subset\dataset\images\field\prunus_sargentii\13292233224314.jpg,prunus_sargentii,field
data\raw\5061353\leafsnap-dataset-30subset\dataset\images\field\prunus_sargentii\13292233224370.jpg,prunus_sargentii,field
data\raw\5061353\leafsnap-dataset-30subset\dataset\images\field\prunus_sargentii\13292233224901.jpg,prunus_sargentii,field
data\raw\5061353\leafsnap-dataset-30subset\dataset\images\field\prunus_sargentii\13292233224965.jpg,prunus_sargentii,field
data\raw\5061353\leafsnap-dataset-30subset\dataset\images\field\prunus_sargentii\13292233225049.jpg,prunus_sargentii,field
data\raw\5061353\leafsnap-dataset-30subset\dataset\images\field\prunus_sargentii\13292233225262.jpg,prunus_sargentii,field
data\raw\5061353\leafsnap-dataset-30subset\dataset\images\field\prunus_sargentii\13292233225340.jpg,prunus_sargentii,field
data\raw\5061353\leafsnap-dataset-30subset\dataset\images\field\prunus_sargentii\13292233225379.jpg,prunus_sargentii,field
data\raw\5061353\leafsnap-dataset-30subset\dataset\images\field\prunus_sargentii\13292233225659.jpg,prunus_sargentii,field
data\raw\5061353\leafsnap-dataset-30subset\dataset\images\field\prunus_sargentii\13292233225866.jpg,prunus_sargentii,field
data\raw\5061353\leafsnap-dataset-30subset\dataset\images\field\prunus_sargentii\13292233225898.jpg,prunus_sargentii,field
data\raw\5061353\leafsnap-dataset-30subset\dataset\images\field\prunus_sargentii\13292233225970.jpg,prunus_sargentii,field
data\raw\5061353\leafsnap-dataset-30subset\dataset\images\field\prunus_sargentii\13292233226050.jpg,prunus_sargentii,field
data\raw\5061353\leafsnap-dataset-30subset\dataset\images\field\prunus_sargentii\13292233226675.jpg,prunus_sargentii,field
data\raw\5061353\leafsnap-dataset-30subset\dataset\images\field\prunus_sargentii\13292233227085.jpg,prunus_sargentii,field
data\raw\5061353\leafsnap-dataset-30subset\dataset\images\field\prunus_sargentii\13292233227304.jpg,prunus_sargentii,field
data\raw\5061353\leafsnap-dataset-30subset\dataset\images\field\prunus_sargentii\13292233227480.jpg,prunus_sargentii,field
data\raw\5061353\leafsnap-dataset-30subset\dataset\images\field\prunus_sargentii\13292233227826.jpg,prunus_sargentii,field
data\raw\5061353\leafsnap-dataset-30subset\dataset\images\field\prunus_sargentii\13292233227893.jpg,prunus_sargentii,field
data\raw\5061353\leafsnap-dataset-30subset\dataset\images\field\prunus_sargentii\13292233227911.jpg,prunus_sargentii,field
data\raw\5061353\leafsnap-dataset-30subset\dataset\images\field\prunus_sargentii\13292233227943.jpg,prunus_sargentii,field
data\raw\5061353\leafsnap-dataset-30subset\dataset\images\field\prunus_sargentii\13292233227964.jpg,prunus_sargentii,field
data\raw\5061353\leafsnap-dataset-30subset\dataset\images\field\prunus_sargentii\13292233228251.jpg,prunus_sargentii,field
data\raw\5061353\leafsnap-dataset-30subset\dataset\images\field\prunus_sargentii\13292233228317.jpg,prunus_sargentii,field
data\raw\5061353\leafsnap-dataset-30subset\dataset\images\field\prunus_sargentii\13292233228507.jpg,prunus_sargentii,field
data\raw\5061353\leafsnap-dataset-30subset\dataset\images\field\prunus_sargentii\13292233228591.jpg,prunus_sargentii,field
data\raw\5061353\leafsnap-dataset-30subset\dataset\images\field\prunus_sargentii\13292233228606.jpg,prunus_sargentii,field
data\raw\5061353\leafsnap-dataset-30subset\dataset\images\field\prunus_sargentii\13292233228782.jpg,prunus_sargentii,field
data\raw\5061353\leafsnap-dataset-30subset\dataset\images\field\prunus_sargentii\13292233228796.jpg,prunus_sargentii,field
data\raw\5061353\leafsnap-dataset-30subset\dataset\images\field\prunus_sargentii\13292233228804.jpg,prunus_sargentii,field
data\raw\5061353\leafsnap-dataset-30subset\dataset\images\field\prunus_sargentii\13292233228877.jpg,prunus_sargentii,field
data\raw\5061353\leafsnap-dataset-30subset\dataset\images\field\prunus_sargentii\13292233228968.jpg,prunus_sargentii,field
data\raw\5061353\leafsnap-dataset-30subset\dataset\images\field\prunus_sargentii\13292233229228.jpg,prunus_sargentii,field
data\raw\5061353\leafsnap-dataset-30subset\dataset\images\field\prunus_sargentii\13292233229578.jpg,prunus_sargentii,field
data\raw\5061353\leafsnap-dataset-30subset\dataset\images\field\prunus_sargentii\13292233229588.jpg,prunus_sargentii,field
data\raw\5061353\leafsnap-dataset-30subset\dataset\images\field\prunus_sargentii\13292233229711.jpg,prunus_sargentii,field
data\raw\5061353\leafsnap-dataset-30subset\dataset\images\field\prunus_virginiana\13002166690322.jpg,prunus_virginiana,field
data\raw\5061353\leafsnap-dataset-30subset\dataset\images\field\prunus_virginiana\13002166690485.jpg,prunus_virginiana,field
data\raw\5061353\leafsnap-dataset-30subset\dataset\images\field\prunus_virginiana\13002166690534.jpg,prunus_virginiana,field
data\raw\5061353\leafsnap-dataset-30subset\dataset\images\field\prunus_virginiana\13002166690601.jpg,prunus_virginiana,field
data\raw\5061353\leafsnap-dataset-30subset\dataset\images\field\prunus_virginiana\13002166691101.jpg,prunus_virginiana,field
data\raw\5061353\leafsnap-dataset-30subset\dataset\images\field\prunus_virginiana\13002166691207.jpg,prunus_virginiana,field
data\raw\5061353\leafsnap-dataset-30subset\dataset\images\field\prunus_virginiana\13002166691532.jpg,prunus_virginiana,field
data\raw\5061353\leafsnap-dataset-30subset\dataset\images\field\prunus_virginiana\13002166691603.jpg,prunus_virginiana,field
data\raw\5061353\leafsnap-dataset-30subset\dataset\images\field\prunus_virginiana\13002166691656.jpg,prunus_virginiana,field
data\raw\5061353\leafsnap-dataset-30subset\dataset\images\field\prunus_virginiana\13002166691722.jpg,prunus_virginiana,field
data\raw\5061353\leafsnap-dataset-30subset\dataset\images\field\prunus_virginiana\13002166691810.jpg,prunus_virginiana,field
data\raw\5061353\leafsnap-dataset-30subset\dataset\images\field\prunus_virginiana\13002166692284.jpg,prunus_virginiana,field
data\raw\5061353\leafsnap-dataset-30subset\dataset\images\field\prunus_virginiana\13002166692414.jpg,prunus_virginiana,field
data\raw\5061353\leafsnap-dataset-30subset\dataset\images\field\prunus_virginiana\13002166692449.jpg,prunus_virginiana,field
data\raw\5061353\leafsnap-dataset-30subset\dataset\images\field\prunus_virginiana\13002166692623.jpg,prunus_virginiana,field
data\raw\5061353\leafsnap-dataset-30subset\dataset\images\field\prunus_virginiana\13002166692958.jpg,prunus_virginiana,field
data\raw\5061353\leafsnap-dataset-30subset\dataset\images\field\prunus_virginiana\13002166693151.jpg,prunus_virginiana,field
data\raw\5061353\leafsnap-dataset-30subset\dataset\images\field\prunus_virginiana\13002166693359.jpg,prunus_virginiana,field
data\raw\5061353\leafsnap-dataset-30subset\dataset\images\field\prunus_virginiana\13002166693536.jpg,prunus_virginiana,field
data\raw\5061353\leafsnap-dataset-30subset\dataset\images\field\prunus_virginiana\13002166693749.jpg,prunus_virginiana,field
data\raw\5061353\leafsnap-dataset-30subset\dataset\images\field\prunus_virginiana\13002166693849.jpg,prunus_virginiana,field
data\raw\5061353\leafsnap-dataset-30subset\dataset\images\field\prunus_virginiana\13002166694609.jpg,prunus_virginiana,field
data\raw\5061353\leafsnap-dataset-30subset\dataset\images\field\prunus_virginiana\13002166694673.jpg,prunus_virginiana,field
data\raw\5061353\leafsnap-dataset-30subset\dataset\images\field\prunus_virginiana\13002166694923.jpg,prunus_virginiana,field
data\raw\5061353\leafsnap-dataset-30subset\dataset\images\field\prunus_virginiana\13002166694962.jpg,prunus_virginiana,field
data\raw\5061353\leafsnap-dataset-30subset\dataset\images\field\prunus_virginiana\13002166695064.jpg,prunus_virginiana,field
data\raw\5061353\leafsnap-dataset-30subset\dataset\images\field\prunus_virginiana\13002166695090.jpg,prunus_virginiana,field
data\raw\5061353\leafsnap-dataset-30subset\dataset\images\field\prunus_virginiana\13002166695366.jpg,prunus_virginiana,field
data\raw\5061353\leafsnap-dataset-30subset\dataset\images\field\prunus_virginiana\13002166695484.jpg,prunus_virginiana,field
data\raw\5061353\leafsnap-dataset-30subset\dataset\images\field\prunus_virginiana\13002166695879.jpg,prunus_virginiana,field
data\raw\5061353\leafsnap-dataset-30subset\dataset\images\field\prunus_virginiana\13002166695903.jpg,prunus_virginiana,field
data\raw\5061353\leafsnap-dataset-30subset\dataset\images\field\prunus_virginiana\13002166696244.jpg,prunus_virginiana,field
data\raw\5061353\leafsnap-dataset-30subset\dataset\images\field\prunus_virginiana\13002166696387.jpg,prunus_virginiana,field
data\raw\5061353\leafsnap-dataset-30subset\dataset\images\field\prunus_virginiana\13002166696744.jpg,prunus_virginiana,field
data\raw\5061353\leafsnap-dataset-30subset\dataset\images\field\prunus_virginiana\13002166696800.jpg,prunus_virginiana,field
data\raw\5061353\leafsnap-dataset-30subset\dataset\images\field\prunus_virginiana\13002166697207.jpg,prunus_virginiana,field
data\raw\5061353\leafsnap-dataset-30subset\dataset\images\field\prunus_virginiana\13002166697344.jpg,prunus_virginiana,field
data\raw\5061353\leafsnap-dataset-30subset\dataset\images\field\prunus_virginiana\13002166697791.jpg,prunus_virginiana,field
data\raw\5061353\leafsnap-dataset-30subset\dataset\images\field\prunus_virginiana\13002166698261.jpg,prunus_virginiana,field
data\raw\5061353\leafsnap-dataset-30subset\dataset\images\field\prunus_virginiana\13002166698810.jpg,prunus_virginiana,field
data\raw\5061353\leafsnap-dataset-30subset\dataset\images\field\prunus_virginiana\13002166699094.jpg,prunus_virginiana,field
data\raw\5061353\leafsnap-dataset-30subset\dataset\images\field\prunus_virginiana\13002166699296.jpg,prunus_virginiana,field
data\raw\5061353\leafsnap-dataset-30subset\dataset\images\field\prunus_virginiana\13002166699386.jpg,prunus_virginiana,field
data\raw\5061353\leafsnap-dataset-30subset\dataset\images\field\prunus_virginiana\13002166699410.jpg,prunus_virginiana,field
data\raw\5061353\leafsnap-dataset-30subset\dataset\images\field\prunus_virginiana\13002166699766.jpg,prunus_virginiana,field
data\raw\5061353\leafsnap-dataset-30subset\dataset\images\field\prunus_virginiana\13002166699893.jpg,prunus_virginiana,field
data\raw\5061353\leafsnap-dataset-30subset\dataset\images\field\prunus_virginiana\13002166699993.jpg,prunus_virginiana,field
data\raw\5061353\leafsnap-dataset-30subset\dataset\images\field\prunus_virginiana\13002169490331.jpg,prunus_virginiana,field
data\raw\5061353\leafsnap-dataset-30subset\dataset\images\field\prunus_virginiana\13002169491001.jpg,prunus_virginiana,field
data\raw\5061353\leafsnap-dataset-30subset\dataset\images\field\prunus_virginiana\13002169491554.jpg,prunus_virginiana,field
data\raw\5061353\leafsnap-dataset-30subset\dataset\images\field\prunus_virginiana\13002169491577.jpg,prunus_virginiana,field
data\raw\5061353\leafsnap-dataset-30subset\dataset\images\field\prunus_virginiana\13002169491790.jpg,prunus_virginiana,field
data\raw\5061353\leafsnap-dataset-30subset\dataset\images\field\prunus_virginiana\13002169492013.jpg,prunus_virginiana,field
data\raw\5061353\leafsnap-dataset-30subset\dataset\images\field\prunus_virginiana\13002169492155.jpg,prunus_virginiana,field
data\raw\5061353\leafsnap-dataset-30subset\dataset\images\field\prunus_virginiana\13002169492178.jpg,prunus_virginiana,field
data\raw\5061353\leafsnap-dataset-30subset\dataset\images\field\prunus_virginiana\13002169492344.jpg,prunus_virginiana,field
data\raw\5061353\leafsnap-dataset-30subset\dataset\images\field\prunus_virginiana\13002169492858.jpg,prunus_virginiana,field
data\raw\5061353\leafsnap-dataset-30subset\dataset\images\field\prunus_virginiana\13002169492905.jpg,prunus_virginiana,field
data\raw\5061353\leafsnap-dataset-30subset\dataset\images\field\prunus_virginiana\13002169493123.jpg,prunus_virginiana,field
data\raw\5061353\leafsnap-dataset-30subset\dataset\images\field\prunus_virginiana\13002169493527.jpg,prunus_virginiana,field
data\raw\5061353\leafsnap-dataset-30subset\dataset\images\field\prunus_virginiana\13002169494091.jpg,prunus_virginiana,field
data\raw\5061353\leafsnap-dataset-30subset\dataset\images\field\prunus_virginiana\13002169494319.jpg,prunus_virginiana,field
data\raw\5061353\leafsnap-dataset-30subset\dataset\images\field\prunus_virginiana\13002169494385.jpg,prunus_virginiana,field
data\raw\5061353\leafsnap-dataset-30subset\dataset\images\field\prunus_virginiana\13002169494426.jpg,prunus_virginiana,field
data\raw\5061353\leafsnap-dataset-30subset\dataset\images\field\prunus_virginiana\13002169494667.jpg,prunus_virginiana,field
data\raw\5061353\leafsnap-dataset-30subset\dataset\images\field\prunus_virginiana\13002169494779.jpg,prunus_virginiana,field
data\raw\5061353\leafsnap-dataset-30subset\dataset\images\field\prunus_virginiana\13002169494784.jpg,prunus_virginiana,field
data\raw\5061353\leafsnap-dataset-30subset\dataset\images\field\prunus_virginiana\13002169495097.jpg,prunus_virginiana,field
data\raw\5061353\leafsnap-dataset-30subset\dataset\images\field\prunus_virginiana\13002169495133.jpg,prunus_virginiana,field
data\raw\5061353\leafsnap-dataset-30subset\dataset\images\field\prunus_virginiana\13002169495622.jpg,prunus_virginiana,field
data\raw\5061353\leafsnap-dataset-30subset\dataset\images\field\prunus_virginiana\13002169495658.jpg,prunus_virginiana,field
data\raw\5061353\leafsnap-dataset-30subset\dataset\images\field\prunus_virginiana\13002169495674.jpg,prunus_virginiana,field
data\raw\5061353\leafsnap-dataset-30subset\dataset\images\field\prunus_virginiana\13002169496143.jpg,prunus_virginiana,field
data\raw\5061353\leafsnap-dataset-30subset\dataset\images\field\prunus_virginiana\13002169496273.jpg,prunus_virginiana,field
data\raw\5061353\leafsnap-dataset-30subset\dataset\images\field\prunus_virginiana\13002169496385.jpg,prunus_virginiana,field
data\raw\5061353\leafsnap-dataset-30subset\dataset\images\field\prunus_virginiana\13002169496510.jpg,prunus_virginiana,field
data\raw\5061353\leafsnap-dataset-30subset\dataset\images\field\prunus_virginiana\13002169496611.jpg,prunus_virginiana,field
data\raw\5061353\leafsnap-dataset-30subset\dataset\images\field\prunus_virginiana\13002169496658.jpg,prunus_virginiana,field
data\raw\5061353\leafsnap-dataset-30subset\dataset\images\field\prunus_virginiana\13002169496814.jpg,prunus_virginiana,field
data\raw\5061353\leafsnap-dataset-30subset\dataset\images\field\prunus_virginiana\13002169497118.jpg,prunus_virginiana,field
data\raw\5061353\leafsnap-dataset-30subset\dataset\images\field\prunus_virginiana\13002169497262.jpg,prunus_virginiana,field
data\raw\5061353\leafsnap-dataset-30subset\dataset\images\field\prunus_virginiana\13002169497316.jpg,prunus_virginiana,field
data\raw\5061353\leafsnap-dataset-30subset\dataset\images\field\prunus_virginiana\13002169497407.jpg,prunus_virginiana,field
data\raw\5061353\leafsnap-dataset-30subset\dataset\images\field\prunus_virginiana\13002169497528.jpg,prunus_virginiana,field
data\raw\5061353\leafsnap-dataset-30subset\dataset\images\field\prunus_virginiana\13002169497996.jpg,prunus_virginiana,field
data\raw\5061353\leafsnap-dataset-30subset\dataset\images\field\prunus_virginiana\13002169498562.jpg,prunus_virginiana,field
data\raw\5061353\leafsnap-dataset-30subset\dataset\images\field\prunus_virginiana\13002169498649.jpg,prunus_virginiana,field
data\raw\5061353\leafsnap-dataset-30subset\dataset\images\field\prunus_virginiana\13002169498686.jpg,prunus_virginiana,field
data\raw\5061353\leafsnap-dataset-30subset\dataset\images\field\prunus_virginiana\13002169498785.jpg,prunus_virginiana,field
data\raw\5061353\leafsnap-dataset-30subset\dataset\images\field\prunus_virginiana\13002169498911.jpg,prunus_virginiana,field
data\raw\5061353\leafsnap-dataset-30subset\dataset\images\field\prunus_virginiana\13002169499640.jpg,prunus_virginiana,field
data\raw\5061353\leafsnap-dataset-30subset\dataset\images\field\prunus_virginiana\13002169499916.jpg,prunus_virginiana,field
data\raw\5061353\leafsnap-dataset-30subset\dataset\images\field\prunus_virginiana\13002175690011.jpg,prunus_virginiana,field
data\raw\5061353\leafsnap-dataset-30subset\dataset\images\field\prunus_virginiana\13002175690106.jpg,prunus_virginiana,field
data\raw\5061353\leafsnap-dataset-30subset\dataset\images\field\prunus_virginiana\13002175690141.jpg,prunus_virginiana,field
data\raw\5061353\leafsnap-dataset-30subset\dataset\images\field\prunus_virginiana\13002175690168.jpg,prunus_virginiana,field
data\raw\5061353\leafsnap-dataset-30subset\dataset\images\field\prunus_virginiana\13002175690222.jpg,prunus_virginiana,field
data\raw\5061353\leafsnap-dataset-30subset\dataset\images\field\prunus_virginiana\13002175690418.jpg,prunus_virginiana,field
data\raw\5061353\leafsnap-dataset-30subset\dataset\images\field\prunus_virginiana\13002175691058.jpg,prunus_virginiana,field
data\raw\5061353\leafsnap-dataset-30subset\dataset\images\field\prunus_virginiana\13002175691128.jpg,prunus_virginiana,field
data\raw\5061353\leafsnap-dataset-30subset\dataset\images\field\prunus_virginiana\13002175691620.jpg,prunus_virginiana,field
data\raw\5061353\leafsnap-dataset-30subset\dataset\images\field\prunus_virginiana\13002175691627.jpg,prunus_virginiana,field
data\raw\5061353\leafsnap-dataset-30subset\dataset\images\field\prunus_virginiana\13002175692698.jpg,prunus_virginiana,field
data\raw\5061353\leafsnap-dataset-30subset\dataset\images\field\prunus_virginiana\13002175692748.jpg,prunus_virginiana,field
data\raw\5061353\leafsnap-dataset-30subset\dataset\images\field\prunus_virginiana\13002175692811.jpg,prunus_virginiana,field
data\raw\5061353\leafsnap-dataset-30subset\dataset\images\field\prunus_virginiana\13002175693153.jpg,prunus_virginiana,field
data\raw\5061353\leafsnap-dataset-30subset\dataset\images\field\prunus_virginiana\13002175693307.jpg,prunus_virginiana,field
data\raw\5061353\leafsnap-dataset-30subset\dataset\images\field\prunus_virginiana\13002175693409.jpg,prunus_virginiana,field
data\raw\5061353\leafsnap-dataset-30subset\dataset\images\field\prunus_virginiana\13002175693442.jpg,prunus_virginiana,field
data\raw\5061353\leafsnap-dataset-30subset\dataset\images\field\prunus_virginiana\13002175693666.jpg,prunus_virginiana,field
data\raw\5061353\leafsnap-dataset-30subset\dataset\images\field\prunus_virginiana\13002175693749.jpg,prunus_virginiana,field
data\raw\5061353\leafsnap-dataset-30subset\dataset\images\field\prunus_virginiana\13002175694042.jpg,prunus_virginiana,field
data\raw\5061353\leafsnap-dataset-30subset\dataset\images\field\prunus_virginiana\13002175694188.jpg,prunus_virginiana,field
data\raw\5061353\leafsnap-dataset-30subset\dataset\images\field\prunus_virginiana\13002175694668.jpg,prunus_virginiana,field
data\raw\5061353\leafsnap-dataset-30subset\dataset\images\field\prunus_virginiana\13002175694877.jpg,prunus_virginiana,field
data\raw\5061353\leafsnap-dataset-30subset\dataset\images\field\prunus_virginiana\13002175694937.jpg,prunus_virginiana,field
data\raw\5061353\leafsnap-dataset-30subset\dataset\images\field\prunus_virginiana\13002175695311.jpg,prunus_virginiana,field
data\raw\5061353\leafsnap-dataset-30subset\dataset\images\field\prunus_virginiana\13002175695450.jpg,prunus_virginiana,field
data\raw\5061353\leafsnap-dataset-30subset\dataset\images\field\prunus_virginiana\13002175695539.jpg,prunus_virginiana,field
data\raw\5061353\leafsnap-dataset-30subset\dataset\images\field\prunus_virginiana\13002175695976.jpg,prunus_virginiana,field
data\raw\5061353\leafsnap-dataset-30subset\dataset\images\field\prunus_virginiana\13002175696081.jpg,prunus_virginiana,field
data\raw\5061353\leafsnap-dataset-30subset\dataset\images\field\prunus_virginiana\13002175696120.jpg,prunus_virginiana,field
data\raw\5061353\leafsnap-dataset-30subset\dataset\images\field\prunus_virginiana\13002175696254.jpg,prunus_virginiana,field
data\raw\5061353\leafsnap-dataset-30subset\dataset\images\field\prunus_virginiana\13002175696265.jpg,prunus_virginiana,field
data\raw\5061353\leafsnap-dataset-30subset\dataset\images\field\prunus_virginiana\13002175696625.jpg,prunus_virginiana,field
data\raw\5061353\leafsnap-dataset-30subset\dataset\images\field\prunus_virginiana\13002175696832.jpg,prunus_virginiana,field
data\raw\5061353\leafsnap-dataset-30subset\dataset\images\field\prunus_virginiana\13002175697114.jpg,prunus_virginiana,field
data\raw\5061353\leafsnap-dataset-30subset\dataset\images\field\prunus_virginiana\13002175697382.jpg,prunus_virginiana,field
data\raw\5061353\leafsnap-dataset-30subset\dataset\images\field\prunus_virginiana\13002175697508.jpg,prunus_virginiana,field
data\raw\5061353\leafsnap-dataset-30subset\dataset\images\field\prunus_virginiana\13002175697673.jpg,prunus_virginiana,field
data\raw\5061353\leafsnap-dataset-30subset\dataset\images\field\prunus_virginiana\13002175698131.jpg,prunus_virginiana,field
data\raw\5061353\leafsnap-dataset-30subset\dataset\images\field\prunus_virginiana\13002175698423.jpg,prunus_virginiana,field
data\raw\5061353\leafsnap-dataset-30subset\dataset\images\field\prunus_virginiana\13002175698588.jpg,prunus_virginiana,field
data\raw\5061353\leafsnap-dataset-30subset\dataset\images\field\prunus_virginiana\13002175698600.jpg,prunus_virginiana,field
data\raw\5061353\leafsnap-dataset-30subset\dataset\images\field\prunus_virginiana\13002175698667.jpg,prunus_virginiana,field
data\raw\5061353\leafsnap-dataset-30subset\dataset\images\field\prunus_virginiana\13002175698843.jpg,prunus_virginiana,field
data\raw\5061353\leafsnap-dataset-30subset\dataset\images\field\prunus_virginiana\13002175699762.jpg,prunus_virginiana,field
data\raw\5061353\leafsnap-dataset-30subset\dataset\images\field\prunus_virginiana\13010820790199.jpg,prunus_virginiana,field
data\raw\5061353\leafsnap-dataset-30subset\dataset\images\field\prunus_virginiana\13010820790839.jpg,prunus_virginiana,field
data\raw\5061353\leafsnap-dataset-30subset\dataset\images\field\prunus_virginiana\13010820790995.jpg,prunus_virginiana,field
data\raw\5061353\leafsnap-dataset-30subset\dataset\images\field\prunus_virginiana\13010820791012.jpg,prunus_virginiana,field
data\raw\5061353\leafsnap-dataset-30subset\dataset\images\field\prunus_virginiana\13010820791066.jpg,prunus_virginiana,field
data\raw\5061353\leafsnap-dataset-30subset\dataset\images\field\prunus_virginiana\13010820791406.jpg,prunus_virginiana,field
data\raw\5061353\leafsnap-dataset-30subset\dataset\images\field\prunus_virginiana\13010820791568.jpg,prunus_virginiana,field
data\raw\5061353\leafsnap-dataset-30subset\dataset\images\field\prunus_virginiana\13010820791625.jpg,prunus_virginiana,field
data\raw\5061353\leafsnap-dataset-30subset\dataset\images\field\prunus_virginiana\13010820791691.jpg,prunus_virginiana,field
data\raw\5061353\leafsnap-dataset-30subset\dataset\images\field\prunus_virginiana\13010820791823.jpg,prunus_virginiana,field
data\raw\5061353\leafsnap-dataset-30subset\dataset\images\field\prunus_virginiana\13010820791928.jpg,prunus_virginiana,field
data\raw\5061353\leafsnap-dataset-30subset\dataset\images\field\prunus_virginiana\13010820792108.jpg,prunus_virginiana,field
data\raw\5061353\leafsnap-dataset-30subset\dataset\images\field\prunus_virginiana\13010820792211.jpg,prunus_virginiana,field
data\raw\5061353\leafsnap-dataset-30subset\dataset\images\field\prunus_virginiana\13010820792742.jpg,prunus_virginiana,field
data\raw\5061353\leafsnap-dataset-30subset\dataset\images\field\prunus_virginiana\13010820793089.jpg,prunus_virginiana,field
data\raw\5061353\leafsnap-dataset-30subset\dataset\images\field\prunus_virginiana\13010820793471.jpg,prunus_virginiana,field
data\raw\5061353\leafsnap-dataset-30subset\dataset\images\field\prunus_virginiana\13010820793484.jpg,prunus_virginiana,field
data\raw\5061353\leafsnap-dataset-30subset\dataset\images\field\prunus_virginiana\13010820793800.jpg,prunus_virginiana,field
data\raw\5061353\leafsnap-dataset-30subset\dataset\images\field\prunus_virginiana\13010820793920.jpg,prunus_virginiana,field
data\raw\5061353\leafsnap-dataset-30subset\dataset\images\field\prunus_virginiana\13010820793941.jpg,prunus_virginiana,field
data\raw\5061353\leafsnap-dataset-30subset\dataset\images\field\prunus_virginiana\13010820793993.jpg,prunus_virginiana,field
data\raw\5061353\leafsnap-dataset-30subset\dataset\images\field\prunus_virginiana\13010820794736.jpg,prunus_virginiana,field
data\raw\5061353\leafsnap-dataset-30subset\dataset\images\field\prunus_virginiana\13010820794784.jpg,prunus_virginiana,field
data\raw\5061353\leafsnap-dataset-30subset\dataset\images\field\prunus_virginiana\13010820795106.jpg,prunus_virginiana,field
data\raw\5061353\leafsnap-dataset-30subset\dataset\images\field\prunus_virginiana\13010820795110.jpg,prunus_virginiana,field
data\raw\5061353\leafsnap-dataset-30subset\dataset\images\field\prunus_virginiana\13010820795432.jpg,prunus_virginiana,field
data\raw\5061353\leafsnap-dataset-30subset\dataset\images\field\prunus_virginiana\13010820795978.jpg,prunus_virginiana,field
data\raw\5061353\leafsnap-dataset-30subset\dataset\images\field\prunus_virginiana\13010820796042.jpg,prunus_virginiana,field
data\raw\5061353\leafsnap-dataset-30subset\dataset\images\field\prunus_virginiana\13010820796390.jpg,prunus_virginiana,field
data\raw\5061353\leafsnap-dataset-30subset\dataset\images\field\prunus_virginiana\13010820796603.jpg,prunus_virginiana,field
data\raw\5061353\leafsnap-dataset-30subset\dataset\images\field\prunus_virginiana\13010820796648.jpg,prunus_virginiana,field
data\raw\5061353\leafsnap-dataset-30subset\dataset\images\field\prunus_virginiana\13010820796728.jpg,prunus_virginiana,field
data\raw\5061353\leafsnap-dataset-30subset\dataset\images\field\prunus_virginiana\13010820796876.jpg,prunus_virginiana,field
data\raw\5061353\leafsnap-dataset-30subset\dataset\images\field\prunus_virginiana\13010820796939.jpg,prunus_virginiana,field
data\raw\5061353\leafsnap-dataset-30subset\dataset\images\field\prunus_virginiana\13010820796954.jpg,prunus_virginiana,field
data\raw\5061353\leafsnap-dataset-30subset\dataset\images\field\prunus_virginiana\13010820797140.jpg,prunus_virginiana,field
data\raw\5061353\leafsnap-dataset-30subset\dataset\images\field\prunus_virginiana\13010820797188.jpg,prunus_virginiana,field
data\raw\5061353\leafsnap-dataset-30subset\dataset\images\field\prunus_virginiana\13010820798157.jpg,prunus_virginiana,field
data\raw\5061353\leafsnap-dataset-30subset\dataset\images\field\prunus_virginiana\13010820798563.jpg,prunus_virginiana,field
data\raw\5061353\leafsnap-dataset-30subset\dataset\images\field\prunus_virginiana\13010820798648.jpg,prunus_virginiana,field
data\raw\5061353\leafsnap-dataset-30subset\dataset\images\field\prunus_virginiana\13010820798879.jpg,prunus_virginiana,field
data\raw\5061353\leafsnap-dataset-30subset\dataset\images\field\prunus_virginiana\13010820798972.jpg,prunus_virginiana,field
data\raw\5061353\leafsnap-dataset-30subset\dataset\images\field\prunus_virginiana\13010820799297.jpg,prunus_virginiana,field
data\raw\5061353\leafsnap-dataset-30subset\dataset\images\field\prunus_virginiana\13010820799389.jpg,prunus_virginiana,field
data\raw\5061353\leafsnap-dataset-30subset\dataset\images\field\prunus_virginiana\13010820799435.jpg,prunus_virginiana,field
data\raw\5061353\leafsnap-dataset-30subset\dataset\images\field\prunus_virginiana\13010820799590.jpg,prunus_virginiana,field
data\raw\5061353\leafsnap-dataset-30subset\dataset\images\field\ptelea_trifoliata\13292213860066.jpg,ptelea_trifoliata,field
data\raw\5061353\leafsnap-dataset-30subset\dataset\images\field\ptelea_trifoliata\13292213860145.jpg,ptelea_trifoliata,field
data\raw\5061353\leafsnap-dataset-30subset\dataset\images\field\ptelea_trifoliata\13292213860188.jpg,ptelea_trifoliata,field
data\raw\5061353\leafsnap-dataset-30subset\dataset\images\field\ptelea_trifoliata\13292213860389.jpg,ptelea_trifoliata,field
data\raw\5061353\leafsnap-dataset-30subset\dataset\images\field\ptelea_trifoliata\13292213861077.jpg,ptelea_trifoliata,field
data\raw\5061353\leafsnap-dataset-30subset\dataset\images\field\ptelea_trifoliata\13292213861403.jpg,ptelea_trifoliata,field
data\raw\5061353\leafsnap-dataset-30subset\dataset\images\field\ptelea_trifoliata\13292213861567.jpg,ptelea_trifoliata,field
data\raw\5061353\leafsnap-dataset-30subset\dataset\images\field\ptelea_trifoliata\13292213861813.jpg,ptelea_trifoliata,field
data\raw\5061353\leafsnap-dataset-30subset\dataset\images\field\ptelea_trifoliata\13292213861857.jpg,ptelea_trifoliata,field
data\raw\5061353\leafsnap-dataset-30subset\dataset\images\field\ptelea_trifoliata\13292213862109.jpg,ptelea_trifoliata,field
data\raw\5061353\leafsnap-dataset-30subset\dataset\images\field\ptelea_trifoliata\13292213862122.jpg,ptelea_trifoliata,field
data\raw\5061353\leafsnap-dataset-30subset\dataset\images\field\ptelea_trifoliata\13292213862248.jpg,ptelea_trifoliata,field
data\raw\5061353\leafsnap-dataset-30subset\dataset\images\field\ptelea_trifoliata\13292213862550.jpg,ptelea_trifoliata,field
data\raw\5061353\leafsnap-dataset-30subset\dataset\images\field\ptelea_trifoliata\13292213862788.jpg,ptelea_trifoliata,field
data\raw\5061353\leafsnap-dataset-30subset\dataset\images\field\ptelea_trifoliata\13292213862867.jpg,ptelea_trifoliata,field
data\raw\5061353\leafsnap-dataset-30subset\dataset\images\field\ptelea_trifoliata\13292213863106.jpg,ptelea_trifoliata,field
data\raw\5061353\leafsnap-dataset-30subset\dataset\images\field\ptelea_trifoliata\13292213863294.jpg,ptelea_trifoliata,field
data\raw\5061353\leafsnap-dataset-30subset\dataset\images\field\ptelea_trifoliata\13292213863352.jpg,ptelea_trifoliata,field
data\raw\5061353\leafsnap-dataset-30subset\dataset\images\field\ptelea_trifoliata\13292213863486.jpg,ptelea_trifoliata,field
data\raw\5061353\leafsnap-dataset-30subset\dataset\images\field\ptelea_trifoliata\13292213863666.jpg,ptelea_trifoliata,field
data\raw\5061353\leafsnap-dataset-30subset\dataset\images\field\ptelea_trifoliata\13292213863684.jpg,ptelea_trifoliata,field
data\raw\5061353\leafsnap-dataset-30subset\dataset\images\field\ptelea_trifoliata\13292213863706.jpg,ptelea_trifoliata,field
data\raw\5061353\leafsnap-dataset-30subset\dataset\images\field\ptelea_trifoliata\13292213863852.jpg,ptelea_trifoliata,field
data\raw\5061353\leafsnap-dataset-30subset\dataset\images\field\ptelea_trifoliata\13292213864101.jpg,ptelea_trifoliata,field
data\raw\5061353\leafsnap-dataset-30subset\dataset\images\field\ptelea_trifoliata\13292213864230.jpg,ptelea_trifoliata,field
data\raw\5061353\leafsnap-dataset-30subset\dataset\images\field\ptelea_trifoliata\13292213864326.jpg,ptelea_trifoliata,field
data\raw\5061353\leafsnap-dataset-30subset\dataset\images\field\ptelea_trifoliata\13292213864429.jpg,ptelea_trifoliata,field
data\raw\5061353\leafsnap-dataset-30subset\dataset\images\field\ptelea_trifoliata\13292213864487.jpg,ptelea_trifoliata,field
data\raw\5061353\leafsnap-dataset-30subset\dataset\images\field\ptelea_trifoliata\13292213865042.jpg,ptelea_trifoliata,field
data\raw\5061353\leafsnap-dataset-30subset\dataset\images\field\ptelea_trifoliata\13292213865269.jpg,ptelea_trifoliata,field
data\raw\5061353\leafsnap-dataset-30subset\dataset\images\field\ptelea_trifoliata\13292213865646.jpg,ptelea_trifoliata,field
data\raw\5061353\leafsnap-dataset-30subset\dataset\images\field\ptelea_trifoliata\13292213865721.jpg,ptelea_trifoliata,field
data\raw\5061353\leafsnap-dataset-30subset\dataset\images\field\ptelea_trifoliata\13292213865924.jpg,ptelea_trifoliata,field
data\raw\5061353\leafsnap-dataset-30subset\dataset\images\field\ptelea_trifoliata\13292213865976.jpg,ptelea_trifoliata,field
data\raw\5061353\leafsnap-dataset-30subset\dataset\images\field\ptelea_trifoliata\13292213866048.jpg,ptelea_trifoliata,field
data\raw\5061353\leafsnap-dataset-30subset\dataset\images\field\ptelea_trifoliata\13292213866090.jpg,ptelea_trifoliata,field
data\raw\5061353\leafsnap-dataset-30subset\dataset\images\field\ptelea_trifoliata\13292213866229.jpg,ptelea_trifoliata,field
data\raw\5061353\leafsnap-dataset-30subset\dataset\images\field\ptelea_trifoliata\13292213866311.jpg,ptelea_trifoliata,field
data\raw\5061353\leafsnap-dataset-30subset\dataset\images\field\ptelea_trifoliata\13292213866663.jpg,ptelea_trifoliata,field
data\raw\5061353\leafsnap-dataset-30subset\dataset\images\field\ptelea_trifoliata\13292213866750.jpg,ptelea_trifoliata,field
data\raw\5061353\leafsnap-dataset-30subset\dataset\images\field\ptelea_trifoliata\13292213866953.jpg,ptelea_trifoliata,field
data\raw\5061353\leafsnap-dataset-30subset\dataset\images\field\ptelea_trifoliata\13292213866957.jpg,ptelea_trifoliata,field
data\raw\5061353\leafsnap-dataset-30subset\dataset\images\field\ptelea_trifoliata\13292213867549.jpg,ptelea_trifoliata,field
data\raw\5061353\leafsnap-dataset-30subset\dataset\images\field\ptelea_trifoliata\13292213868194.jpg,ptelea_trifoliata,field
data\raw\5061353\leafsnap-dataset-30subset\dataset\images\field\ptelea_trifoliata\13292213868256.jpg,ptelea_trifoliata,field
data\raw\5061353\leafsnap-dataset-30subset\dataset\images\field\ptelea_trifoliata\13292213868300.jpg,ptelea_trifoliata,field
data\raw\5061353\leafsnap-dataset-30subset\dataset\images\field\ptelea_trifoliata\13292213868639.jpg,ptelea_trifoliata,field
data\raw\5061353\leafsnap-dataset-30subset\dataset\images\field\ptelea_trifoliata\13292213869045.jpg,ptelea_trifoliata,field
data\raw\5061353\leafsnap-dataset-30subset\dataset\images\field\ptelea_trifoliata\13292213869096.jpg,ptelea_trifoliata,field
data\raw\5061353\leafsnap-dataset-30subset\dataset\images\field\ptelea_trifoliata\13292213869649.jpg,ptelea_trifoliata,field
data\raw\5061353\leafsnap-dataset-30subset\dataset\images\field\quercus_montana\13292231170455.jpg,quercus_montana,field
data\raw\5061353\leafsnap-dataset-30subset\dataset\images\field\quercus_montana\13292231170554.jpg,quercus_montana,field
data\raw\5061353\leafsnap-dataset-30subset\dataset\images\field\quercus_montana\13292231170753.jpg,quercus_montana,field
data\raw\5061353\leafsnap-dataset-30subset\dataset\images\field\quercus_montana\13292231170979.jpg,quercus_montana,field
data\raw\5061353\leafsnap-dataset-30subset\dataset\images\field\quercus_montana\13292231171359.jpg,quercus_montana,field
data\raw\5061353\leafsnap-dataset-30subset\dataset\images\field\quercus_montana\13292231171458.jpg,quercus_montana,field
data\raw\5061353\leafsnap-dataset-30subset\dataset\images\field\quercus_montana\13292231171500.jpg,quercus_montana,field
data\raw\5061353\leafsnap-dataset-30subset\dataset\images\field\quercus_montana\13292231171829.jpg,quercus_montana,field
data\raw\5061353\leafsnap-dataset-30subset\dataset\images\field\quercus_montana\13292231172210.jpg,quercus_montana,field
data\raw\5061353\leafsnap-dataset-30subset\dataset\images\field\quercus_montana\13292231172342.jpg,quercus_montana,field
data\raw\5061353\leafsnap-dataset-30subset\dataset\images\field\quercus_montana\13292231172389.jpg,quercus_montana,field
data\raw\5061353\leafsnap-dataset-30subset\dataset\images\field\quercus_montana\13292231172420.jpg,quercus_montana,field
data\raw\5061353\leafsnap-dataset-30subset\dataset\images\field\quercus_montana\13292231172477.jpg,quercus_montana,field
data\raw\5061353\leafsnap-dataset-30subset\dataset\images\field\quercus_montana\13292231172496.jpg,quercus_montana,field
data\raw\5061353\leafsnap-dataset-30subset\dataset\images\field\quercus_montana\13292231172603.jpg,quercus_montana,field
data\raw\5061353\leafsnap-dataset-30subset\dataset\images\field\quercus_montana\13292231172679.jpg,quercus_montana,field
data\raw\5061353\leafsnap-dataset-30subset\dataset\images\field\quercus_montana\13292231172987.jpg,quercus_montana,field
data\raw\5061353\leafsnap-dataset-30subset\dataset\images\field\quercus_montana\13292231172999.jpg,quercus_montana,field
data\raw\5061353\leafsnap-dataset-30subset\dataset\images\field\quercus_montana\13292231173082.jpg,quercus_montana,field
data\raw\5061353\leafsnap-dataset-30subset\dataset\images\field\quercus_montana\13292231173101.jpg,quercus_montana,field
data\raw\5061353\leafsnap-dataset-30subset\dataset\images\field\quercus_montana\13292231173488.jpg,quercus_montana,field
data\raw\5061353\leafsnap-dataset-30subset\dataset\images\field\quercus_montana\13292231173527.jpg,quercus_montana,field
data\raw\5061353\leafsnap-dataset-30subset\dataset\images\field\quercus_montana\13292231173570.jpg,quercus_montana,field
data\raw\5061353\leafsnap-dataset-30subset\dataset\images\field\quercus_montana\13292231173642.jpg,quercus_montana,field
data\raw\5061353\leafsnap-dataset-30subset\dataset\images\field\quercus_montana\13292231173705.jpg,quercus_montana,field
data\raw\5061353\leafsnap-dataset-30subset\dataset\images\field\quercus_montana\13292231173845.jpg,quercus_montana,field
data\raw\5061353\leafsnap-dataset-30subset\dataset\images\field\quercus_montana\13292231173918.jpg,quercus_montana,field
data\raw\5061353\leafsnap-dataset-30subset\dataset\images\field\quercus_montana\13292231174211.jpg,quercus_montana,field
data\raw\5061353\leafsnap-dataset-30subset\dataset\images\field\quercus_montana\13292231174378.jpg,quercus_montana,field
data\raw\5061353\leafsnap-dataset-30subset\dataset\images\field\quercus_montana\13292231174691.jpg,quercus_montana,field
data\raw\5061353\leafsnap-dataset-30subset\dataset\images\field\quercus_montana\13292231174703.jpg,quercus_montana,field
data\raw\5061353\leafsnap-dataset-30subset\dataset\images\field\quercus_montana\13292231174757.jpg,quercus_montana,field
data\raw\5061353\leafsnap-dataset-30subset\dataset\images\field\quercus_montana\13292231174806.jpg,quercus_montana,field
data\raw\5061353\leafsnap-dataset-30subset\dataset\images\field\quercus_montana\13292231174818.jpg,quercus_montana,field
data\raw\5061353\leafsnap-dataset-30subset\dataset\images\field\quercus_montana\13292231174834.jpg,quercus_montana,field
data\raw\5061353\leafsnap-dataset-30subset\dataset\images\field\quercus_montana\13292231174963.jpg,quercus_montana,field
data\raw\5061353\leafsnap-dataset-30subset\dataset\images\field\quercus_montana\13292231175094.jpg,quercus_montana,field
data\raw\5061353\leafsnap-dataset-30subset\dataset\images\field\quercus_montana\13292231175298.jpg,quercus_montana,field
data\raw\5061353\leafsnap-dataset-30subset\dataset\images\field\quercus_montana\13292231175402.jpg,quercus_montana,field
data\raw\5061353\leafsnap-dataset-30subset\dataset\images\field\quercus_montana\13292231175973.jpg,quercus_montana,field
data\raw\5061353\leafsnap-dataset-30subset\dataset\images\field\quercus_montana\13292231176114.jpg,quercus_montana,field
data\raw\5061353\leafsnap-dataset-30subset\dataset\images\field\quercus_montana\13292231176555.jpg,quercus_montana,field
data\raw\5061353\leafsnap-dataset-30subset\dataset\images\field\quercus_montana\13292231176837.jpg,quercus_montana,field
data\raw\5061353\leafsnap-dataset-30subset\dataset\images\field\quercus_montana\13292231177092.jpg,quercus_montana,field
data\raw\5061353\leafsnap-dataset-30subset\dataset\images\field\quercus_montana\13292231177219.jpg,quercus_montana,field
data\raw\5061353\leafsnap-dataset-30subset\dataset\images\field\quercus_montana\13292231177222.jpg,quercus_montana,field
data\raw\5061353\leafsnap-dataset-30subset\dataset\images\field\quercus_montana\13292231177384.jpg,quercus_montana,field
data\raw\5061353\leafsnap-dataset-30subset\dataset\images\field\quercus_montana\13292231177399.jpg,quercus_montana,field
data\raw\5061353\leafsnap-dataset-30subset\dataset\images\field\quercus_montana\13292231177681.jpg,quercus_montana,field
data\raw\5061353\leafsnap-dataset-30subset\dataset\images\field\quercus_montana\13292231178100.jpg,quercus_montana,field
data\raw\5061353\leafsnap-dataset-30subset\dataset\images\field\quercus_montana\13292231178845.jpg,quercus_montana,field
data\raw\5061353\leafsnap-dataset-30subset\dataset\images\field\quercus_montana\13292231178868.jpg,quercus_montana,field
data\raw\5061353\leafsnap-dataset-30subset\dataset\images\field\quercus_montana\13292231179004.jpg,quercus_montana,field
data\raw\5061353\leafsnap-dataset-30subset\dataset\images\field\quercus_montana\13292231179100.jpg,quercus_montana,field
data\raw\5061353\leafsnap-dataset-30subset\dataset\images\field\quercus_montana\13292231179416.jpg,quercus_montana,field
data\raw\5061353\leafsnap-dataset-30subset\dataset\images\field\quercus_montana\13292231179552.jpg,quercus_montana,field
data\raw\5061353\leafsnap-dataset-30subset\dataset\images\field\quercus_montana\13292231179691.jpg,quercus_montana,field
data\raw\5061353\leafsnap-dataset-30subset\dataset\images\field\quercus_montana\13292231179762.jpg,quercus_montana,field
data\raw\5061353\leafsnap-dataset-30subset\dataset\images\field\quercus_montana\13292231179955.jpg,quercus_montana,field
data\raw\5061353\leafsnap-dataset-30subset\dataset\images\field\quercus_muehlenbergii\13292245040699.jpg,quercus_muehlenbergii,field
data\raw\5061353\leafsnap-dataset-30subset\dataset\images\field\quercus_muehlenbergii\13292245040818.jpg,quercus_muehlenbergii,field
data\raw\5061353\leafsnap-dataset-30subset\dataset\images\field\quercus_muehlenbergii\13292245041119.jpg,quercus_muehlenbergii,field
data\raw\5061353\leafsnap-dataset-30subset\dataset\images\field\quercus_muehlenbergii\13292245041192.jpg,quercus_muehlenbergii,field
data\raw\5061353\leafsnap-dataset-30subset\dataset\images\field\quercus_muehlenbergii\13292245041662.jpg,quercus_muehlenbergii,field
data\raw\5061353\leafsnap-dataset-30subset\dataset\images\field\quercus_muehlenbergii\13292245041899.jpg,quercus_muehlenbergii,field
data\raw\5061353\leafsnap-dataset-30subset\dataset\images\field\quercus_muehlenbergii\13292245041958.jpg,quercus_muehlenbergii,field
data\raw\5061353\leafsnap-dataset-30subset\dataset\images\field\quercus_muehlenbergii\13292245042320.jpg,quercus_muehlenbergii,field
data\raw\5061353\leafsnap-dataset-30subset\dataset\images\field\quercus_muehlenbergii\13292245042411.jpg,quercus_muehlenbergii,field
data\raw\5061353\leafsnap-dataset-30subset\dataset\images\field\quercus_muehlenbergii\13292245042502.jpg,quercus_muehlenbergii,field
data\raw\5061353\leafsnap-dataset-30subset\dataset\images\field\quercus_muehlenbergii\13292245042577.jpg,quercus_muehlenbergii,field
data\raw\5061353\leafsnap-dataset-30subset\dataset\images\field\quercus_muehlenbergii\13292245042767.jpg,quercus_muehlenbergii,field
data\raw\5061353\leafsnap-dataset-30subset\dataset\images\field\quercus_muehlenbergii\13292245043147.jpg,quercus_muehlenbergii,field
data\raw\5061353\leafsnap-dataset-30subset\dataset\images\field\quercus_muehlenbergii\13292245043177.jpg,quercus_muehlenbergii,field
data\raw\5061353\leafsnap-dataset-30subset\dataset\images\field\quercus_muehlenbergii\13292245043518.jpg,quercus_muehlenbergii,field
data\raw\5061353\leafsnap-dataset-30subset\dataset\images\field\quercus_muehlenbergii\13292245043692.jpg,quercus_muehlenbergii,field
data\raw\5061353\leafsnap-dataset-30subset\dataset\images\field\quercus_muehlenbergii\13292245043719.jpg,quercus_muehlenbergii,field
data\raw\5061353\leafsnap-dataset-30subset\dataset\images\field\quercus_muehlenbergii\13292245044126.jpg,quercus_muehlenbergii,field
data\raw\5061353\leafsnap-dataset-30subset\dataset\images\field\quercus_muehlenbergii\13292245044132.jpg,quercus_muehlenbergii,field
data\raw\5061353\leafsnap-dataset-30subset\dataset\images\field\quercus_muehlenbergii\13292245044828.jpg,quercus_muehlenbergii,field
data\raw\5061353\leafsnap-dataset-30subset\dataset\images\field\quercus_muehlenbergii\13292245045228.jpg,quercus_muehlenbergii,field
data\raw\5061353\leafsnap-dataset-30subset\dataset\images\field\quercus_muehlenbergii\13292245045249.jpg,quercus_muehlenbergii,field
data\raw\5061353\leafsnap-dataset-30subset\dataset\images\field\quercus_muehlenbergii\13292245045895.jpg,quercus_muehlenbergii,field
data\raw\5061353\leafsnap-dataset-30subset\dataset\images\field\quercus_muehlenbergii\13292245046064.jpg,quercus_muehlenbergii,field
data\raw\5061353\leafsnap-dataset-30subset\dataset\images\field\quercus_muehlenbergii\13292245046254.jpg,quercus_muehlenbergii,field
data\raw\5061353\leafsnap-dataset-30subset\dataset\images\field\quercus_muehlenbergii\13292245046652.jpg,quercus_muehlenbergii,field
data\raw\5061353\leafsnap-dataset-30subset\dataset\images\field\quercus_muehlenbergii\13292245046678.jpg,quercus_muehlenbergii,field
data\raw\5061353\leafsnap-dataset-30subset\dataset\images\field\quercus_muehlenbergii\13292245046852.jpg,quercus_muehlenbergii,field
data\raw\5061353\leafsnap-dataset-30subset\dataset\images\field\quercus_muehlenbergii\13292245046881.jpg,quercus_muehlenbergii,field
data\raw\5061353\leafsnap-dataset-30subset\dataset\images\field\quercus_muehlenbergii\13292245047188.jpg,quercus_muehlenbergii,field
data\raw\5061353\leafsnap-dataset-30subset\dataset\images\field\quercus_muehlenbergii\13292245047246.jpg,quercus_muehlenbergii,field
data\raw\5061353\leafsnap-dataset-30subset\dataset\images\field\quercus_muehlenbergii\13292245047382.jpg,quercus_muehlenbergii,field
data\raw\5061353\leafsnap-dataset-30subset\dataset\images\field\quercus_muehlenbergii\13292245047861.jpg,quercus_muehlenbergii,field
data\raw\5061353\leafsnap-dataset-30subset\dataset\images\field\quercus_muehlenbergii\13292245048624.jpg,quercus_muehlenbergii,field
data\raw\5061353\leafsnap-dataset-30subset\dataset\images\field\quercus_muehlenbergii\13292245048665.jpg,quercus_muehlenbergii,field
data\raw\5061353\leafsnap-dataset-30subset\dataset\images\field\quercus_muehlenbergii\13292245048753.jpg,quercus_muehlenbergii,field
data\raw\5061353\leafsnap-dataset-30subset\dataset\images\field\quercus_muehlenbergii\13292245049196.jpg,quercus_muehlenbergii,field
data\raw\5061353\leafsnap-dataset-30subset\dataset\images\field\quercus_muehlenbergii\13292245049214.jpg,quercus_muehlenbergii,field
data\raw\5061353\leafsnap-dataset-30subset\dataset\images\field\quercus_muehlenbergii\13292245049275.jpg,quercus_muehlenbergii,field
data\raw\5061353\leafsnap-dataset-30subset\dataset\images\field\quercus_muehlenbergii\13292245049716.jpg,quercus_muehlenbergii,field
data\raw\5061353\leafsnap-dataset-30subset\dataset\images\field\quercus_muehlenbergii\13292254750043.jpg,quercus_muehlenbergii,field
data\raw\5061353\leafsnap-dataset-30subset\dataset\images\field\quercus_muehlenbergii\13292254750045.jpg,quercus_muehlenbergii,field
data\raw\5061353\leafsnap-dataset-30subset\dataset\images\field\quercus_muehlenbergii\13292254750200.jpg,quercus_muehlenbergii,field
data\raw\5061353\leafsnap-dataset-30subset\dataset\images\field\quercus_muehlenbergii\13292254750404.jpg,quercus_muehlenbergii,field
data\raw\5061353\leafsnap-dataset-30subset\dataset\images\field\quercus_muehlenbergii\13292254750450.jpg,quercus_muehlenbergii,field
data\raw\5061353\leafsnap-dataset-30subset\dataset\images\field\quercus_muehlenbergii\13292254750709.jpg,quercus_muehlenbergii,field
data\raw\5061353\leafsnap-dataset-30subset\dataset\images\field\quercus_muehlenbergii\13292254750743.jpg,quercus_muehlenbergii,field
data\raw\5061353\leafsnap-dataset-30subset\dataset\images\field\quercus_muehlenbergii\13292254750759.jpg,quercus_muehlenbergii,field
data\raw\5061353\leafsnap-dataset-30subset\dataset\images\field\quercus_muehlenbergii\13292254751023.jpg,quercus_muehlenbergii,field
data\raw\5061353\leafsnap-dataset-30subset\dataset\images\field\quercus_muehlenbergii\13292254751148.jpg,quercus_muehlenbergii,field
data\raw\5061353\leafsnap-dataset-30subset\dataset\images\field\quercus_muehlenbergii\13292254751198.jpg,quercus_muehlenbergii,field
data\raw\5061353\leafsnap-dataset-30subset\dataset\images\field\quercus_muehlenbergii\13292254751392.jpg,quercus_muehlenbergii,field
data\raw\5061353\leafsnap-dataset-30subset\dataset\images\field\quercus_muehlenbergii\13292254751619.jpg,quercus_muehlenbergii,field
data\raw\5061353\leafsnap-dataset-30subset\dataset\images\field\quercus_muehlenbergii\13292254751847.jpg,quercus_muehlenbergii,field
data\raw\5061353\leafsnap-dataset-30subset\dataset\images\field\quercus_muehlenbergii\13292254751964.jpg,quercus_muehlenbergii,field
data\raw\5061353\leafsnap-dataset-30subset\dataset\images\field\quercus_muehlenbergii\13292254751999.jpg,quercus_muehlenbergii,field
data\raw\5061353\leafsnap-dataset-30subset\dataset\images\field\quercus_muehlenbergii\13292254752003.jpg,quercus_muehlenbergii,field
data\raw\5061353\leafsnap-dataset-30subset\dataset\images\field\quercus_muehlenbergii\13292254752036.jpg,quercus_muehlenbergii,field
data\raw\5061353\leafsnap-dataset-30subset\dataset\images\field\quercus_muehlenbergii\13292254752199.jpg,quercus_muehlenbergii,field
data\raw\5061353\leafsnap-dataset-30subset\dataset\images\field\quercus_muehlenbergii\13292254752396.jpg,quercus_muehlenbergii,field
data\raw\5061353\leafsnap-dataset-30subset\dataset\images\field\quercus_muehlenbergii\13292254752499.jpg,quercus_muehlenbergii,field
data\raw\5061353\leafsnap-dataset-30subset\dataset\images\field\quercus_muehlenbergii\13292254752545.jpg,quercus_muehlenbergii,field
data\raw\5061353\leafsnap-dataset-30subset\dataset\images\field\quercus_muehlenbergii\13292254752641.jpg,quercus_muehlenbergii,field
data\raw\5061353\leafsnap-dataset-30subset\dataset\images\field\quercus_muehlenbergii\13292254752655.jpg,quercus_muehlenbergii,field
data\raw\5061353\leafsnap-dataset-30subset\dataset\images\field\quercus_muehlenbergii\13292254753008.jpg,quercus_muehlenbergii,field
data\raw\5061353\leafsnap-dataset-30subset\dataset\images\field\quercus_muehlenbergii\13292254753124.jpg,quercus_muehlenbergii,field
data\raw\5061353\leafsnap-dataset-30subset\dataset\images\field\quercus_muehlenbergii\13292254753363.jpg,quercus_muehlenbergii,field
data\raw\5061353\leafsnap-dataset-30subset\dataset\images\field\quercus_muehlenbergii\13292254753534.jpg,quercus_muehlenbergii,field
data\raw\5061353\leafsnap-dataset-30subset\dataset\images\field\quercus_muehlenbergii\13292254753629.jpg,quercus_muehlenbergii,field
data\raw\5061353\leafsnap-dataset-30subset\dataset\images\field\quercus_muehlenbergii\13292254753750.jpg,quercus_muehlenbergii,field
data\raw\5061353\leafsnap-dataset-30subset\dataset\images\field\quercus_muehlenbergii\13292254753760.jpg,quercus_muehlenbergii,field
data\raw\5061353\leafsnap-dataset-30subset\dataset\images\field\quercus_muehlenbergii\13292254753836.jpg,quercus_muehlenbergii,field
data\raw\5061353\leafsnap-dataset-30subset\dataset\images\field\quercus_muehlenbergii\13292254753986.jpg,quercus_muehlenbergii,field
data\raw\5061353\leafsnap-dataset-30subset\dataset\images\field\quercus_muehlenbergii\13292254754088.jpg,quercus_muehlenbergii,field
data\raw\5061353\leafsnap-dataset-30subset\dataset\images\field\quercus_muehlenbergii\13292254754242.jpg,quercus_muehlenbergii,field
data\raw\5061353\leafsnap-dataset-30subset\dataset\images\field\quercus_muehlenbergii\13292254754254.jpg,quercus_muehlenbergii,field
data\raw\5061353\leafsnap-dataset-30subset\dataset\images\field\quercus_muehlenbergii\13292254754461.jpg,quercus_muehlenbergii,field
data\raw\5061353\leafsnap-dataset-30subset\dataset\images\field\quercus_muehlenbergii\13292254754475.jpg,quercus_muehlenbergii,field
data\raw\5061353\leafsnap-dataset-30subset\dataset\images\field\quercus_muehlenbergii\13292254754648.jpg,quercus_muehlenbergii,field
data\raw\5061353\leafsnap-dataset-30subset\dataset\images\field\quercus_muehlenbergii\13292254755034.jpg,quercus_muehlenbergii,field
data\raw\5061353\leafsnap-dataset-30subset\dataset\images\field\quercus_muehlenbergii\13292254755222.jpg,quercus_muehlenbergii,field
data\raw\5061353\leafsnap-dataset-30subset\dataset\images\field\quercus_muehlenbergii\13292254755347.jpg,quercus_muehlenbergii,field
data\raw\5061353\leafsnap-dataset-30subset\dataset\images\field\quercus_muehlenbergii\13292254755480.jpg,quercus_muehlenbergii,field
data\raw\5061353\leafsnap-dataset-30subset\dataset\images\field\quercus_muehlenbergii\13292254755809.jpg,quercus_muehlenbergii,field
data\raw\5061353\leafsnap-dataset-30subset\dataset\images\field\quercus_muehlenbergii\13292254755836.jpg,quercus_muehlenbergii,field
data\raw\5061353\leafsnap-dataset-30subset\dataset\images\field\quercus_muehlenbergii\13292254755910.jpg,quercus_muehlenbergii,field
data\raw\5061353\leafsnap-dataset-30subset\dataset\images\field\quercus_muehlenbergii\13292254755931.jpg,quercus_muehlenbergii,field
data\raw\5061353\leafsnap-dataset-30subset\dataset\images\field\quercus_muehlenbergii\13292254756353.jpg,quercus_muehlenbergii,field
data\raw\5061353\leafsnap-dataset-30subset\dataset\images\field\quercus_muehlenbergii\13292254756757.jpg,quercus_muehlenbergii,field
data\raw\5061353\leafsnap-dataset-30subset\dataset\images\field\quercus_muehlenbergii\13292254756872.jpg,quercus_muehlenbergii,field
data\raw\5061353\leafsnap-dataset-30subset\dataset\images\field\quercus_muehlenbergii\13292254756928.jpg,quercus_muehlenbergii,field
data\raw\5061353\leafsnap-dataset-30subset\dataset\images\field\quercus_muehlenbergii\13292254757245.jpg,quercus_muehlenbergii,field
data\raw\5061353\leafsnap-dataset-30subset\dataset\images\field\quercus_muehlenbergii\13292254757258.jpg,quercus_muehlenbergii,field
data\raw\5061353\leafsnap-dataset-30subset\dataset\images\field\quercus_muehlenbergii\13292254757543.jpg,quercus_muehlenbergii,field
data\raw\5061353\leafsnap-dataset-30subset\dataset\images\field\quercus_muehlenbergii\13292254757617.jpg,quercus_muehlenbergii,field
data\raw\5061353\leafsnap-dataset-30subset\dataset\images\field\quercus_muehlenbergii\13292254758008.jpg,quercus_muehlenbergii,field
data\raw\5061353\leafsnap-dataset-30subset\dataset\images\field\quercus_muehlenbergii\13292254758770.jpg,quercus_muehlenbergii,field
data\raw\5061353\leafsnap-dataset-30subset\dataset\images\field\quercus_muehlenbergii\13292254758822.jpg,quercus_muehlenbergii,field
data\raw\5061353\leafsnap-dataset-30subset\dataset\images\field\quercus_muehlenbergii\13292254758866.jpg,quercus_muehlenbergii,field
data\raw\5061353\leafsnap-dataset-30subset\dataset\images\field\quercus_muehlenbergii\13292254758918.jpg,quercus_muehlenbergii,field
data\raw\5061353\leafsnap-dataset-30subset\dataset\images\field\quercus_muehlenbergii\13292254759214.jpg,quercus_muehlenbergii,field
data\raw\5061353\leafsnap-dataset-30subset\dataset\images\field\quercus_muehlenbergii\13292254759220.jpg,quercus_muehlenbergii,field
data\raw\5061353\leafsnap-dataset-30subset\dataset\images\field\quercus_muehlenbergii\13292254759233.jpg,quercus_muehlenbergii,field
data\raw\5061353\leafsnap-dataset-30subset\dataset\images\field\quercus_muehlenbergii\13292254759374.jpg,quercus_muehlenbergii,field
data\raw\5061353\leafsnap-dataset-30subset\dataset\images\field\quercus_muehlenbergii\13292254759688.jpg,quercus_muehlenbergii,field
data\raw\5061353\leafsnap-dataset-30subset\dataset\images\field\quercus_muehlenbergii\13292254759689.jpg,quercus_muehlenbergii,field
data\raw\5061353\leafsnap-dataset-30subset\dataset\images\field\staphylea_trifolia\13291710340049.jpg,staphylea_trifolia,field
data\raw\5061353\leafsnap-dataset-30subset\dataset\images\field\staphylea_trifolia\13291710340542.jpg,staphylea_trifolia,field
data\raw\5061353\leafsnap-dataset-30subset\dataset\images\field\staphylea_trifolia\13291710341073.jpg,staphylea_trifolia,field
data\raw\5061353\leafsnap-dataset-30subset\dataset\images\field\staphylea_trifolia\13291710341199.jpg,staphylea_trifolia,field
data\raw\5061353\leafsnap-dataset-30subset\dataset\images\field\staphylea_trifolia\13291710341311.jpg,staphylea_trifolia,field
data\raw\5061353\leafsnap-dataset-30subset\dataset\images\field\staphylea_trifolia\13291710341366.jpg,staphylea_trifolia,field
data\raw\5061353\leafsnap-dataset-30subset\dataset\images\field\staphylea_trifolia\13291710341375.jpg,staphylea_trifolia,field
data\raw\5061353\leafsnap-dataset-30subset\dataset\images\field\staphylea_trifolia\13291710341924.jpg,staphylea_trifolia,field
data\raw\5061353\leafsnap-dataset-30subset\dataset\images\field\staphylea_trifolia\13291710342301.jpg,staphylea_trifolia,field
data\raw\5061353\leafsnap-dataset-30subset\dataset\images\field\staphylea_trifolia\13291710342307.jpg,staphylea_trifolia,field
data\raw\5061353\leafsnap-dataset-30subset\dataset\images\field\staphylea_trifolia\13291710342461.jpg,staphylea_trifolia,field
data\raw\5061353\leafsnap-dataset-30subset\dataset\images\field\staphylea_trifolia\13291710342601.jpg,staphylea_trifolia,field
data\raw\5061353\leafsnap-dataset-30subset\dataset\images\field\staphylea_trifolia\13291710342782.jpg,staphylea_trifolia,field
data\raw\5061353\leafsnap-dataset-30subset\dataset\images\field\staphylea_trifolia\13291710342845.jpg,staphylea_trifolia,field
data\raw\5061353\leafsnap-dataset-30subset\dataset\images\field\staphylea_trifolia\13291710343352.jpg,staphylea_trifolia,field
data\raw\5061353\leafsnap-dataset-30subset\dataset\images\field\staphylea_trifolia\13291710343554.jpg,staphylea_trifolia,field
data\raw\5061353\leafsnap-dataset-30subset\dataset\images\field\staphylea_trifolia\13291710343686.jpg,staphylea_trifolia,field
data\raw\5061353\leafsnap-dataset-30subset\dataset\images\field\staphylea_trifolia\13291710343827.jpg,staphylea_trifolia,field
data\raw\5061353\leafsnap-dataset-30subset\dataset\images\field\staphylea_trifolia\13291710343880.jpg,staphylea_trifolia,field
data\raw\5061353\leafsnap-dataset-30subset\dataset\images\field\staphylea_trifolia\13291710343901.jpg,staphylea_trifolia,field
data\raw\5061353\leafsnap-dataset-30subset\dataset\images\field\staphylea_trifolia\13291710343957.jpg,staphylea_trifolia,field
data\raw\5061353\leafsnap-dataset-30subset\dataset\images\field\staphylea_trifolia\13291710343986.jpg,staphylea_trifolia,field
data\raw\5061353\leafsnap-dataset-30subset\dataset\images\field\staphylea_trifolia\13291710344335.jpg,staphylea_trifolia,field
data\raw\5061353\leafsnap-dataset-30subset\dataset\images\field\staphylea_trifolia\13291710344435.jpg,staphylea_trifolia,field
data\raw\5061353\leafsnap-dataset-30subset\dataset\images\field\staphylea_trifolia\13291710344575.jpg,staphylea_trifolia,field
data\raw\5061353\leafsnap-dataset-30subset\dataset\images\field\staphylea_trifolia\13291710344784.jpg,staphylea_trifolia,field
data\raw\5061353\leafsnap-dataset-30subset\dataset\images\field\staphylea_trifolia\13291710345574.jpg,staphylea_trifolia,field
data\raw\5061353\leafsnap-dataset-30subset\dataset\images\field\staphylea_trifolia\13291710345838.jpg,staphylea_trifolia,field
data\raw\5061353\leafsnap-dataset-30subset\dataset\images\field\staphylea_trifolia\13291710345960.jpg,staphylea_trifolia,field
data\raw\5061353\leafsnap-dataset-30subset\dataset\images\field\staphylea_trifolia\13291710346064.jpg,staphylea_trifolia,field
data\raw\5061353\leafsnap-dataset-30subset\dataset\images\field\staphylea_trifolia\13291710346148.jpg,staphylea_trifolia,field
data\raw\5061353\leafsnap-dataset-30subset\dataset\images\field\staphylea_trifolia\13291710346566.jpg,staphylea_trifolia,field
data\raw\5061353\leafsnap-dataset-30subset\dataset\images\field\staphylea_trifolia\13291710347109.jpg,staphylea_trifolia,field
data\raw\5061353\leafsnap-dataset-30subset\dataset\images\field\staphylea_trifolia\13291710347327.jpg,staphylea_trifolia,field
data\raw\5061353\leafsnap-dataset-30subset\dataset\images\field\staphylea_trifolia\13291710347515.jpg,staphylea_trifolia,field
data\raw\5061353\leafsnap-dataset-30subset\dataset\images\field\staphylea_trifolia\13291710347651.jpg,staphylea_trifolia,field
data\raw\5061353\leafsnap-dataset-30subset\dataset\images\field\staphylea_trifolia\13291710347817.jpg,staphylea_trifolia,field
data\raw\5061353\leafsnap-dataset-30subset\dataset\images\field\staphylea_trifolia\13291710347980.jpg,staphylea_trifolia,field
data\raw\5061353\leafsnap-dataset-30subset\dataset\images\field\staphylea_trifolia\13291710348278.jpg,staphylea_trifolia,field
data\raw\5061353\leafsnap-dataset-30subset\dataset\images\field\staphylea_trifolia\13291710348313.jpg,staphylea_trifolia,field
data\raw\5061353\leafsnap-dataset-30subset\dataset\images\field\staphylea_trifolia\13291710348690.jpg,staphylea_trifolia,field
data\raw\5061353\leafsnap-dataset-30subset\dataset\images\field\staphylea_trifolia\13291710348973.jpg,staphylea_trifolia,field
data\raw\5061353\leafsnap-dataset-30subset\dataset\images\field\staphylea_trifolia\13291710349078.jpg,staphylea_trifolia,field
data\raw\5061353\leafsnap-dataset-30subset\dataset\images\field\staphylea_trifolia\13291710349276.jpg,staphylea_trifolia,field
data\raw\5061353\leafsnap-dataset-30subset\dataset\images\field\staphylea_trifolia\13291710349362.jpg,staphylea_trifolia,field
data\raw\5061353\leafsnap-dataset-30subset\dataset\images\field\styrax_japonica\13002208600029.jpg,styrax_japonica,field
data\raw\5061353\leafsnap-dataset-30subset\dataset\images\field\styrax_japonica\13002208600098.jpg,styrax_japonica,field
data\raw\5061353\leafsnap-dataset-30subset\dataset\images\field\styrax_japonica\13002208600454.jpg,styrax_japonica,field
data\raw\5061353\leafsnap-dataset-30subset\dataset\images\field\styrax_japonica\13002208600509.jpg,styrax_japonica,field
data\raw\5061353\leafsnap-dataset-30subset\dataset\images\field\styrax_japonica\13002208600751.jpg,styrax_japonica,field
data\raw\5061353\leafsnap-dataset-30subset\dataset\images\field\styrax_japonica\13002208600779.jpg,styrax_japonica,field
data\raw\5061353\leafsnap-dataset-30subset\dataset\images\field\styrax_japonica\13002208600819.jpg,styrax_japonica,field
data\raw\5061353\leafsnap-dataset-30subset\dataset\images\field\styrax_japonica\13002208601015.jpg,styrax_japonica,field
data\raw\5061353\leafsnap-dataset-30subset\dataset\images\field\styrax_japonica\13002208601047.jpg,styrax_japonica,field
data\raw\5061353\leafsnap-dataset-30subset\dataset\images\field\styrax_japonica\13002208601072.jpg,styrax_japonica,field
data\raw\5061353\leafsnap-dataset-30subset\dataset\images\field\styrax_japonica\13002208601142.jpg,styrax_japonica,field
data\raw\5061353\leafsnap-dataset-30subset\dataset\images\field\styrax_japonica\13002208601177.jpg,styrax_japonica,field
data\raw\5061353\leafsnap-dataset-30subset\dataset\images\field\styrax_japonica\13002208601356.jpg,styrax_japonica,field
data\raw\5061353\leafsnap-dataset-30subset\dataset\images\field\styrax_japonica\13002208601371.jpg,styrax_japonica,field
data\raw\5061353\leafsnap-dataset-30subset\dataset\images\field\styrax_japonica\13002208601420.jpg,styrax_japonica,field
data\raw\5061353\leafsnap-dataset-30subset\dataset\images\field\styrax_japonica\13002208601611.jpg,styrax_japonica,field
data\raw\5061353\leafsnap-dataset-30subset\dataset\images\field\styrax_japonica\13002208601646.jpg,styrax_japonica,field
data\raw\5061353\leafsnap-dataset-30subset\dataset\images\field\styrax_japonica\13002208601765.jpg,styrax_japonica,field
data\raw\5061353\leafsnap-dataset-30subset\dataset\images\field\styrax_japonica\13002208602063.jpg,styrax_japonica,field
data\raw\5061353\leafsnap-dataset-30subset\dataset\images\field\styrax_japonica\13002208602190.jpg,styrax_japonica,field
data\raw\5061353\leafsnap-dataset-30subset\dataset\images\field\styrax_japonica\13002208602346.jpg,styrax_japonica,field
data\raw\5061353\leafsnap-dataset-30subset\dataset\images\field\styrax_japonica\13002208602408.jpg,styrax_japonica,field
data\raw\5061353\leafsnap-dataset-30subset\dataset\images\field\styrax_japonica\13002208602500.jpg,styrax_japonica,field
data\raw\5061353\leafsnap-dataset-30subset\dataset\images\field\styrax_japonica\13002208602506.jpg,styrax_japonica,field
data\raw\5061353\leafsnap-dataset-30subset\dataset\images\field\styrax_japonica\13002208602541.jpg,styrax_japonica,field
data\raw\5061353\leafsnap-dataset-30subset\dataset\images\field\styrax_japonica\13002208602650.jpg,styrax_japonica,field
data\raw\5061353\leafsnap-dataset-30subset\dataset\images\field\styrax_japonica\13002208602682.jpg,styrax_japonica,field
data\raw\5061353\leafsnap-dataset-30subset\dataset\images\field\styrax_japonica\13002208602690.jpg,styrax_japonica,field
data\raw\5061353\leafsnap-dataset-30subset\dataset\images\field\styrax_japonica\13002208602822.jpg,styrax_japonica,field
data\raw\5061353\leafsnap-dataset-30subset\dataset\images\field\styrax_japonica\13002208602856.jpg,styrax_japonica,field
data\raw\5061353\leafsnap-dataset-30subset\dataset\images\field\styrax_japonica\13002208602934.jpg,styrax_japonica,field
data\raw\5061353\leafsnap-dataset-30subset\dataset\images\field\styrax_japonica\13002208602996.jpg,styrax_japonica,field
data\raw\5061353\leafsnap-dataset-30subset\dataset\images\field\styrax_japonica\13002208603157.jpg,styrax_japonica,field
data\raw\5061353\leafsnap-dataset-30subset\dataset\images\field\styrax_japonica\13002208603217.jpg,styrax_japonica,field
data\raw\5061353\leafsnap-dataset-30subset\dataset\images\field\styrax_japonica\13002208603226.jpg,styrax_japonica,field
data\raw\5061353\leafsnap-dataset-30subset\dataset\images\field\styrax_japonica\13002208603476.jpg,styrax_japonica,field
data\raw\5061353\leafsnap-dataset-30subset\dataset\images\field\styrax_japonica\13002208603683.jpg,styrax_japonica,field
data\raw\5061353\leafsnap-dataset-30subset\dataset\images\field\styrax_japonica\13002208603869.jpg,styrax_japonica,field
data\raw\5061353\leafsnap-dataset-30subset\dataset\images\field\styrax_japonica\13002208603926.jpg,styrax_japonica,field
data\raw\5061353\leafsnap-dataset-30subset\dataset\images\field\styrax_japonica\13002208603993.jpg,styrax_japonica,field
data\raw\5061353\leafsnap-dataset-30subset\dataset\images\field\styrax_japonica\13002208604123.jpg,styrax_japonica,field
data\raw\5061353\leafsnap-dataset-30subset\dataset\images\field\styrax_japonica\13002208604162.jpg,styrax_japonica,field
data\raw\5061353\leafsnap-dataset-30subset\dataset\images\field\styrax_japonica\13002208604167.jpg,styrax_japonica,field
data\raw\5061353\leafsnap-dataset-30subset\dataset\images\field\styrax_japonica\13002208604172.jpg,styrax_japonica,field
data\raw\5061353\leafsnap-dataset-30subset\dataset\images\field\styrax_japonica\13002208604250.jpg,styrax_japonica,field
data\raw\5061353\leafsnap-dataset-30subset\dataset\images\field\styrax_japonica\13002208604284.jpg,styrax_japonica,field
data\raw\5061353\leafsnap-dataset-30subset\dataset\images\field\styrax_japonica\13002208604304.jpg,styrax_japonica,field
data\raw\5061353\leafsnap-dataset-30subset\dataset\images\field\styrax_japonica\13002208604305.jpg,styrax_japonica,field
data\raw\5061353\leafsnap-dataset-30subset\dataset\images\field\styrax_japonica\13002208604360.jpg,styrax_japonica,field
data\raw\5061353\leafsnap-dataset-30subset\dataset\images\field\styrax_japonica\13002208604371.jpg,styrax_japonica,field
data\raw\5061353\leafsnap-dataset-30subset\dataset\images\field\styrax_japonica\13002208604400.jpg,styrax_japonica,field
data\raw\5061353\leafsnap-dataset-30subset\dataset\images\field\styrax_japonica\13002208604419.jpg,styrax_japonica,field
data\raw\5061353\leafsnap-dataset-30subset\dataset\images\field\styrax_japonica\13002208604500.jpg,styrax_japonica,field
data\raw\5061353\leafsnap-dataset-30subset\dataset\images\field\styrax_japonica\13002208604700.jpg,styrax_japonica,field
data\raw\5061353\leafsnap-dataset-30subset\dataset\images\field\styrax_japonica\13002208604725.jpg,styrax_japonica,field
data\raw\5061353\leafsnap-dataset-30subset\dataset\images\field\styrax_japonica\13002208604772.jpg,styrax_japonica,field
data\raw\5061353\leafsnap-dataset-30subset\dataset\images\field\styrax_japonica\13002208604920.jpg,styrax_japonica,field
data\raw\5061353\leafsnap-dataset-30subset\dataset\images\field\styrax_japonica\13002208604971.jpg,styrax_japonica,field
data\raw\5061353\leafsnap-dataset-30subset\dataset\images\field\styrax_japonica\13002208605250.jpg,styrax_japonica,field
data\raw\5061353\leafsnap-dataset-30subset\dataset\images\field\styrax_japonica\13002208605498.jpg,styrax_japonica,field
data\raw\5061353\leafsnap-dataset-30subset\dataset\images\field\styrax_japonica\13002208605679.jpg,styrax_japonica,field
data\raw\5061353\leafsnap-dataset-30subset\dataset\images\field\styrax_japonica\13002208605697.jpg,styrax_japonica,field
data\raw\5061353\leafsnap-dataset-30subset\dataset\images\field\styrax_japonica\13002208605815.jpg,styrax_japonica,field
data\raw\5061353\leafsnap-dataset-30subset\dataset\images\field\styrax_japonica\13002208605919.jpg,styrax_japonica,field
data\raw\5061353\leafsnap-dataset-30subset\dataset\images\field\styrax_japonica\13002208606092.jpg,styrax_japonica,field
data\raw\5061353\leafsnap-dataset-30subset\dataset\images\field\styrax_japonica\13002208606295.jpg,styrax_japonica,field
data\raw\5061353\leafsnap-dataset-30subset\dataset\images\field\styrax_japonica\13002208606386.jpg,styrax_japonica,field
data\raw\5061353\leafsnap-dataset-30subset\dataset\images\field\styrax_japonica\13002208606420.jpg,styrax_japonica,field
data\raw\5061353\leafsnap-dataset-30subset\dataset\images\field\styrax_japonica\13002208606493.jpg,styrax_japonica,field
data\raw\5061353\leafsnap-dataset-30subset\dataset\images\field\styrax_japonica\13002208606522.jpg,styrax_japonica,field
data\raw\5061353\leafsnap-dataset-30subset\dataset\images\field\styrax_japonica\13002208606657.jpg,styrax_japonica,field
data\raw\5061353\leafsnap-dataset-30subset\dataset\images\field\styrax_japonica\13002208606677.jpg,styrax_japonica,field
data\raw\5061353\leafsnap-dataset-30subset\dataset\images\field\styrax_japonica\13002208606711.jpg,styrax_japonica,field
data\raw\5061353\leafsnap-dataset-30subset\dataset\images\field\styrax_japonica\13002208606735.jpg,styrax_japonica,field
data\raw\5061353\leafsnap-dataset-30subset\dataset\images\field\styrax_japonica\13002208606771.jpg,styrax_japonica,field
data\raw\5061353\leafsnap-dataset-30subset\dataset\images\field\styrax_japonica\13002208606819.jpg,styrax_japonica,field
data\raw\5061353\leafsnap-dataset-30subset\dataset\images\field\styrax_japonica\13002208606830.jpg,styrax_japonica,field
data\raw\5061353\leafsnap-dataset-30subset\dataset\images\field\styrax_japonica\13002208606840.jpg,styrax_japonica,field
data\raw\5061353\leafsnap-dataset-30subset\dataset\images\field\styrax_japonica\13002208606927.jpg,styrax_japonica,field
data\raw\5061353\leafsnap-dataset-30subset\dataset\images\field\styrax_japonica\13002208606929.jpg,styrax_japonica,field
data\raw\5061353\leafsnap-dataset-30subset\dataset\images\field\styrax_japonica\13002208607054.jpg,styrax_japonica,field
data\raw\5061353\leafsnap-dataset-30subset\dataset\images\field\styrax_japonica\13002208607212.jpg,styrax_japonica,field
data\raw\5061353\leafsnap-dataset-30subset\dataset\images\field\styrax_japonica\13002208607288.jpg,styrax_japonica,field
data\raw\5061353\leafsnap-dataset-30subset\dataset\images\field\styrax_japonica\13002208607371.jpg,styrax_japonica,field
data\raw\5061353\leafsnap-dataset-30subset\dataset\images\field\styrax_japonica\13002208607504.jpg,styrax_japonica,field
data\raw\5061353\leafsnap-dataset-30subset\dataset\images\field\styrax_japonica\13002208607556.jpg,styrax_japonica,field
data\raw\5061353\leafsnap-dataset-30subset\dataset\images\field\styrax_japonica\13002208607616.jpg,styrax_japonica,field
data\raw\5061353\leafsnap-dataset-30subset\dataset\images\field\styrax_japonica\13002208607739.jpg,styrax_japonica,field
data\raw\5061353\leafsnap-dataset-30subset\dataset\images\field\styrax_japonica\13002208607785.jpg,styrax_japonica,field
data\raw\5061353\leafsnap-dataset-30subset\dataset\images\field\styrax_japonica\13002208607977.jpg,styrax_japonica,field
data\raw\5061353\leafsnap-dataset-30subset\dataset\images\field\styrax_japonica\13002208608015.jpg,styrax_japonica,field
data\raw\5061353\leafsnap-dataset-30subset\dataset\images\field\styrax_japonica\13002208608248.jpg,styrax_japonica,field
data\raw\5061353\leafsnap-dataset-30subset\dataset\images\field\styrax_japonica\13002208608370.jpg,styrax_japonica,field
data\raw\5061353\leafsnap-dataset-30subset\dataset\images\field\styrax_japonica\13002208608409.jpg,styrax_japonica,field
data\raw\5061353\leafsnap-dataset-30subset\dataset\images\field\styrax_japonica\13002208608454.jpg,styrax_japonica,field
data\raw\5061353\leafsnap-dataset-30subset\dataset\images\field\styrax_japonica\13002208608529.jpg,styrax_japonica,field
data\raw\5061353\leafsnap-dataset-30subset\dataset\images\field\styrax_japonica\13002208608530.jpg,styrax_japonica,field
data\raw\5061353\leafsnap-dataset-30subset\dataset\images\field\styrax_japonica\13002208608697.jpg,styrax_japonica,field
data\raw\5061353\leafsnap-dataset-30subset\dataset\images\field\styrax_japonica\13002208608839.jpg,styrax_japonica,field
data\raw\5061353\leafsnap-dataset-30subset\dataset\images\field\styrax_japonica\13002208608852.jpg,styrax_japonica,field
data\raw\5061353\leafsnap-dataset-30subset\dataset\images\field\styrax_japonica\13002208609034.jpg,styrax_japonica,field
data\raw\5061353\leafsnap-dataset-30subset\dataset\images\field\styrax_japonica\13002208609225.jpg,styrax_japonica,field
data\raw\5061353\leafsnap-dataset-30subset\dataset\images\field\styrax_japonica\13002208609306.jpg,styrax_japonica,field
data\raw\5061353\leafsnap-dataset-30subset\dataset\images\field\styrax_japonica\13002208609419.jpg,styrax_japonica,field
data\raw\5061353\leafsnap-dataset-30subset\dataset\images\field\styrax_japonica\13002208609461.jpg,styrax_japonica,field
data\raw\5061353\leafsnap-dataset-30subset\dataset\images\field\styrax_japonica\13002208609476.jpg,styrax_japonica,field
data\raw\5061353\leafsnap-dataset-30subset\dataset\images\field\styrax_japonica\13002208609540.jpg,styrax_japonica,field
data\raw\5061353\leafsnap-dataset-30subset\dataset\images\field\styrax_japonica\13002208609750.jpg,styrax_japonica,field
data\raw\5061353\leafsnap-dataset-30subset\dataset\images\field\ulmus_americana\1249059004_0000.jpg,ulmus_americana,field
data\raw\5061353\leafsnap-dataset-30subset\dataset\images\field\ulmus_americana\1249059004_0001.jpg,ulmus_americana,field
data\raw\5061353\leafsnap-dataset-30subset\dataset\images\field\ulmus_americana\1249059004_0003.jpg,ulmus_americana,field
data\raw\5061353\leafsnap-dataset-30subset\dataset\images\field\ulmus_americana\1249059004_0004.jpg,ulmus_americana,field
data\raw\5061353\leafsnap-dataset-30subset\dataset\images\field\ulmus_americana\1249059599_8072.jpg,ulmus_americana,field
data\raw\5061353\leafsnap-dataset-30subset\dataset\images\field\ulmus_americana\1249315489_0000.jpg,ulmus_americana,field
data\raw\5061353\leafsnap-dataset-30subset\dataset\images\field\ulmus_americana\1249315489_0001.jpg,ulmus_americana,field
data\raw\5061353\leafsnap-dataset-30subset\dataset\images\field\ulmus_americana\1249315489_0002.jpg,ulmus_americana,field
data\raw\5061353\leafsnap-dataset-30subset\dataset\images\field\ulmus_americana\1249315489_0003.jpg,ulmus_americana,field
data\raw\5061353\leafsnap-dataset-30subset\dataset\images\field\ulmus_americana\1249315489_0004.jpg,ulmus_americana,field
data\raw\5061353\leafsnap-dataset-30subset\dataset\images\field\ulmus_americana\1259110850_0015.jpg,ulmus_americana,field
data\raw\5061353\leafsnap-dataset-30subset\dataset\images\field\ulmus_americana\1259110850_0029.jpg,ulmus_americana,field
data\raw\5061353\leafsnap-dataset-30subset\dataset\images\field\ulmus_americana\1259110850_0053.jpg,ulmus_americana,field
data\raw\5061353\leafsnap-dataset-30subset\dataset\images\field\ulmus_americana\1259110850_0116.jpg,ulmus_americana,field
data\raw\5061353\leafsnap-dataset-30subset\dataset\images\field\ulmus_americana\1259110850_0117.jpg,ulmus_americana,field
data\raw\5061353\leafsnap-dataset-30subset\dataset\images\field\ulmus_pumila\1258770451_0000.jpg,ulmus_pumila,field
data\raw\5061353\leafsnap-dataset-30subset\dataset\images\field\ulmus_pumila\1258770451_0001.jpg,ulmus_pumila,field
data\raw\5061353\leafsnap-dataset-30subset\dataset\images\field\ulmus_pumila\1258770451_0002.jpg,ulmus_pumila,field
data\raw\5061353\leafsnap-dataset-30subset\dataset\images\field\ulmus_pumila\1258770451_0003.jpg,ulmus_pumila,field
data\raw\5061353\leafsnap-dataset-30subset\dataset\images\field\ulmus_pumila\1258770451_0004.jpg,ulmus_pumila,field
data\raw\5061353\leafsnap-dataset-30subset\dataset\images\field\ulmus_pumila\13291724500035.jpg,ulmus_pumila,field
data\raw\5061353\leafsnap-dataset-30subset\dataset\images\field\ulmus_pumila\13291724500056.jpg,ulmus_pumila,field
data\raw\5061353\leafsnap-dataset-30subset\dataset\images\field\ulmus_pumila\13291724500311.jpg,ulmus_pumila,field
data\raw\5061353\leafsnap-dataset-30subset\dataset\images\field\ulmus_pumila\13291724500402.jpg,ulmus_pumila,field
data\raw\5061353\leafsnap-dataset-30subset\dataset\images\field\ulmus_pumila\13291724500889.jpg,ulmus_pumila,field
data\raw\5061353\leafsnap-dataset-30subset\dataset\images\field\ulmus_pumila\13291724500976.jpg,ulmus_pumila,field
data\raw\5061353\leafsnap-dataset-30subset\dataset\images\field\ulmus_pumila\13291724501128.jpg,ulmus_pumila,field
data\raw\5061353\leafsnap-dataset-30subset\dataset\images\field\ulmus_pumila\13291724501161.jpg,ulmus_pumila,field
data\raw\5061353\leafsnap-dataset-30subset\dataset\images\field\ulmus_pumila\13291724501249.jpg,ulmus_pumila,field
data\raw\5061353\leafsnap-dataset-30subset\dataset\images\field\ulmus_pumila\13291724501699.jpg,ulmus_pumila,field
data\raw\5061353\leafsnap-dataset-30subset\dataset\images\field\ulmus_pumila\13291724502120.jpg,ulmus_pumila,field
data\raw\5061353\leafsnap-dataset-30subset\dataset\images\field\ulmus_pumila\13291724502140.jpg,ulmus_pumila,field
data\raw\5061353\leafsnap-dataset-30subset\dataset\images\field\ulmus_pumila\13291724502378.jpg,ulmus_pumila,field
data\raw\5061353\leafsnap-dataset-30subset\dataset\images\field\ulmus_pumila\13291724502401.jpg,ulmus_pumila,field
data\raw\5061353\leafsnap-dataset-30subset\dataset\images\field\ulmus_pumila\13291724502441.jpg,ulmus_pumila,field
data\raw\5061353\leafsnap-dataset-30subset\dataset\images\field\ulmus_pumila\13291724502481.jpg,ulmus_pumila,field
data\raw\5061353\leafsnap-dataset-30subset\dataset\images\field\ulmus_pumila\13291724502537.jpg,ulmus_pumila,field
data\raw\5061353\leafsnap-dataset-30subset\dataset\images\field\ulmus_pumila\13291724502987.jpg,ulmus_pumila,field
data\raw\5061353\leafsnap-dataset-30subset\dataset\images\field\ulmus_pumila\13291724503527.jpg,ulmus_pumila,field
data\raw\5061353\leafsnap-dataset-30subset\dataset\images\field\ulmus_pumila\13291724503533.jpg,ulmus_pumila,field
data\raw\5061353\leafsnap-dataset-30subset\dataset\images\field\ulmus_pumila\13291724503875.jpg,ulmus_pumila,field
data\raw\5061353\leafsnap-dataset-30subset\dataset\images\field\ulmus_pumila\13291724504174.jpg,ulmus_pumila,field
data\raw\5061353\leafsnap-dataset-30subset\dataset\images\field\ulmus_pumila\13291724504200.jpg,ulmus_pumila,field
data\raw\5061353\leafsnap-dataset-30subset\dataset\images\field\ulmus_pumila\13291724504453.jpg,ulmus_pumila,field
data\raw\5061353\leafsnap-dataset-30subset\dataset\images\field\ulmus_pumila\13291724504455.jpg,ulmus_pumila,field
data\raw\5061353\leafsnap-dataset-30subset\dataset\images\field\ulmus_pumila\13291724504635.jpg,ulmus_pumila,field
data\raw\5061353\leafsnap-dataset-30subset\dataset\images\field\ulmus_pumila\13291724504718.jpg,ulmus_pumila,field
data\raw\5061353\leafsnap-dataset-30subset\dataset\images\field\ulmus_pumila\13291724504803.jpg,ulmus_pumila,field
data\raw\5061353\leafsnap-dataset-30subset\dataset\images\field\ulmus_pumila\13291724504832.jpg,ulmus_pumila,field
data\raw\5061353\leafsnap-dataset-30subset\dataset\images\field\ulmus_pumila\13291724505029.jpg,ulmus_pumila,field
data\raw\5061353\leafsnap-dataset-30subset\dataset\images\field\ulmus_pumila\13291724505096.jpg,ulmus_pumila,field
data\raw\5061353\leafsnap-dataset-30subset\dataset\images\field\ulmus_pumila\13291724505165.jpg,ulmus_pumila,field
data\raw\5061353\leafsnap-dataset-30subset\dataset\images\field\ulmus_pumila\13291724505361.jpg,ulmus_pumila,field
data\raw\5061353\leafsnap-dataset-30subset\dataset\images\field\ulmus_pumila\13291724505469.jpg,ulmus_pumila,field
data\raw\5061353\leafsnap-dataset-30subset\dataset\images\field\ulmus_pumila\13291724505677.jpg,ulmus_pumila,field
data\raw\5061353\leafsnap-dataset-30subset\dataset\images\field\ulmus_pumila\13291724505710.jpg,ulmus_pumila,field
data\raw\5061353\leafsnap-dataset-30subset\dataset\images\field\ulmus_pumila\13291724505712.jpg,ulmus_pumila,field
data\raw\5061353\leafsnap-dataset-30subset\dataset\images\field\ulmus_pumila\13291724505827.jpg,ulmus_pumila,field
data\raw\5061353\leafsnap-dataset-30subset\dataset\images\field\ulmus_pumila\13291724505843.jpg,ulmus_pumila,field
data\raw\5061353\leafsnap-dataset-30subset\dataset\images\field\ulmus_pumila\13291724505882.jpg,ulmus_pumila,field
data\raw\5061353\leafsnap-dataset-30subset\dataset\images\field\ulmus_pumila\13291724505956.jpg,ulmus_pumila,field
data\raw\5061353\leafsnap-dataset-30subset\dataset\images\field\ulmus_pumila\13291724506095.jpg,ulmus_pumila,field
data\raw\5061353\leafsnap-dataset-30subset\dataset\images\field\ulmus_pumila\13291724506156.jpg,ulmus_pumila,field
data\raw\5061353\leafsnap-dataset-30subset\dataset\images\field\ulmus_pumila\13291724506194.jpg,ulmus_pumila,field
data\raw\5061353\leafsnap-dataset-30subset\dataset\images\field\ulmus_pumila\13291724506217.jpg,ulmus_pumila,field
data\raw\5061353\leafsnap-dataset-30subset\dataset\images\field\ulmus_pumila\13291724506357.jpg,ulmus_pumila,field
data\raw\5061353\leafsnap-dataset-30subset\dataset\images\field\ulmus_pumila\13291724506406.jpg,ulmus_pumila,field
data\raw\5061353\leafsnap-dataset-30subset\dataset\images\field\ulmus_pumila\13291724506612.jpg,ulmus_pumila,field
data\raw\5061353\leafsnap-dataset-30subset\dataset\images\field\ulmus_pumila\13291724506616.jpg,ulmus_pumila,field
data\raw\5061353\leafsnap-dataset-30subset\dataset\images\field\ulmus_pumila\13291724506852.jpg,ulmus_pumila,field
data\raw\5061353\leafsnap-dataset-30subset\dataset\images\field\ulmus_pumila\13291724506942.jpg,ulmus_pumila,field
data\raw\5061353\leafsnap-dataset-30subset\dataset\images\field\ulmus_pumila\13291724507174.jpg,ulmus_pumila,field
data\raw\5061353\leafsnap-dataset-30subset\dataset\images\field\ulmus_pumila\13291724507356.jpg,ulmus_pumila,field
data\raw\5061353\leafsnap-dataset-30subset\dataset\images\field\ulmus_pumila\13291724507515.jpg,ulmus_pumila,field
data\raw\5061353\leafsnap-dataset-30subset\dataset\images\field\ulmus_pumila\13291724507734.jpg,ulmus_pumila,field
data\raw\5061353\leafsnap-dataset-30subset\dataset\images\field\ulmus_pumila\13291724507900.jpg,ulmus_pumila,field
data\raw\5061353\leafsnap-dataset-30subset\dataset\images\field\ulmus_pumila\13291724508224.jpg,ulmus_pumila,field
data\raw\5061353\leafsnap-dataset-30subset\dataset\images\field\ulmus_pumila\13291724508383.jpg,ulmus_pumila,field
data\raw\5061353\leafsnap-dataset-30subset\dataset\images\field\ulmus_pumila\13291724508559.jpg,ulmus_pumila,field
data\raw\5061353\leafsnap-dataset-30subset\dataset\images\field\ulmus_pumila\13291724508719.jpg,ulmus_pumila,field
data\raw\5061353\leafsnap-dataset-30subset\dataset\images\field\ulmus_pumila\13291724508858.jpg,ulmus_pumila,field
data\raw\5061353\leafsnap-dataset-30subset\dataset\images\field\ulmus_pumila\13291724508859.jpg,ulmus_pumila,field
data\raw\5061353\leafsnap-dataset-30subset\dataset\images\field\ulmus_pumila\13291724508899.jpg,ulmus_pumila,field
data\raw\5061353\leafsnap-dataset-30subset\dataset\images\field\ulmus_pumila\13291724509093.jpg,ulmus_pumila,field
data\raw\5061353\leafsnap-dataset-30subset\dataset\images\field\ulmus_pumila\13291724509139.jpg,ulmus_pumila,field
data\raw\5061353\leafsnap-dataset-30subset\dataset\images\field\ulmus_pumila\13291724509190.jpg,ulmus_pumila,field
data\raw\5061353\leafsnap-dataset-30subset\dataset\images\field\ulmus_pumila\13291724509271.jpg,ulmus_pumila,field
data\raw\5061353\leafsnap-dataset-30subset\dataset\images\field\ulmus_pumila\13291724509367.jpg,ulmus_pumila,field
data\raw\5061353\leafsnap-dataset-30subset\dataset\images\field\ulmus_pumila\13291724509496.jpg,ulmus_pumila,field
data\raw\5061353\leafsnap-dataset-30subset\dataset\images\field\ulmus_pumila\13291724509519.jpg,ulmus_pumila,field
data\raw\5061353\leafsnap-dataset-30subset\dataset\images\field\ulmus_pumila\13291724509864.jpg,ulmus_pumila,field
data\raw\5061353\leafsnap-dataset-30subset\dataset\images\field\ulmus_pumila\13291736090119.jpg,ulmus_pumila,field
data\raw\5061353\leafsnap-dataset-30subset\dataset\images\field\ulmus_pumila\13291736090152.jpg,ulmus_pumila,field
data\raw\5061353\leafsnap-dataset-30subset\dataset\images\field\ulmus_pumila\13291736090155.jpg,ulmus_pumila,field
data\raw\5061353\leafsnap-dataset-30subset\dataset\images\field\ulmus_pumila\13291736090450.jpg,ulmus_pumila,field
data\raw\5061353\leafsnap-dataset-30subset\dataset\images\field\ulmus_pumila\13291736090584.jpg,ulmus_pumila,field
data\raw\5061353\leafsnap-dataset-30subset\dataset\images\field\ulmus_pumila\13291736090640.jpg,ulmus_pumila,field
data\raw\5061353\leafsnap-dataset-30subset\dataset\images\field\ulmus_pumila\13291736090992.jpg,ulmus_pumila,field
data\raw\5061353\leafsnap-dataset-30subset\dataset\images\field\ulmus_pumila\13291736091123.jpg,ulmus_pumila,field
data\raw\5061353\leafsnap-dataset-30subset\dataset\images\field\ulmus_pumila\13291736091125.jpg,ulmus_pumila,field
data\raw\5061353\leafsnap-dataset-30subset\dataset\images\field\ulmus_pumila\13291736091370.jpg,ulmus_pumila,field
data\raw\5061353\leafsnap-dataset-30subset\dataset\images\field\ulmus_pumila\13291736091481.jpg,ulmus_pumila,field
data\raw\5061353\leafsnap-dataset-30subset\dataset\images\field\ulmus_pumila\13291736091589.jpg,ulmus_pumila,field
data\raw\5061353\leafsnap-dataset-30subset\dataset\images\field\ulmus_pumila\13291736091621.jpg,ulmus_pumila,field
data\raw\5061353\leafsnap-dataset-30subset\dataset\images\field\ulmus_pumila\13291736091645.jpg,ulmus_pumila,field
data\raw\5061353\leafsnap-dataset-30subset\dataset\images\field\ulmus_pumila\13291736091861.jpg,ulmus_pumila,field
data\raw\5061353\leafsnap-dataset-30subset\dataset\images\field\ulmus_pumila\13291736092309.jpg,ulmus_pumila,field
data\raw\5061353\leafsnap-dataset-30subset\dataset\images\field\ulmus_pumila\13291736092362.jpg,ulmus_pumila,field
data\raw\5061353\leafsnap-dataset-30subset\dataset\images\field\ulmus_pumila\13291736092555.jpg,ulmus_pumila,field
data\raw\5061353\leafsnap-dataset-30subset\dataset\images\field\ulmus_pumila\13291736092610.jpg,ulmus_pumila,field
data\raw\5061353\leafsnap-dataset-30subset\dataset\images\field\ulmus_pumila\13291736092616.jpg,ulmus_pumila,field
data\raw\5061353\leafsnap-dataset-30subset\dataset\images\field\ulmus_pumila\13291736092907.jpg,ulmus_pumila,field
data\raw\5061353\leafsnap-dataset-30subset\dataset\images\field\ulmus_pumila\13291736092971.jpg,ulmus_pumila,field
data\raw\5061353\leafsnap-dataset-30subset\dataset\images\field\ulmus_pumila\13291736093214.jpg,ulmus_pumila,field
data\raw\5061353\leafsnap-dataset-30subset\dataset\images\field\ulmus_pumila\13291736093247.jpg,ulmus_pumila,field
data\raw\5061353\leafsnap-dataset-30subset\dataset\images\field\ulmus_pumila\13291736093335.jpg,ulmus_pumila,field
data\raw\5061353\leafsnap-dataset-30subset\dataset\images\field\ulmus_pumila\13291736093465.jpg,ulmus_pumila,field
data\raw\5061353\leafsnap-dataset-30subset\dataset\images\field\ulmus_pumila\13291736093774.jpg,ulmus_pumila,field
data\raw\5061353\leafsnap-dataset-30subset\dataset\images\field\ulmus_pumila\13291736093840.jpg,ulmus_pumila,field
data\raw\5061353\leafsnap-dataset-30subset\dataset\images\field\ulmus_pumila\13291736094004.jpg,ulmus_pumila,field
data\raw\5061353\leafsnap-dataset-30subset\dataset\images\field\ulmus_pumila\13291736094197.jpg,ulmus_pumila,field
data\raw\5061353\leafsnap-dataset-30subset\dataset\images\field\ulmus_pumila\13291736094227.jpg,ulmus_pumila,field
data\raw\5061353\leafsnap-dataset-30subset\dataset\images\field\ulmus_pumila\13291736094492.jpg,ulmus_pumila,field
data\raw\5061353\leafsnap-dataset-30subset\dataset\images\field\ulmus_pumila\13291736094755.jpg,ulmus_pumila,field
data\raw\5061353\leafsnap-dataset-30subset\dataset\images\field\ulmus_pumila\13291736095134.jpg,ulmus_pumila,field
data\raw\5061353\leafsnap-dataset-30subset\dataset\images\field\ulmus_pumila\13291736095165.jpg,ulmus_pumila,field
data\raw\5061353\leafsnap-dataset-30subset\dataset\images\field\ulmus_pumila\13291736095272.jpg,ulmus_pumila,field
data\raw\5061353\leafsnap-dataset-30subset\dataset\images\field\ulmus_pumila\13291736095321.jpg,ulmus_pumila,field
data\raw\5061353\leafsnap-dataset-30subset\dataset\images\field\ulmus_pumila\13291736095350.jpg,ulmus_pumila,field
data\raw\5061353\leafsnap-dataset-30subset\dataset\images\field\ulmus_pumila\13291736095581.jpg,ulmus_pumila,field
data\raw\5061353\leafsnap-dataset-30subset\dataset\images\field\ulmus_pumila\13291736095728.jpg,ulmus_pumila,field
data\raw\5061353\leafsnap-dataset-30subset\dataset\images\field\ulmus_pumila\13291736095802.jpg,ulmus_pumila,field
data\raw\5061353\leafsnap-dataset-30subset\dataset\images\field\ulmus_pumila\13291736095846.jpg,ulmus_pumila,field
data\raw\5061353\leafsnap-dataset-30subset\dataset\images\field\ulmus_pumila\13291736095875.jpg,ulmus_pumila,field
data\raw\5061353\leafsnap-dataset-30subset\dataset\images\field\ulmus_pumila\13291736096149.jpg,ulmus_pumila,field
data\raw\5061353\leafsnap-dataset-30subset\dataset\images\field\ulmus_pumila\13291736096249.jpg,ulmus_pumila,field
data\raw\5061353\leafsnap-dataset-30subset\dataset\images\field\ulmus_pumila\13291736096363.jpg,ulmus_pumila,field
data\raw\5061353\leafsnap-dataset-30subset\dataset\images\field\ulmus_pumila\13291736096370.jpg,ulmus_pumila,field
data\raw\5061353\leafsnap-dataset-30subset\dataset\images\field\ulmus_pumila\13291736096677.jpg,ulmus_pumila,field
data\raw\5061353\leafsnap-dataset-30subset\dataset\images\field\ulmus_pumila\13291736096729.jpg,ulmus_pumila,field
data\raw\5061353\leafsnap-dataset-30subset\dataset\images\field\ulmus_pumila\13291736096844.jpg,ulmus_pumila,field
data\raw\5061353\leafsnap-dataset-30subset\dataset\images\field\ulmus_pumila\13291736096897.jpg,ulmus_pumila,field
data\raw\5061353\leafsnap-dataset-30subset\dataset\images\field\ulmus_pumila\13291736097120.jpg,ulmus_pumila,field
data\raw\5061353\leafsnap-dataset-30subset\dataset\images\field\ulmus_pumila\13291736097130.jpg,ulmus_pumila,field
data\raw\5061353\leafsnap-dataset-30subset\dataset\images\field\ulmus_pumila\13291736097411.jpg,ulmus_pumila,field
data\raw\5061353\leafsnap-dataset-30subset\dataset\images\field\ulmus_pumila\13291736097599.jpg,ulmus_pumila,field
data\raw\5061353\leafsnap-dataset-30subset\dataset\images\field\ulmus_pumila\13291736097618.jpg,ulmus_pumila,field
data\raw\5061353\leafsnap-dataset-30subset\dataset\images\field\ulmus_pumila\13291736097915.jpg,ulmus_pumila,field
data\raw\5061353\leafsnap-dataset-30subset\dataset\images\field\ulmus_pumila\13291736097986.jpg,ulmus_pumila,field
data\raw\5061353\leafsnap-dataset-30subset\dataset\images\field\ulmus_pumila\13291736098058.jpg,ulmus_pumila,field
data\raw\5061353\leafsnap-dataset-30subset\dataset\images\field\ulmus_pumila\13291736098133.jpg,ulmus_pumila,field
data\raw\5061353\leafsnap-dataset-30subset\dataset\images\field\ulmus_pumila\13291736098499.jpg,ulmus_pumila,field
data\raw\5061353\leafsnap-dataset-30subset\dataset\images\field\ulmus_pumila\13291736098611.jpg,ulmus_pumila,field
data\raw\5061353\leafsnap-dataset-30subset\dataset\images\field\ulmus_pumila\13291736098642.jpg,ulmus_pumila,field
data\raw\5061353\leafsnap-dataset-30subset\dataset\images\field\ulmus_pumila\13291736098862.jpg,ulmus_pumila,field
data\raw\5061353\leafsnap-dataset-30subset\dataset\images\field\ulmus_pumila\13291736099130.jpg,ulmus_pumila,field
data\raw\5061353\leafsnap-dataset-30subset\dataset\images\field\ulmus_pumila\13291736099162.jpg,ulmus_pumila,field
data\raw\5061353\leafsnap-dataset-30subset\dataset\images\field\ulmus_pumila\13291736099218.jpg,ulmus_pumila,field
data\raw\5061353\leafsnap-dataset-30subset\dataset\images\field\ulmus_pumila\13291736099764.jpg,ulmus_pumila,field
data\raw\5061353\leafsnap-dataset-30subset\dataset\images\field\ulmus_pumila\13291736099800.jpg,ulmus_pumila,field
data\raw\5061353\leafsnap-dataset-30subset\dataset\images\field\ulmus_rubra\13002228280378.jpg,ulmus_rubra,field
data\raw\5061353\leafsnap-dataset-30subset\dataset\images\field\ulmus_rubra\13002228280448.jpg,ulmus_rubra,field
data\raw\5061353\leafsnap-dataset-30subset\dataset\images\field\ulmus_rubra\13002228280467.jpg,ulmus_rubra,field
data\raw\5061353\leafsnap-dataset-30subset\dataset\images\field\ulmus_rubra\13002228280523.jpg,ulmus_rubra,field
data\raw\5061353\leafsnap-dataset-30subset\dataset\images\field\ulmus_rubra\13002228280624.jpg,ulmus_rubra,field
data\raw\5061353\leafsnap-dataset-30subset\dataset\images\field\ulmus_rubra\13002228280665.jpg,ulmus_rubra,field
data\raw\5061353\leafsnap-dataset-30subset\dataset\images\field\ulmus_rubra\13002228280806.jpg,ulmus_rubra,field
data\raw\5061353\leafsnap-dataset-30subset\dataset\images\field\ulmus_rubra\13002228281135.jpg,ulmus_rubra,field
data\raw\5061353\leafsnap-dataset-30subset\dataset\images\field\ulmus_rubra\13002228281410.jpg,ulmus_rubra,field
data\raw\5061353\leafsnap-dataset-30subset\dataset\images\field\ulmus_rubra\13002228281697.jpg,ulmus_rubra,field
data\raw\5061353\leafsnap-dataset-30subset\dataset\images\field\ulmus_rubra\13002228281960.jpg,ulmus_rubra,field
data\raw\5061353\leafsnap-dataset-30subset\dataset\images\field\ulmus_rubra\13002228281993.jpg,ulmus_rubra,field
data\raw\5061353\leafsnap-dataset-30subset\dataset\images\field\ulmus_rubra\13002228282365.jpg,ulmus_rubra,field
data\raw\5061353\leafsnap-dataset-30subset\dataset\images\field\ulmus_rubra\13002228282488.jpg,ulmus_rubra,field
data\raw\5061353\leafsnap-dataset-30subset\dataset\images\field\ulmus_rubra\13002228282613.jpg,ulmus_rubra,field
data\raw\5061353\leafsnap-dataset-30subset\dataset\images\field\ulmus_rubra\13002228282655.jpg,ulmus_rubra,field
data\raw\5061353\leafsnap-dataset-30subset\dataset\images\field\ulmus_rubra\13002228283208.jpg,ulmus_rubra,field
data\raw\5061353\leafsnap-dataset-30subset\dataset\images\field\ulmus_rubra\13002228283530.jpg,ulmus_rubra,field
data\raw\5061353\leafsnap-dataset-30subset\dataset\images\field\ulmus_rubra\13002228283598.jpg,ulmus_rubra,field
data\raw\5061353\leafsnap-dataset-30subset\dataset\images\field\ulmus_rubra\13002228283660.jpg,ulmus_rubra,field
data\raw\5061353\leafsnap-dataset-30subset\dataset\images\field\ulmus_rubra\13002228283746.jpg,ulmus_rubra,field
data\raw\5061353\leafsnap-dataset-30subset\dataset\images\field\ulmus_rubra\13002228283889.jpg,ulmus_rubra,field
data\raw\5061353\leafsnap-dataset-30subset\dataset\images\field\ulmus_rubra\13002228284176.jpg,ulmus_rubra,field
data\raw\5061353\leafsnap-dataset-30subset\dataset\images\field\ulmus_rubra\13002228284435.jpg,ulmus_rubra,field
data\raw\5061353\leafsnap-dataset-30subset\dataset\images\field\ulmus_rubra\13002228284484.jpg,ulmus_rubra,field
data\raw\5061353\leafsnap-dataset-30subset\dataset\images\field\ulmus_rubra\13002228285070.jpg,ulmus_rubra,field
data\raw\5061353\leafsnap-dataset-30subset\dataset\images\field\ulmus_rubra\13002228285126.jpg,ulmus_rubra,field
data\raw\5061353\leafsnap-dataset-30subset\dataset\images\field\ulmus_rubra\13002228286176.jpg,ulmus_rubra,field
data\raw\5061353\leafsnap-dataset-30subset\dataset\images\field\ulmus_rubra\13002228286358.jpg,ulmus_rubra,field
data\raw\5061353\leafsnap-dataset-30subset\dataset\images\field\ulmus_rubra\13002228286462.jpg,ulmus_rubra,field
data\raw\5061353\leafsnap-dataset-30subset\dataset\images\field\ulmus_rubra\13002228286681.jpg,ulmus_rubra,field
data\raw\5061353\leafsnap-dataset-30subset\dataset\images\field\ulmus_rubra\13002228286924.jpg,ulmus_rubra,field
data\raw\5061353\leafsnap-dataset-30subset\dataset\images\field\ulmus_rubra\13002228286973.jpg,ulmus_rubra,field
data\raw\5061353\leafsnap-dataset-30subset\dataset\images\field\ulmus_rubra\13002228286974.jpg,ulmus_rubra,field
data\raw\5061353\leafsnap-dataset-30subset\dataset\images\field\ulmus_rubra\13002228287299.jpg,ulmus_rubra,field
data\raw\5061353\leafsnap-dataset-30subset\dataset\images\field\ulmus_rubra\13002228287890.jpg,ulmus_rubra,field
data\raw\5061353\leafsnap-dataset-30subset\dataset\images\field\ulmus_rubra\13002228288002.jpg,ulmus_rubra,field
data\raw\5061353\leafsnap-dataset-30subset\dataset\images\field\ulmus_rubra\13002228288030.jpg,ulmus_rubra,field
data\raw\5061353\leafsnap-dataset-30subset\dataset\images\field\ulmus_rubra\13002228288205.jpg,ulmus_rubra,field
data\raw\5061353\leafsnap-dataset-30subset\dataset\images\field\ulmus_rubra\13002228288206.jpg,ulmus_rubra,field
data\raw\5061353\leafsnap-dataset-30subset\dataset\images\field\ulmus_rubra\13002228288363.jpg,ulmus_rubra,field
data\raw\5061353\leafsnap-dataset-30subset\dataset\images\field\ulmus_rubra\13002228288764.jpg,ulmus_rubra,field
data\raw\5061353\leafsnap-dataset-30subset\dataset\images\field\ulmus_rubra\13002228288852.jpg,ulmus_rubra,field
data\raw\5061353\leafsnap-dataset-30subset\dataset\images\field\ulmus_rubra\13002228288982.jpg,ulmus_rubra,field
data\raw\5061353\leafsnap-dataset-30subset\dataset\images\field\ulmus_rubra\13002228289443.jpg,ulmus_rubra,field
data\raw\5061353\leafsnap-dataset-30subset\dataset\images\field\ulmus_rubra\13002228289469.jpg,ulmus_rubra,field
data\raw\5061353\leafsnap-dataset-30subset\dataset\images\field\ulmus_rubra\13002228289542.jpg,ulmus_rubra,field
data\raw\5061353\leafsnap-dataset-30subset\dataset\images\field\ulmus_rubra\13002228289903.jpg,ulmus_rubra,field
data\raw\5061353\leafsnap-dataset-30subset\dataset\images\field\ulmus_rubra\13002228289962.jpg,ulmus_rubra,field
